link,t,x,delta_t,delta_x,q,k,v
-1191414433,0,0,120,30,0.125,0.020833333333333322,6.0000000000000036
-1191414433,0,30,120,30,0.125,0.02083333333333333,6.000000000000002
-1191414433,120,0,120,30,0.25,0.05208333333333335,4.799999999999999
-1191414433,120,30,120,30,0.25,0.041666666666666664,6.0
-1191414433,240,0,120,30,0.4583333333333333,0.10995370370370372,4.168421052631579
-1191414433,240,30,120,30,0.4444444444444445,0.07407407407407408,6.0
-1191414433,360,0,120,30,0.125,0.020833333333333308,6.000000000000007
-1191414433,360,30,120,30,0.1388888888888889,0.02314814814814817,5.999999999999995
-1191414433,480,0,120,30,0.08333333333333333,0.01388888888888889,5.999999999999999
-1191414433,480,30,120,30,0.08333333333333333,0.01388888888888889,5.999999999999999
-1191414433,600,0,120,30,0.041666666666666664,0.006944444444444445,5.999999999999999
-1191414433,600,30,120,30,0.041666666666666664,0.006944444444444445,5.999999999999999
-1191414433,720,0,120,30,0.0,0.0,6.0
-1191414433,720,30,120,30,0.0,0.0,6.0
-1191414433,840,0,120,30,0.041666666666666664,0.006944444444444445,5.999999999999999
-1191414433,840,30,120,30,0.041666666666666664,0.006944444444444445,5.999999999999999
-1191414433,960,0,120,30,0.2916666666666667,0.04861111111111111,6.0
-1191414433,960,30,120,30,0.2916666666666667,0.04861111111111108,6.000000000000004
-1191414433,1080,0,120,30,0.07916666666666666,0.013194444444444444,6.0
-1191414433,1080,30,120,30,0.041666666666666664,0.006944444444444445,5.999999999999999
-1191414433,1200,0,120,30,0.4569444444444445,0.09236111111111099,4.947368421052638
-1191414433,1200,30,120,30,0.4583333333333333,0.07638888888888896,5.999999999999994
-1191414433,1320,0,120,30,0.17222222222222222,0.0486111111111111,3.5428571428571436
-1191414433,1320,30,120,30,0.20833333333333334,0.034722222222222286,5.999999999999989
-1191414433,1440,0,120,30,0.0,0.0,6.0
-1191414433,1440,30,120,30,0.0,0.0,6.0
-1191414433,1560,0,120,30,0.20833333333333334,0.03472222222222211,6.0000000000000195
-1191414433,1560,30,120,30,0.20833333333333334,0.034722222222222224,6.0
-1191414433,1680,0,120,30,0.20833333333333334,0.03472222222222247,5.999999999999958
-1191414433,1680,30,120,30,0.20833333333333334,0.03472222222222208,6.000000000000025
-1191414433,1800,0,120,30,0.375,0.07986111111111112,4.695652173913043
-1191414433,1800,30,120,30,0.375,0.06250000000000001,5.999999999999999
-1191414433,1920,0,120,30,0.3333333333333333,0.09691358024691359,3.4394904458598723
-1191414433,1920,30,120,30,0.3097222222222222,0.06905864197530882,4.484916201117306
-1191414433,2040,0,120,30,0.44166666666666665,0.1401388888888889,3.1516352824578786
-1191414433,2040,30,120,30,0.4402777777777778,0.11145833333333255,3.950155763239904
-1191414433,2160,0,120,30,0.43333333333333335,0.11375,3.8095238095238093
-1191414433,2160,30,120,30,0.4583333333333333,0.08564814814814792,5.351351351351365
-1191414433,2280,0,120,30,0.125,0.020833333333333332,6.0
-1191414433,2280,30,120,30,0.125,0.02083333333333352,5.999999999999947
-1191414433,2400,0,120,30,0.1375,0.022916666666666665,6.000000000000001
-1191414433,2400,30,120,30,0.125,0.020833333333333332,6.0
-1191414433,2520,0,120,30,0.19583333333333333,0.03941798941799,4.968120805369055
-1191414433,2520,30,120,30,0.18472222222222223,0.037566137566137296,4.9172535211267965
-1191414433,2640,0,120,30,0.2916666666666667,0.07013888888888868,4.158415841584171
-1191414433,2640,30,120,30,0.3152777777777778,0.05879629629629659,5.362204724409423
-1191414433,2760,0,120,30,0.2263888888888889,0.05941358024691358,3.81038961038961
-1191414433,2760,30,120,30,0.17777777777777776,0.04012345679012345,4.430769230769231
-1191414433,2880,0,120,30,0.4402777777777778,0.13652777777777778,3.2248219735503563
-1191414433,2880,30,120,30,0.4652777777777778,0.10694444444444387,4.350649350649374
-1191414433,3000,0,120,30,0.25,0.052546296296296084,4.757709251101341
-1191414433,3000,30,120,30,0.27361111111111114,0.04849537037037055,5.64200477326967
-1191414433,3120,0,120,30,0.3333333333333333,0.06134259259259281,5.4339622641509235
-1191414433,3120,30,120,30,0.29444444444444445,0.05185185185185167,5.678571428571448
-1191414433,3240,0,120,30,0.375,0.07291666666666582,5.142857142857202
-1191414433,3240,30,120,30,0.41388888888888886,0.07453703703703747,5.552795031055868
-1191414433,3360,0,120,30,0.0,0.0,6.0
-1191414433,3360,30,120,30,0.0,0.0,6.0
-1191414433,3480,0,120,30,0.0,0.0,6.0
-1191414433,3480,30,120,30,0.0,0.0,6.0
-1191414433,3600,0,120,30,0.125,0.020833333333333606,5.999999999999922
-1191414433,3600,30,120,30,0.125,0.02083333333333317,6.000000000000047
-1191414433,3720,0,120,30,0.125,0.020833333333333426,5.999999999999973
-1191414433,3720,30,120,30,0.125,0.020833333333333277,6.000000000000016
-1191414433,3840,0,120,30,0.24027777777777776,0.06111111111111111,3.9318181818181817
-1191414433,3840,30,120,30,0.20833333333333334,0.040972222222222215,5.084745762711865
-1191414433,3960,0,120,30,0.09305555555555554,0.015509259259259679,5.999999999999837
-1191414433,3960,30,120,30,0.125,0.020833333333332836,6.000000000000143
-1191414433,4080,0,120,30,0.0,0.0,6.0
-1191414433,4080,30,120,30,0.0,0.0,6.0
-1191414433,4200,0,120,30,0.4166666666666667,0.08003917378917338,5.205784204671884
-1191414433,4200,30,120,30,0.3861111111111111,0.07621082621082623,5.066355140186915
-1191414433,4320,0,120,30,0.4583333333333333,0.07717592592592719,5.938812237552392
-1191414433,4320,30,120,30,0.4569444444444445,0.0807449494949495,5.6591086786552
-1191414433,4440,0,120,30,0.20416666666666666,0.03402777777777735,6.000000000000075
-1191414433,4440,30,120,30,0.1986111111111111,0.041435185185185186,4.793296089385475
-1191414433,4560,0,120,30,0.0875,0.014583333333333334,5.999999999999999
-1191414433,4560,30,120,30,0.125,0.020833333333333332,6.0
-1191414433,4680,0,120,30,0.041666666666666664,0.006944444444444445,5.999999999999999
-1191414433,4680,30,120,30,0.0375,0.00625,5.999999999999999
-1191414433,4800,0,120,30,0.3333333333333333,0.07870370370370372,4.235294117647058
-1191414433,4800,30,120,30,0.3375,0.05625000000000045,5.999999999999952
-1191414433,4920,0,120,30,0.125,0.020833333333333332,6.0
-1191414433,4920,30,120,30,0.125,0.020833333333333332,6.0
-1191414433,5040,0,120,30,0.20833333333333334,0.06801587301587302,3.0630105017502918
-1191414433,5040,30,120,30,0.18472222222222223,0.04661044973545011,3.9631074849237002
-1191414433,5160,0,120,30,0.25,0.05833333333333376,4.2857142857142545
-1191414433,5160,30,120,30,0.27361111111111114,0.052546296296295585,5.207048458149851
-1191414433,5280,0,120,30,0.0,0.0,6.0
-1191414433,5280,30,120,30,0.0,0.0,6.0
-1191414433,5400,0,120,30,0.125,0.020833333333331712,6.000000000000467
-1191414433,5400,30,120,30,0.11845238095238095,0.01974206349206397,5.999999999999854
-1191414433,5520,0,120,30,0.0,0.0,6.0
-1191414433,5520,30,120,30,0.006547619047619058,0.001091269841270173,5.9999999999981855
-1191414433,5640,0,120,30,0.041666666666666664,0.006944444444444445,5.999999999999999
-1191414433,5640,30,120,30,0.041666666666666664,0.006944444444444445,5.999999999999999
-1191414433,5760,0,120,30,0.39166666666666666,0.09248575498575498,4.234886407393146
-1191414433,5760,30,120,30,0.375,0.06794871794871828,5.5188679245282755
-1191414433,5880,0,120,30,0.025,0.004166666666666667,6.0
-1191414433,5880,30,120,30,0.041666666666666664,0.006944444444444445,5.999999999999999
-1191414433,6000,0,120,30,0.0,0.0,6.0
-1191414433,6000,30,120,30,0.0,0.0,6.0
-1191414433,6120,0,120,30,0.0,0.0,6.0
-1191414433,6120,30,120,30,0.0,0.0,6.0
-1191414433,6240,0,120,30,0.041666666666666664,0.006944444444444445,5.999999999999999
-1191414433,6240,30,120,30,0.041666666666666664,0.006944444444444445,5.999999999999999
-1191414433,6360,0,120,30,0.20833333333333334,0.034722222222222224,6.0
-1191414433,6360,30,120,30,0.20833333333333334,0.034722222222222224,6.0
-1191414433,6480,0,120,30,0.0,0.0,6.0
-1191414433,6480,30,120,30,0.0,0.0,6.0
-1191414433,6600,0,120,30,0.041666666666666664,0.006944444444444445,5.999999999999999
-1191414433,6600,30,120,30,0.0375,0.00625,5.999999999999999
-1191414433,6720,0,120,30,0.09722222222222222,0.02662037037037037,3.6521739130434785
-1191414433,6720,30,120,30,0.0875,0.01458333333333371,5.999999999999845
-1191414433,6840,0,120,30,0.42083333333333334,0.14013083735909823,3.003145783357513
-1191414433,6840,30,120,30,0.4166666666666667,0.10891706924315664,3.825540565514677
-1191414433,6960,0,120,30,0.4513888888888889,0.13935185185185184,3.239202657807309
-1191414433,6960,30,120,30,0.4583333333333333,0.10416666666666657,4.400000000000004
-1191414433,7080,0,120,30,0.21805555555555556,0.040277777777777364,5.413793103448332
-1191414433,7080,30,120,30,0.20833333333333334,0.03472222222222223,5.999999999999999
-237659844#6,0,0,120,70,0.041666666666666664,0.0029761904761904773,13.999999999999995
-237659844#6,0,70,120,70,0.041666666666666664,0.0029761904761904765,13.999999999999998
-237659844#6,0,140,120,70,0.041666666666666664,0.0029761904761904765,13.999999999999998
-237659844#6,120,0,120,70,0.3333333333333333,0.02827380952380952,11.789473684210527
-237659844#6,120,70,120,70,0.3333333333333333,0.02380952380952381,13.999999999999998
-237659844#6,120,140,120,70,0.3333333333333333,0.02465986394557823,13.517241379310343
-237659844#6,240,0,120,70,0.20833333333333334,0.014880952380952366,14.000000000000014
-237659844#6,240,70,120,70,0.20833333333333334,0.014880952380952382,14.0
-237659844#6,240,140,120,70,0.20833333333333334,0.014880952380952382,14.0
-237659844#6,360,0,120,70,0.08333333333333333,0.005952380952380957,13.999999999999988
-237659844#6,360,70,120,70,0.041666666666666664,0.0029761904761904765,13.999999999999998
-237659844#6,360,140,120,70,0.041666666666666664,0.0029761904761904765,13.999999999999998
-237659844#6,480,0,120,70,0.5416666666666666,0.038690476190476206,13.999999999999993
-237659844#6,480,70,120,70,0.45833333333333337,0.03273809523809523,14.000000000000004
-237659844#6,480,140,120,70,0.45833333333333337,0.03273809523809523,14.000000000000004
-237659844#6,600,0,120,70,0.3333333333333333,0.025085034013605366,13.288135593220378
-237659844#6,600,70,120,70,0.45833333333333337,0.03273809523809523,14.000000000000004
-237659844#6,600,140,120,70,0.45833333333333337,0.03273809523809523,14.000000000000004
-237659844#6,720,0,120,70,0.0,0.0,14.0
-237659844#6,720,70,120,70,0.0,0.0,14.0
-237659844#6,720,140,120,70,0.0,0.0,14.0
-237659844#6,840,0,120,70,0.2916666666666667,0.020833333333333436,13.999999999999932
-237659844#6,840,70,120,70,0.2916666666666667,0.020833333333333332,14.000000000000002
-237659844#6,840,140,120,70,0.2916666666666667,0.020833333333333332,14.000000000000002
-237659844#6,960,0,120,70,0.1130952380952381,0.008078231292517047,13.99999999999993
-237659844#6,960,70,120,70,0.08333333333333333,0.005952380952380953,13.999999999999998
-237659844#6,960,140,120,70,0.08333333333333333,0.005952380952380953,13.999999999999998
-237659844#6,1080,0,120,70,0.17857142857142858,0.012967687074829932,13.770491803278688
-237659844#6,1080,70,120,70,0.20833333333333334,0.014880952380952382,14.0
-237659844#6,1080,140,120,70,0.20833333333333334,0.014897305075876506,13.98463227222832
-237659844#6,1200,0,120,70,0.08333333333333333,0.005952380952380894,14.000000000000137
-237659844#6,1200,70,120,70,0.08333333333333333,0.005952380952380953,13.999999999999998
-237659844#6,1200,140,120,70,0.08333333333333333,0.005952380952380953,13.999999999999998
-237659844#6,1320,0,120,70,0.16666666666666666,0.01211734693877551,13.75438596491228
-237659844#6,1320,70,120,70,0.16666666666666666,0.011904761904761906,13.999999999999998
-237659844#6,1320,140,120,70,0.16666666666666666,0.011904761904761904,14.0
-237659844#6,1440,0,120,70,0.20833333333333334,0.017006802721088378,12.250000000000043
-237659844#6,1440,70,120,70,0.20833333333333334,0.014916383219954648,13.966745843230404
-237659844#6,1440,140,120,70,0.20833333333333334,0.015270691609977322,13.642691415313228
-237659844#6,1560,0,120,70,0.26785714285714285,0.019132653061224567,13.999999999999943
-237659844#6,1560,70,120,70,0.25,0.017857142857142856,14.0
-237659844#6,1560,140,120,70,0.25,0.017857142857142856,14.0
-237659844#6,1680,0,120,70,0.1904761904761905,0.013605442176870786,13.999999999999963
-237659844#6,1680,70,120,70,0.20833333333333334,0.014880952380952382,14.0
-237659844#6,1680,140,120,70,0.20833333333333334,0.014880952380952382,14.0
-237659844#6,1800,0,120,70,0.4017857142857143,0.030824829931972754,13.034482758620705
-237659844#6,1800,70,120,70,0.375,0.026785714285714284,14.0
-237659844#6,1800,140,120,70,0.30952380952380953,0.022108843537414966,14.0
-237659844#6,1920,0,120,70,0.5565476190476191,0.0442176870748299,12.586538461538472
-237659844#6,1920,70,120,70,0.5833333333333334,0.051481009070294785,11.331039229181005
-237659844#6,1920,140,120,70,0.6488095238095237,0.10838293650793651,5.986270022883295
-237659844#6,2040,0,120,70,0.08333333333333333,0.005952380952380991,13.999999999999908
-237659844#6,2040,70,120,70,0.08333333333333333,0.005952380952380953,13.999999999999998
-237659844#6,2040,140,120,70,0.08333333333333333,0.005952380952380953,13.999999999999998
-237659844#6,2160,0,120,70,0.4166666666666667,0.03252551020408179,12.81045751633981
-237659844#6,2160,70,120,70,0.4166666666666667,0.029761904761904764,14.0
-237659844#6,2160,140,120,70,0.4166666666666667,0.041666666666666664,10.000000000000002
-237659844#6,2280,0,120,70,0.2916666666666667,0.02147108843537438,13.584158415841438
-237659844#6,2280,70,120,70,0.2916666666666667,0.020833333333333332,14.000000000000002
-237659844#6,2280,140,120,70,0.2916666666666667,0.02083333333333336,13.999999999999982
-237659844#6,2400,0,120,70,0.08333333333333333,0.005952380952380991,13.999999999999908
-237659844#6,2400,70,120,70,0.04761904761904762,0.0034013605442176874,14.0
-237659844#6,2400,140,120,70,0.041666666666666664,0.0029761904761904765,13.999999999999998
-237659844#6,2520,0,120,70,0.0,0.0,14.0
-237659844#6,2520,70,120,70,0.03571428571428571,0.002551020408163265,14.0
-237659844#6,2520,140,120,70,0.041666666666666664,0.0029761904761904765,13.999999999999998
-237659844#6,2640,0,120,70,0.5833333333333334,0.04492630385487536,12.984227129337519
-237659844#6,2640,70,120,70,0.5833333333333334,0.042091836734693876,13.85858585858586
-237659844#6,2640,140,120,70,0.5833333333333334,0.042446145124716554,13.742904841402337
-237659844#6,2760,0,120,70,0.16666666666666666,0.01190476190476202,13.999999999999863
-237659844#6,2760,70,120,70,0.16666666666666666,0.011904761904761906,13.999999999999998
-237659844#6,2760,140,120,70,0.16666666666666666,0.011904761904761906,13.999999999999998
-237659844#6,2880,0,120,70,0.45833333333333337,0.03320578231292517,13.802816901408452
-237659844#6,2880,70,120,70,0.45833333333333337,0.03277573324411732,13.983923103096293
-237659844#6,2880,140,120,70,0.45833333333333337,0.033105735989225456,13.844529343268546
-237659844#6,3000,0,120,70,0.16666666666666666,0.011904761904761906,13.999999999999998
-237659844#6,3000,70,120,70,0.16666666666666666,0.011904761904761906,13.999999999999998
-237659844#6,3000,140,120,70,0.16666666666666666,0.011904761904761906,13.999999999999998
-237659844#6,3120,0,120,70,0.0,0.0,14.0
-237659844#6,3120,70,120,70,0.0,0.0,14.0
-237659844#6,3120,140,120,70,0.0,0.0,14.0
-237659844#6,3240,0,120,70,0.08333333333333333,0.005952380952380991,13.999999999999908
-237659844#6,3240,70,120,70,0.08333333333333333,0.005952380952380953,13.999999999999998
-237659844#6,3240,140,120,70,0.08333333333333333,0.005952380952380953,13.999999999999998
-237659844#6,3360,0,120,70,0.25,0.01785714285714297,13.999999999999911
-237659844#6,3360,70,120,70,0.25,0.017857142857142856,14.0
-237659844#6,3360,140,120,70,0.25,0.017857142857142856,14.0
-237659844#6,3480,0,120,70,0.16666666666666666,0.011904761904761906,13.999999999999998
-237659844#6,3480,70,120,70,0.16666666666666666,0.011904761904761906,13.999999999999998
-237659844#6,3480,140,120,70,0.125,0.008928571428571428,14.0
-237659844#6,3600,0,120,70,0.375,0.026785714285714555,13.99999999999986
-237659844#6,3600,70,120,70,0.375,0.026785714285714284,14.0
-237659844#6,3600,140,120,70,0.375,0.026785714285714295,13.999999999999995
-237659844#6,3720,0,120,70,0.08333333333333333,0.005952380952380953,13.999999999999998
-237659844#6,3720,70,120,70,0.08333333333333333,0.005952380952380953,13.999999999999998
-237659844#6,3720,140,120,70,0.125,0.008928571428571428,14.0
-237659844#6,3840,0,120,70,0.08333333333333333,0.005952380952380797,14.000000000000366
-237659844#6,3840,70,120,70,0.08333333333333333,0.005952380952380952,14.0
-237659844#6,3840,140,120,70,0.08333333333333333,0.005952380952380952,14.0
-237659844#6,3960,0,120,70,0.20833333333333334,0.014880952380952458,13.999999999999927
-237659844#6,3960,70,120,70,0.1845238095238095,0.013180272108843536,14.0
-237659844#6,3960,140,120,70,0.16666666666666666,0.011904761904761906,13.999999999999998
-237659844#6,4080,0,120,70,0.25,0.017857142857142856,14.0
-237659844#6,4080,70,120,70,0.27380952380952384,0.0195578231292517,14.0
-237659844#6,4080,140,120,70,0.2916666666666667,0.020833333333333332,14.000000000000002
-237659844#6,4200,0,120,70,0.375,0.02678571428571475,13.999999999999758
-237659844#6,4200,70,120,70,0.375,0.026785714285714284,14.0
-237659844#6,4200,140,120,70,0.375,0.026785714285714298,13.999999999999993
-237659844#6,4320,0,120,70,0.25,0.01785714285714185,14.00000000000079
-237659844#6,4320,70,120,70,0.21428571428571427,0.015306122448979595,13.999999999999996
-237659844#6,4320,140,120,70,0.20833333333333334,0.014880952380952382,14.0
-237659844#6,4440,0,120,70,0.25,0.018069727891156698,13.835294117646878
-237659844#6,4440,70,120,70,0.2857142857142857,0.02040816326530612,14.0
-237659844#6,4440,140,120,70,0.2916666666666667,0.020833333333333322,14.000000000000009
-237659844#6,4560,0,120,70,0.0,0.0,14.0
-237659844#6,4560,70,120,70,0.0,0.0,14.0
-237659844#6,4560,140,120,70,0.0,0.0,14.0
-237659844#6,4680,0,120,70,0.041666666666666664,0.0029761904761904765,13.999999999999998
-237659844#6,4680,70,120,70,0.041666666666666664,0.0029761904761904765,13.999999999999998
-237659844#6,4680,140,120,70,0.041666666666666664,0.0029761904761904765,13.999999999999998
-237659844#6,4800,0,120,70,0.2916666666666667,0.020833333333332715,14.000000000000417
-237659844#6,4800,70,120,70,0.2916666666666667,0.020833333333333332,14.000000000000002
-237659844#6,4800,140,120,70,0.2916666666666667,0.020833333333333322,14.000000000000009
-237659844#6,4920,0,120,70,0.16666666666666666,0.011904761904762291,13.999999999999545
-237659844#6,4920,70,120,70,0.16666666666666666,0.011904761904761906,13.999999999999998
-237659844#6,4920,140,120,70,0.16666666666666666,0.011904761904761906,13.999999999999998
-237659844#6,5040,0,120,70,0.041666666666666664,0.0029761904761904765,13.999999999999998
-237659844#6,5040,70,120,70,0.041666666666666664,0.0029761904761904765,13.999999999999998
-237659844#6,5040,140,120,70,0.041666666666666664,0.0029761904761904765,13.999999999999998
-237659844#6,5160,0,120,70,0.38690476190476186,0.027636054421768783,13.999999999999961
-237659844#6,5160,70,120,70,0.375,0.026785714285714284,14.0
-237659844#6,5160,140,120,70,0.3333333333333333,0.023809523809523798,14.000000000000005
-237659844#6,5280,0,120,70,0.27976190476190477,0.019982993197278528,14.000000000000268
-237659844#6,5280,70,120,70,0.25,0.017857142857142856,14.0
-237659844#6,5280,140,120,70,0.2916666666666667,0.020833333333333332,14.000000000000002
-237659844#6,5400,0,120,70,0.20833333333333334,0.014880952380951839,14.00000000000051
-237659844#6,5400,70,120,70,0.25,0.017857142857142856,14.0
-237659844#6,5400,140,120,70,0.25,0.017857142857142856,14.0
-237659844#6,5520,0,120,70,0.041666666666666664,0.002976190476190244,14.00000000000109
-237659844#6,5520,70,120,70,0.041666666666666664,0.0029761904761904765,13.999999999999998
-237659844#6,5520,140,120,70,0.041666666666666664,0.0029761904761904765,13.999999999999998
-237659844#6,5640,0,120,70,0.25,0.017857142857143092,13.999999999999815
-237659844#6,5640,70,120,70,0.25,0.017857142857142856,14.0
-237659844#6,5640,140,120,70,0.25,0.01785714285714285,14.000000000000007
-237659844#6,5760,0,120,70,0.041666666666666664,0.0029761904761904765,13.999999999999998
-237659844#6,5760,70,120,70,0.041666666666666664,0.0029761904761904765,13.999999999999998
-237659844#6,5760,140,120,70,0.041666666666666664,0.0029761904761904765,13.999999999999998
-237659844#6,5880,0,120,70,0.20833333333333334,0.015518707482993428,13.424657534246377
-237659844#6,5880,70,120,70,0.20833333333333334,0.014880952380952382,14.0
-237659844#6,5880,140,120,70,0.20833333333333334,0.014880952380952382,14.0
-237659844#6,6000,0,120,70,0.041666666666666664,0.0029761904761904765,13.999999999999998
-237659844#6,6000,70,120,70,0.041666666666666664,0.0029761904761904765,13.999999999999998
-237659844#6,6000,140,120,70,0.041666666666666664,0.0029761904761904765,13.999999999999998
-237659844#6,6120,0,120,70,0.2916666666666667,0.021556122448979666,13.530571992110408
-237659844#6,6120,70,120,70,0.2916666666666667,0.020936954016579308,13.930711527364732
-237659844#6,6120,140,120,70,0.2916666666666667,0.021693093531501027,13.445139405457823
-237659844#6,6240,0,120,70,0.0,0.0,14.0
-237659844#6,6240,70,120,70,0.0,0.0,14.0
-237659844#6,6240,140,120,70,0.0,0.0,14.0
-237659844#6,6360,0,120,70,0.0,0.0,14.0
-237659844#6,6360,70,120,70,0.0,0.0,14.0
-237659844#6,6360,140,120,70,0.0,0.0,14.0
-237659844#6,6480,0,120,70,0.1130952380952381,0.008078231292517007,14.0
-237659844#6,6480,70,120,70,0.08333333333333333,0.005952380952380953,13.999999999999998
-237659844#6,6480,140,120,70,0.07738095238095238,0.0055272108843537416,14.0
-237659844#6,6600,0,120,70,0.26190476190476186,0.018707482993196193,14.00000000000081
-237659844#6,6600,70,120,70,0.26785714285714285,0.01913265306122449,14.0
-237659844#6,6600,140,120,70,0.255952380952381,0.01828231292517007,14.0
-237659844#6,6720,0,120,70,0.125,0.008928571428571197,14.000000000000362
-237659844#6,6720,70,120,70,0.1488095238095238,0.010629251700680272,14.0
-237659844#6,6720,140,120,70,0.125,0.008928571428571428,14.0
-237659844#6,6840,0,120,70,0.5,0.03571428571428494,14.000000000000302
-237659844#6,6840,70,120,70,0.5,0.03571428571428571,14.0
-237659844#6,6840,140,120,70,0.5416666666666666,0.03869047619047619,13.999999999999998
-237659844#6,6960,0,120,70,0.5,0.036777210884353116,13.595375722543583
-237659844#6,6960,70,120,70,0.5,0.0358178527821385,13.959519099071679
-237659844#6,6960,140,120,70,0.5,0.03966618698761556,12.605194448261647
-237659844#6,7080,0,120,70,0.041666666666666664,0.0029761904761904765,13.999999999999998
-237659844#6,7080,70,120,70,0.041666666666666664,0.0029761904761904765,13.999999999999998
-237659844#6,7080,140,120,70,0.041666666666666664,0.0029761904761904765,13.999999999999998
1083818630#0,0,0,120,70,0.041666666666666664,0.0029761904761904765,13.999999999999998
1083818630#0,120,0,120,70,1.056547619047619,0.13619791666666667,7.757443321496859
1083818630#0,240,0,120,70,0.6101190476190477,0.0536298894557823,11.37647408581905
1083818630#0,360,0,120,70,0.48988095238095236,0.035021073646850046,13.988176299815253
1083818630#0,480,0,120,70,0.1767857142857143,0.012627551020408134,14.000000000000034
1083818630#0,600,0,120,70,0.9166666666666667,0.06916075387644934,13.254145093678781
1083818630#0,720,0,120,70,1.1130952380952381,0.1207224295968387,9.220285259437707
1083818630#0,840,0,120,70,0.4702380952380952,0.0364087301587302,12.915531335149847
1083818630#0,960,0,120,70,0.5,0.06772709083633448,7.382570162481542
1083818630#0,1080,0,120,70,0.7916666666666666,0.0565476190476191,13.999999999999986
1083818630#0,1200,0,120,70,0.4166666666666667,0.029976047531081334,13.899986855659892
1083818630#0,1320,0,120,70,0.34910714285714284,0.02493622448979599,13.99999999999996
1083818630#0,1440,0,120,70,0.27589285714285716,0.019706632653061225,14.0
1083818630#0,1560,0,120,70,0.4166666666666667,0.0298569427771108,13.955436421511163
1083818630#0,1680,0,120,70,0.25,0.017857142857142853,14.000000000000004
1083818630#0,1800,0,120,70,0.20833333333333334,0.014957083721813839,13.928740201506931
1083818630#0,1920,0,120,70,0.2916666666666667,0.020833333333333426,13.99999999999994
1083818630#0,2040,0,120,70,0.2916666666666667,0.020891794217686926,13.960824217756397
1083818630#0,2160,0,120,70,0.6648809523809524,0.05003897392290301,13.287261913191111
1083818630#0,2280,0,120,70,0.29345238095238096,0.020960884353741212,14.00000000000019
1083818630#0,2400,0,120,70,0.8985119047619048,0.07246582934578255,12.399111593334679
1083818630#0,2520,0,120,70,0.39285714285714285,0.056548765339468815,6.947227591951402
1083818630#0,2640,0,120,70,1.0505952380952381,0.09100967928679463,11.543774753722026
1083818630#0,2760,0,120,70,0.8885416666666667,0.06369825480989665,13.949230937620854
1083818630#0,2880,0,120,70,1.1441964285714286,0.12733511738028533,8.985709929133648
1083818630#0,3000,0,120,70,1.0068452380952382,0.13237094778660166,7.606240303713752
1083818630#0,3120,0,120,70,0.8264880952380952,0.06813186469715961,12.130712977132873
1083818630#0,3240,0,120,70,0.6053571428571428,0.043356717687074955,13.962245648443204
1083818630#0,3360,0,120,70,0.8113095238095238,0.06577321718160926,12.334952714406262
1083818630#0,3480,0,120,70,0.5833333333333334,0.04177649320597814,13.963195293995126
1083818630#0,3600,0,120,70,0.6666666666666666,0.04771408563425357,13.97211447740857
1083818630#0,3720,0,120,70,0.375,0.02678571428571382,14.000000000000243
1083818630#0,3840,0,120,70,0.3333333333333333,0.02380952380952427,13.999999999999728
1083818630#0,3960,0,120,70,0.3333333333333333,0.02382431233362927,13.99130974549959
1083818630#0,4080,0,120,70,0.6422619047619048,0.04748024209683815,13.526929863836456
1083818630#0,4200,0,120,70,0.35773809523809524,0.025669065703204173,13.936545232086111
1083818630#0,4320,0,120,70,0.12142857142857143,0.008673469387755007,14.000000000000155
1083818630#0,4440,0,120,70,0.5869047619047619,0.04203086895135462,13.963659961064081
1083818630#0,4560,0,120,70,0.20833333333333334,0.014880952380952144,14.000000000000224
1083818630#0,4680,0,120,70,0.2916666666666667,0.020891794217687776,13.960824217755828
1083818630#0,4800,0,120,70,0.872420634920635,0.06705359929552496,13.010795007075167
1083818630#0,4920,0,120,70,0.665674603174603,0.04987185663739113,13.347700447861758
1083818630#0,5040,0,120,70,0.42023809523809524,0.039727786606445985,10.57793879636652
1083818630#0,5160,0,120,70,0.125,0.008928571428570965,14.000000000000727
1083818630#0,5280,0,120,70,0.08333333333333333,0.005952380952381004,13.999999999999877
1083818630#0,5400,0,120,70,0.125,0.008928571428570906,14.000000000000819
1083818630#0,5520,0,120,70,0.5,0.03571428571428625,13.999999999999792
1083818630#0,5640,0,120,70,0.2916666666666667,0.020833333333332982,14.000000000000238
1083818630#0,5760,0,120,70,0.4276785714285714,0.030548469387753904,14.000000000000549
1083818630#0,5880,0,120,70,0.51875,0.07274539190926275,7.131035882617151
1083818630#0,6000,0,120,70,0.5952380952380952,0.048278681910719906,12.329211811102226
1083818630#0,6120,0,120,70,0.36200396825396824,0.02585742630385455,14.000000000000176
1083818630#0,6240,0,120,70,0.6957341269841271,0.08202593537415108,8.481879832404502
1083818630#0,6360,0,120,70,0.2755952380952381,0.021821337340604232,12.629621814352415
1083818630#0,6480,0,120,70,0.041666666666666664,0.002976190476190244,14.00000000000109
1083818630#0,6600,0,120,70,0.375,0.026785714285715627,13.999999999999298
1083818630#0,6720,0,120,70,0.75,0.05606679582210174,13.376901408450866
1083818630#0,6840,0,120,70,0.125,0.008928571428571178,14.000000000000393
1083818630#0,6960,0,120,70,0.5968253968253968,0.060843608276644257,9.809171640704571
1083818630#0,7080,0,120,70,0.06984126984126983,0.004988662131519405,13.99999999999963
1083818630#4,0,0,120,70,0.041666666666666664,0.00297619047619048,13.999999999999982
1083818630#4,120,0,120,70,0.824404761904762,0.0647706738945578,12.728055960122264
1083818630#4,240,0,120,70,0.7589285714285714,0.06390306122448974,11.87624750499003
1083818630#4,360,0,120,70,0.5416666666666666,0.04426020408163263,12.238232468780025
1083818630#4,480,0,120,70,0.4642857142857143,0.033163265306122396,14.000000000000023
1083818630#4,600,0,120,70,0.6190476190476191,0.044217687074829724,14.000000000000066
1083818630#4,720,0,120,70,0.8154761904761905,0.05851333417273058,13.936587309636392
1083818630#4,840,0,120,70,0.4761904761904762,0.04491213151927447,10.602713789839044
1083818630#4,960,0,120,70,0.75,0.060692239858906594,12.3574282600799
1083818630#4,1080,0,120,70,0.6666666666666666,0.05445765910966849,12.241926619065888
1083818630#4,1200,0,120,70,0.45833333333333337,0.032738095238095274,13.999999999999986
1083818630#4,1320,0,120,70,0.45833333333333337,0.03273809523809517,14.00000000000003
1083818630#4,1440,0,120,70,0.2916666666666667,0.020833333333333134,14.000000000000135
1083818630#4,1560,0,120,70,0.3898809523809524,0.027848639455782545,13.999999999999883
1083818630#4,1680,0,120,70,0.19345238095238093,0.01381802721088433,14.000000000000023
1083818630#4,1800,0,120,70,0.2916666666666667,0.02083333333333333,14.000000000000004
1083818630#4,1920,0,120,70,0.16666666666666666,0.011904761904762017,13.999999999999867
1083818630#4,2040,0,120,70,0.16666666666666666,0.011904761904761724,14.000000000000211
1083818630#4,2160,0,120,70,0.3964285714285714,0.028393901420217273,13.961750643618945
1083818630#4,2280,0,120,70,0.3119047619047619,0.022278911564625865,13.999999999999991
1083818630#4,2400,0,120,70,0.5416666666666666,0.0408163265306128,13.270833333333153
1083818630#4,2520,0,120,70,0.46964285714285714,0.03362419580235186,13.967407872101665
1083818630#4,2640,0,120,70,1.1136904761904762,0.08193027210884327,13.593149974052977
1083818630#4,2760,0,120,70,0.7717261904761905,0.055123299319727516,14.000000000000096
1083818630#4,2880,0,120,70,1.0199404761904762,0.07737386621315225,13.181976371462534
1083818630#4,3000,0,120,70,0.8333333333333334,0.07205687830687917,11.564938044974621
1083818630#4,3120,0,120,70,0.9166666666666667,0.06870590828924124,13.341889940638612
1083818630#4,3240,0,120,70,0.45833333333333337,0.032738095238095226,14.000000000000007
1083818630#4,3360,0,120,70,0.5833333333333334,0.041785474837023204,13.960193957553937
1083818630#4,3480,0,120,70,0.5982142857142857,0.04272959183673456,14.000000000000043
1083818630#4,3600,0,120,70,0.7767857142857143,0.0625998620302672,12.408744829343815
1083818630#4,3720,0,120,70,0.3333333333333333,0.023809523809523035,14.000000000000455
1083818630#4,3840,0,120,70,0.3333333333333333,0.023809523809523975,13.999999999999902
1083818630#4,3960,0,120,70,0.513095238095238,0.03664965986394548,14.000000000000037
1083818630#4,4080,0,120,70,0.7785714285714286,0.05799319727891236,13.42521994134879
1083818630#4,4200,0,120,70,0.44985119047619043,0.032132227891157134,13.999999999999707
1083818630#4,4320,0,120,70,0.05014880952380952,0.0035820578231291916,14.000000000000234
1083818630#4,4440,0,120,70,0.5113095238095238,0.03652210884353638,14.000000000000396
1083818630#4,4560,0,120,70,0.3380952380952381,0.02414965986394583,13.999999999999856
1083818630#4,4680,0,120,70,0.31726190476190474,0.02266156462585065,13.999999999999806
1083818630#4,4800,0,120,70,0.7712301587301587,0.06788548752834407,11.360751565762104
1083818630#4,4920,0,120,70,0.7846726190476191,0.06061153628117944,12.945928567253107
1083818630#4,5040,0,120,70,0.15243055555555557,0.010887896825396584,14.000000000000313
1083818630#4,5160,0,120,70,0.125,0.008928571428571763,13.999999999999476
1083818630#4,5280,0,120,70,0.08333333333333333,0.005952380952380927,14.000000000000059
1083818630#4,5400,0,120,70,0.09722222222222222,0.006944444444444832,13.99999999999922
1083818630#4,5520,0,120,70,0.3611111111111111,0.025793650793650674,14.000000000000064
1083818630#4,5640,0,120,70,0.31086309523809524,0.02220450680272144,13.999999999999778
1083818630#4,5760,0,120,70,0.40773809523809523,0.029124149659864904,13.999999999999538
1083818630#4,5880,0,120,70,0.2813988095238095,0.020099914965986704,13.999999999999785
1083818630#4,6000,0,120,70,0.5833333333333334,0.04166666666666715,13.999999999999838
1083818630#4,6120,0,120,70,0.2916666666666667,0.020833333333334158,13.999999999999448
1083818630#4,6240,0,120,70,0.3333333333333333,0.02380952380952381,13.999999999999998
1083818630#4,6360,0,120,70,0.10337301587301588,0.007383786848072305,14.000000000000488
1083818630#4,6480,0,120,70,0.1466269841269841,0.010473356009070666,13.999999999999503
1083818630#4,6600,0,120,70,0.45833333333333337,0.03273809523809486,14.000000000000163
1083818630#4,6720,0,120,70,0.7081845238095238,0.050634904344879626,13.98609384123657
1083818630#4,6840,0,120,70,0.12514880952380952,0.008939200680272546,13.999999999999314
1083818630#4,6960,0,120,70,0.33303571428571427,0.02378826530612301,13.99999999999967
1083818630#4,7080,0,120,70,0.0,0.0,14.0
1094457471#0,0,0,120,70,0.0,0.0,14.0
1094457471#0,120,0,120,70,0.0,0.0,14.0
1094457471#0,240,0,120,70,0.08333333333333333,0.005952380952380962,13.999999999999977
1094457471#0,360,0,120,70,0.041666666666666664,0.0029761904761904656,14.00000000000005
1094457471#0,480,0,120,70,0.041666666666666664,0.002976190476190468,14.000000000000039
1094457471#0,600,0,120,70,0.25,0.01785714285714284,14.000000000000014
1094457471#0,720,0,120,70,0.12708333333333335,0.009077380952380915,14.00000000000006
1094457471#0,840,0,120,70,0.16458333333333333,0.011755952380952372,14.00000000000001
1094457471#0,960,0,120,70,0.18898809523809526,0.013499149659863796,14.000000000000156
1094457471#0,1080,0,120,70,0.35267857142857145,0.02519132653061245,13.999999999999886
1094457471#0,1200,0,120,70,0.08541666666666667,0.006101190476190459,14.00000000000004
1094457471#0,1320,0,120,70,0.20625,0.014732142857142876,13.999999999999982
1094457471#0,1440,0,120,70,0.2336309523809524,0.016687925170068126,13.99999999999992
1094457471#0,1560,0,120,70,0.18303571428571427,0.013073979591836753,13.99999999999998
1094457471#0,1680,0,120,70,0.041666666666666664,0.0029761904761904066,14.000000000000327
1094457471#0,1800,0,120,70,0.041666666666666664,0.002976190476190516,13.999999999999812
1094457471#0,1920,0,120,70,0.25,0.017857142857142804,14.00000000000004
1094457471#0,2040,0,120,70,0.16666666666666666,0.011904761904762386,13.999999999999433
1094457471#0,2160,0,120,70,0.25,0.01785714285714316,13.999999999999762
1094457471#0,2280,0,120,70,0.3333333333333333,0.024762349843518678,13.461296502140337
1094457471#0,2400,0,120,70,0.16666666666666666,0.011904761904762159,13.9999999999997
1094457471#0,2520,0,120,70,0.20833333333333334,0.014880952380952508,13.999999999999881
1094457471#0,2640,0,120,70,0.08333333333333333,0.00595238095238089,14.000000000000147
1094457471#0,2760,0,120,70,0.041666666666666664,0.0029761904761905532,13.999999999999638
1094457471#0,2880,0,120,70,0.25,0.01785714285714293,13.999999999999943
1094457471#0,3000,0,120,70,0.041666666666666664,0.0029761904761904036,14.000000000000341
1094457471#0,3120,0,120,70,0.041666666666666664,0.002976190476190656,13.999999999999153
1094457471#0,3240,0,120,70,0.25,0.017857142857142502,14.000000000000279
1094457471#0,3360,0,120,70,0.125,0.008928571428571478,13.999999999999922
1094457471#0,3480,0,120,70,0.041666666666666664,0.0029761904761903993,14.00000000000036
1094457471#0,3600,0,120,70,0.0,0.0,14.0
1094457471#0,3720,0,120,70,0.0,0.0,14.0
1094457471#0,3840,0,120,70,0.041666666666666664,0.0029761904761904175,14.000000000000275
1094457471#0,3960,0,120,70,0.45833333333333337,0.03273809523809511,14.000000000000057
1094457471#0,4080,0,120,70,0.08333333333333333,0.005952380952380945,14.000000000000016
1094457471#0,4200,0,120,70,0.45833333333333337,0.032738095238094414,14.000000000000353
1094457471#0,4320,0,120,70,0.125,0.008928571428571747,13.9999999999995
1094457471#0,4440,0,120,70,0.041666666666666664,0.0029761904761904765,13.999999999999998
1094457471#0,4560,0,120,70,0.041666666666666664,0.0029761904761904257,14.000000000000236
1094457471#0,4680,0,120,70,0.041666666666666664,0.002976190476190319,14.000000000000739
1094457471#0,4800,0,120,70,0.5779761904761905,0.041284013605444564,13.999999999999192
1094457471#0,4920,0,120,70,0.005357142857142853,0.00038265306122436683,14.000000000004487
1094457471#0,5040,0,120,70,0.0,0.0,14.0
1094457471#0,5160,0,120,70,0.125,0.008928571428571353,14.000000000000117
1094457471#0,5280,0,120,70,0.0,0.0,14.0
1094457471#0,5400,0,120,70,0.0,0.0,14.0
1094457471#0,5520,0,120,70,0.2916666666666667,0.0208333333333336,13.999999999999822
1094457471#0,5640,0,120,70,0.16666666666666666,0.011904761904761687,14.000000000000256
1094457471#0,5760,0,120,70,0.0,0.0,14.0
1094457471#0,5880,0,120,70,0.041666666666666664,0.0029761904761904175,14.000000000000275
1094457471#0,6000,0,120,70,0.2080357142857143,0.014859693877550909,14.000000000000107
1094457471#0,6120,0,120,70,0.2916666666666667,0.02083333333333288,14.000000000000306
1094457471#0,6240,0,120,70,0.16666666666666666,0.011904761904762062,13.999999999999813
1094457471#0,6360,0,120,70,0.16875,0.012053571428571353,14.000000000000089
1094457471#0,6480,0,120,70,0.08125,0.005803571428571352,14.000000000000187
1094457471#0,6600,0,120,70,0.12708333333333335,0.009077380952380575,14.000000000000584
1094457471#0,6720,0,120,70,0.03958333333333334,0.0028273809523809523,14.000000000000002
1094457471#0,6840,0,120,70,0.08333333333333333,0.0059523809523818055,13.999999999997993
1094457471#0,6960,0,120,70,0.08333333333333333,0.005952380952380689,14.000000000000618
1094457471#0,7080,0,120,70,0.0,0.0,14.0
1185662990#0,0,0,120,70,0.21279761904761907,0.015199829931972794,13.999999999999996
1185662990#0,0,70,120,70,0.17738095238095236,0.01267006802721089,13.999999999999993
1185662990#0,120,0,120,70,0.6622023809523809,0.0526624597207304,12.574467361837016
1185662990#0,120,70,120,70,0.6976190476190477,0.07273356562489172,9.591431983643883
1185662990#0,240,0,120,70,0.16666666666666666,0.011904761904761927,13.999999999999973
1185662990#0,240,70,120,70,0.16666666666666666,0.01190476190476191,13.999999999999995
1185662990#0,360,0,120,70,0.3333333333333333,0.02380952380952381,13.999999999999998
1185662990#0,360,70,120,70,0.3333333333333333,0.025558819007158815,13.041812817719372
1185662990#0,480,0,120,70,0.5,0.03821624803767655,13.083440308087312
1185662990#0,480,70,120,70,0.40297619047619043,0.029176478283621098,13.811680304898573
1185662990#0,600,0,120,70,0.5833333333333334,0.14758473564864538,3.9525316135814585
1185662990#0,600,70,120,70,0.6803571428571429,0.13858306480486932,4.90938155982561
1185662990#0,720,0,120,70,0.5,0.046270686637227935,10.805977527848393
1185662990#0,720,70,120,70,0.5,0.053456495902454555,9.353400210002196
1185662990#0,840,0,120,70,0.4166170634920635,0.029843395691609827,13.96010922474185
1185662990#0,840,70,120,70,0.4166666666666667,0.030574452003023417,13.627935723114964
1185662990#0,960,0,120,70,0.20833333333333334,0.015664160401002512,13.299999999999995
1185662990#0,960,70,120,70,0.18095238095238095,0.014673359222231402,12.332035099244521
1185662990#0,1080,0,120,70,0.3333333333333333,0.02402210884353757,13.876106194690175
1185662990#0,1080,70,120,70,0.3607142857142857,0.026172760770975016,13.78204954650063
1185662990#0,1200,0,120,70,0.6978174603174603,0.050075585789871604,13.935283018867896
1185662990#0,1200,70,120,70,0.6345238095238095,0.04783399470899478,13.26512270998961
1185662990#0,1320,0,120,70,0.7349206349206349,0.0718001524512112,10.235641705914476
1185662990#0,1320,70,120,70,0.6821428571428572,0.08290492609762128,8.228013572313278
1185662990#0,1440,0,120,70,0.44226190476190474,0.12524801587301584,3.5310891089108916
1185662990#0,1440,70,120,70,0.5583333333333333,0.15659013605442176,3.5655715449361933
1185662990#0,1560,0,120,70,0.7160714285714286,0.12412268269881058,5.769061810475117
1185662990#0,1560,70,120,70,0.6053571428571428,0.0969503993117715,6.243988133668695
1185662990#0,1680,0,120,70,0.6055059523809524,0.07475875678554227,8.099465245495526
1185662990#0,1680,70,120,70,0.6863095238095238,0.13160448017590873,5.214940425220861
1185662990#0,1800,0,120,70,0.7617559523809524,0.06350977891156488,11.994309623430913
1185662990#0,1800,70,120,70,0.7244047619047619,0.053428711745244044,13.558342289045454
1185662990#0,1920,0,120,70,0.5536210317460316,0.0426232993197281,12.988694929343241
1185662990#0,1920,70,120,70,0.5684523809523809,0.04450216443820847,12.773589512520914
1185662990#0,2040,0,120,70,0.7549107142857143,0.05770975056689392,13.081164047151166
1185662990#0,2040,70,120,70,0.7559523809523809,0.05665985696059489,13.341939452443755
1185662990#0,2160,0,120,70,0.5950396825396825,0.050483846006194676,11.786734363833284
1185662990#0,2160,70,120,70,0.5845238095238094,0.08140902149088079,7.180086418177697
1185662990#0,2280,0,120,70,0.763095238095238,0.13949017335000174,5.470602120340891
1185662990#0,2280,70,120,70,0.7583333333333334,0.1403851100967106,5.40180744817539
1185662990#0,2400,0,120,70,0.594047619047619,0.04580132558073781,12.97009664055338
1185662990#0,2400,70,120,70,0.5833333333333334,0.06886204151038212,8.471043270556914
1185662990#0,2520,0,120,70,0.7470238095238095,0.14226190476190523,5.251046025104586
1185662990#0,2520,70,120,70,0.7470238095238095,0.1566468253968254,4.768841038632046
1185662990#0,2640,0,120,70,0.625,0.18898809523809534,3.3070866141732265
1185662990#0,2640,70,120,70,0.5916666666666667,0.16704931972789117,3.5418681598371085
1185662990#0,2760,0,120,70,0.3,0.21160714285714285,1.4177215189873418
1185662990#0,2760,70,120,70,0.3279761904761905,0.19136904761904763,1.7138413685847589
1185662990#0,2880,0,120,70,0.6613095238095238,0.19974489795918357,3.3107705406555996
1185662990#0,2880,70,120,70,0.6303571428571428,0.16386054421768706,3.8469122989102233
1185662990#0,3000,0,120,70,0.6142857142857143,0.15293367346938794,4.016680567139278
1185662990#0,3000,70,120,70,0.6946428571428571,0.1622874149659864,4.2803248624574275
1185662990#0,3120,0,120,70,0.20833333333333334,0.014880952380951995,14.000000000000364
1185662990#0,3120,70,120,70,0.2416666666666667,0.02090508517456565,11.560185698774024
1185662990#0,3240,0,120,70,0.2916666666666667,0.023483560090703296,12.420036210017921
1185662990#0,3240,70,120,70,0.2916666666666667,0.02083333333333338,13.99999999999997
1185662990#0,3360,0,120,70,0.6666666666666666,0.09231254275864109,7.221842739287582
1185662990#0,3360,70,120,70,0.5590773809523809,0.11038109925215456,5.06497384733617
1185662990#0,3480,0,120,70,0.6773809523809523,0.15229328736445125,4.447871367829365
1185662990#0,3480,70,120,70,0.7075892857142857,0.16096138950629757,4.396018746387632
1185662990#0,3600,0,120,70,0.20833333333333334,0.029761904761905076,6.999999999999926
1185662990#0,3600,70,120,70,0.275,0.06619897959183674,4.154142581888247
1185662990#0,3720,0,120,70,0.11428571428571428,0.008163265306122516,13.999999999999885
1185662990#0,3720,70,120,70,0.10615079365079363,0.007582199546485259,14.0
1185662990#0,3840,0,120,70,0.041666666666666664,0.002976190476190438,14.00000000000018
1185662990#0,3840,70,120,70,0.06051587301587302,0.0043225623582766656,13.999999999999932
1185662990#0,3960,0,120,70,0.38035714285714284,0.04361573576799167,8.720640295520957
1185662990#0,3960,70,120,70,0.27202380952380956,0.04913511457214462,5.536240464533763
1185662990#0,4080,0,120,70,0.3279761904761905,0.02673178263940401,12.26914773699891
1185662990#0,4080,70,120,70,0.4363095238095238,0.06115666819547538,7.1342919207917825
1185662990#0,4200,0,120,70,0.25,0.017857142857142988,13.999999999999897
1185662990#0,4200,70,120,70,0.25,0.041071428571428516,6.086956521739139
1185662990#0,4320,0,120,70,0.2916666666666667,0.023001700680271332,12.680221811460688
1185662990#0,4320,70,120,70,0.2916666666666667,0.022415098836419,13.012062484988038
1185662990#0,4440,0,120,70,0.2785714285714286,0.01989795918367262,14.000000000000599
1185662990#0,4440,70,120,70,0.21011904761904762,0.015008503401360358,14.000000000000174
1185662990#0,4560,0,120,70,0.6797619047619048,0.04855442176870647,14.000000000000293
1185662990#0,4560,70,120,70,0.7482142857142857,0.053895211930925745,13.882759876206203
1185662990#0,4680,0,120,70,0.16845238095238094,0.012032312925170069,13.999999999999998
1185662990#0,4680,70,120,70,0.16666666666666666,0.01190476190476206,13.999999999999817
1185662990#0,4800,0,120,70,0.2898809523809524,0.020705782312925247,13.999999999999948
1185662990#0,4800,70,120,70,0.2916666666666667,0.021045052636439306,13.859155959612506
1185662990#0,4920,0,120,70,0.08333333333333333,0.005952380952381417,13.999999999998906
1185662990#0,4920,70,120,70,0.08333333333333333,0.005952380952380898,14.000000000000126
1185662990#0,5040,0,120,70,0.041666666666666664,0.002976190476190244,14.00000000000109
1185662990#0,5040,70,120,70,0.041666666666666664,0.002976190476190368,14.000000000000508
1185662990#0,5160,0,120,70,0.20833333333333334,0.014880952380952306,14.000000000000071
1185662990#0,5160,70,120,70,0.20833333333333334,0.014880952380952137,14.00000000000023
1185662990#0,5280,0,120,70,0.2916666666666667,0.02319677871148467,12.573584905660336
1185662990#0,5280,70,120,70,0.26279761904761906,0.024268457382953294,10.828773123099863
1185662990#0,5400,0,120,70,0.125,0.008928571428571506,13.99999999999988
1185662990#0,5400,70,120,70,0.15386904761904763,0.010990646258503295,14.000000000000137
1185662990#0,5520,0,120,70,0.0,0.0,14.0
1185662990#0,5520,70,120,70,0.0,0.0,14.0
1185662990#0,5640,0,120,70,0.2613095238095238,0.018749999999999614,13.936507936508225
1185662990#0,5640,70,120,70,0.20833333333333334,0.015366627420198942,13.55751835692234
1185662990#0,5760,0,120,70,0.15535714285714286,0.011096938775509897,14.000000000000389
1185662990#0,5760,70,120,70,0.20833333333333334,0.014942226890756086,13.94258933802012
1185662990#0,5880,0,120,70,0.45833333333333337,0.0394916721749427,11.605822394731211
1185662990#0,5880,70,120,70,0.45833333333333337,0.0412761958697109,11.10405946274873
1185662990#0,6000,0,120,70,0.3333333333333333,0.025630668934239743,13.00525297207662
1185662990#0,6000,70,120,70,0.3333333333333333,0.03536706349206353,9.424964936886385
1185662990#0,6120,0,120,70,0.4523809523809524,0.03467261904761897,13.047210300429212
1185662990#0,6120,70,120,70,0.375,0.02707178273000518,13.852061526201833
1185662990#0,6240,0,120,70,0.5476190476190477,0.041854636591478284,13.083832335329472
1185662990#0,6240,70,120,70,0.625,0.04701022024869328,13.294981318820195
1185662990#0,6360,0,120,70,0.20833333333333334,0.015093537414966038,13.802816901408404
1185662990#0,6360,70,120,70,0.20833333333333334,0.014880952380952309,14.000000000000068
1185662990#0,6480,0,120,70,0.25,0.018069727891156,13.835294117647413
1185662990#0,6480,70,120,70,0.25,0.018938177122700982,13.200848127052724
1185662990#0,6600,0,120,70,0.4166666666666667,0.03809840952698093,10.936589528011329
1185662990#0,6600,70,120,70,0.4166666666666667,0.03647380397380373,11.423723913357806
1185662990#0,6720,0,120,70,0.4166666666666667,0.029761904761904295,14.00000000000022
1185662990#0,6720,70,120,70,0.4166666666666667,0.03094934968693321,13.46285692208205
1185662990#0,6840,0,120,70,0.9166666666666667,0.06920351473922838,13.24595535531448
1185662990#0,6840,70,120,70,0.8224206349206349,0.05950868636208675,13.820177947073669
1185662990#0,6960,0,120,70,0.4997023809523809,0.03825418672080191,13.06268473564626
1185662990#0,6960,70,120,70,0.5536210317460317,0.04486768149035237,12.338971245150557
1185662990#0,7080,0,120,70,0.20833333333333334,0.014880952380951964,14.000000000000393
1185662990#0,7080,70,120,70,0.2489583333333333,0.0177827380952381,13.999999999999993
1191414433,0,0,120,30,0.125,0.02083333333333333,6.000000000000002
1191414433,0,30,120,30,0.125,0.020833333333333336,5.999999999999999
1191414433,120,0,120,30,0.4166666666666667,0.08101851851851856,5.142857142857141
1191414433,120,30,120,30,0.4166666666666667,0.06944444444444445,6.0
1191414433,240,0,120,30,0.2916666666666667,0.07578703703703706,3.84850335980452
1191414433,240,30,120,30,0.25,0.07222222222222222,3.4615384615384617
1191414433,360,0,120,30,0.125,0.020833333333333308,6.000000000000007
1191414433,360,30,120,30,0.16666666666666666,0.0277777777777778,5.999999999999995
1191414433,480,0,120,30,0.08333333333333333,0.01388888888888889,5.999999999999999
1191414433,480,30,120,30,0.08333333333333333,0.01388888888888889,5.999999999999999
1191414433,600,0,120,30,0.08333333333333333,0.01388888888888889,5.999999999999999
1191414433,600,30,120,30,0.08333333333333333,0.01388888888888889,5.999999999999999
1191414433,720,0,120,30,0.0,0.0,6.0
1191414433,720,30,120,30,0.0,0.0,6.0
1191414433,840,0,120,30,0.041666666666666664,0.006944444444444445,5.999999999999999
1191414433,840,30,120,30,0.041666666666666664,0.006944444444444445,5.999999999999999
1191414433,960,0,120,30,0.3333333333333333,0.06712962962962969,4.965517241379305
1191414433,960,30,120,30,0.31666666666666665,0.05277777777777781,5.999999999999996
1191414433,1080,0,120,30,0.4166666666666667,0.08935185185185174,4.6632124352331665
1191414433,1080,30,120,30,0.43333333333333335,0.07222222222222227,5.9999999999999964
1191414433,1200,0,120,30,0.2916666666666667,0.04861111111111101,6.000000000000013
1191414433,1200,30,120,30,0.2916666666666667,0.04861111111111114,5.9999999999999964
1191414433,1320,0,120,30,0.041666666666666664,0.006944444444444549,5.999999999999909
1191414433,1320,30,120,30,0.041666666666666664,0.006944444444444403,6.0000000000000355
1191414433,1440,0,120,30,0.041666666666666664,0.006944444444444445,5.999999999999999
1191414433,1440,30,120,30,0.0,0.0,6.0
1191414433,1560,0,120,30,0.18095238095238095,0.03594576719576729,5.034038638454449
1191414433,1560,30,120,30,0.20833333333333334,0.034722222222222314,5.999999999999984
1191414433,1680,0,120,30,0.19404761904761905,0.03915343915343934,4.956081081081058
1191414433,1680,30,120,30,0.20833333333333334,0.03472222222222201,6.000000000000037
1191414433,1800,0,120,30,0.3333333333333333,0.061210317460317555,5.445705024311175
1191414433,1800,30,120,30,0.3198412698412698,0.05412596662596656,5.909201992668491
1191414433,1920,0,120,30,0.2263888888888889,0.08375661375661385,2.702937460518001
1191414433,1920,30,120,30,0.19126984126984128,0.07500873515024463,2.549967558934601
1191414433,2040,0,120,30,0.125,0.15212962962962923,0.8216676810712134
1191414433,2040,30,120,30,0.15555555555555556,0.14916666666666664,1.0428305400372442
1191414433,2160,0,120,30,0.10694444444444445,0.1066666666666669,1.0026041666666645
1191414433,2160,30,120,30,0.125,0.10735780423280424,1.1643308178037888
1191414433,2280,0,120,30,0.125,0.03125000000000001,3.999999999999999
1191414433,2280,30,120,30,0.125,0.02083333333333333,6.000000000000002
1191414433,2400,0,120,30,0.16666666666666666,0.02777777777777778,5.999999999999999
1191414433,2400,30,120,30,0.16666666666666666,0.02777777777777778,5.999999999999999
1191414433,2520,0,120,30,0.20833333333333334,0.04037698412698441,5.1597051597051244
1191414433,2520,30,120,30,0.20833333333333334,0.037779412638962714,5.514467239717611
1191414433,2640,0,120,30,0.2916666666666667,0.054728835978835565,5.329305135951702
1191414433,2640,30,120,30,0.2916666666666667,0.049761904761904785,5.861244019138754
1191414433,2760,0,120,30,0.14305555555555557,0.054730083857442234,2.6138376825472887
1191414433,2760,30,120,30,0.09444444444444446,0.05252071478486574,1.7982322752328455
1191414433,2880,0,120,30,0.08333333333333333,0.1582870370370368,0.5264697279906413
1191414433,2880,30,120,30,0.08333333333333333,0.15555555555555556,0.5357142857142857
1191414433,3000,0,120,30,0.18194444444444444,0.038055555555555357,4.781021897810244
1191414433,3000,30,120,30,0.19722222222222224,0.035277777777777956,5.5905511811023345
1191414433,3120,0,120,30,0.25833333333333336,0.05347222222222223,4.8311688311688314
1191414433,3120,30,120,30,0.2638888888888889,0.043981481481481295,6.000000000000026
1191414433,3240,0,120,30,0.3333333333333333,0.059027777777777145,5.647058823529472
1191414433,3240,30,120,30,0.3611111111111111,0.06018518518518582,5.999999999999937
1191414433,3360,0,120,30,0.0,0.0,6.0
1191414433,3360,30,120,30,0.0,0.0,6.0
1191414433,3480,0,120,30,0.0,0.0,6.0
1191414433,3480,30,120,30,0.0,0.0,6.0
1191414433,3600,0,120,30,0.125,0.020833333333333606,5.999999999999922
1191414433,3600,30,120,30,0.125,0.020833333333333096,6.000000000000068
1191414433,3720,0,120,30,0.125,0.020833333333333426,5.999999999999973
1191414433,3720,30,120,30,0.125,0.020833333333333297,6.000000000000011
1191414433,3840,0,120,30,0.08333333333333333,0.01388888888888889,5.999999999999999
1191414433,3840,30,120,30,0.08333333333333333,0.01388888888888889,5.999999999999999
1191414433,3960,0,120,30,0.2916666666666667,0.05023148148148148,5.806451612903226
1191414433,3960,30,120,30,0.2916666666666667,0.04861111111111102,6.0000000000000115
1191414433,4080,0,120,30,0.041666666666666664,0.006944444444444445,5.999999999999999
1191414433,4080,30,120,30,0.0,0.0,6.0
1191414433,4200,0,120,30,0.4166666666666667,0.08796296296296255,4.736842105263181
1191414433,4200,30,120,30,0.4444444444444445,0.07407407407407478,5.999999999999943
1191414433,4320,0,120,30,0.4583333333333333,0.09953703703703705,4.604651162790697
1191414433,4320,30,120,30,0.4513888888888889,0.07523148148148119,6.000000000000023
1191414433,4440,0,120,30,0.16666666666666666,0.027777777777777356,6.000000000000091
1191414433,4440,30,120,30,0.1875,0.031250000000000375,5.999999999999928
1191414433,4560,0,120,30,0.08333333333333333,0.01388888888888889,5.999999999999999
1191414433,4560,30,120,30,0.08333333333333333,0.01388888888888889,5.999999999999999
1191414433,4680,0,120,30,0.041666666666666664,0.006944444444444445,5.999999999999999
1191414433,4680,30,120,30,0.041666666666666664,0.006944444444444445,5.999999999999999
1191414433,4800,0,120,30,0.125,0.022261396011396855,5.615101583746387
1191414433,4800,30,120,30,0.125,0.0233262108262112,5.358778625954113
1191414433,4920,0,120,30,0.125,0.020833333333333332,6.0
1191414433,4920,30,120,30,0.125,0.020833333333333332,6.0
1191414433,5040,0,120,30,0.10138888888888889,0.07824074074074115,1.2958579881656738
1191414433,5040,30,120,30,0.05277777777777778,0.08449074074074073,0.6246575342465754
1191414433,5160,0,120,30,0.19027777777777777,0.044166666666667506,4.308176100628849
1191414433,5160,30,120,30,0.2388888888888889,0.042592592592592245,5.608695652173959
1191414433,5280,0,120,30,0.0,0.0,6.0
1191414433,5280,30,120,30,0.0,0.0,6.0
1191414433,5400,0,120,30,0.125,0.020833333333331712,6.000000000000467
1191414433,5400,30,120,30,0.125,0.02083333333333448,5.99999999999967
1191414433,5520,0,120,30,0.0,0.0,6.0
1191414433,5520,30,120,30,0.0,0.0,6.0
1191414433,5640,0,120,30,0.041666666666666664,0.006944444444444445,5.999999999999999
1191414433,5640,30,120,30,0.041666666666666664,0.006944444444444445,5.999999999999999
1191414433,5760,0,120,30,0.20833333333333334,0.04916666666666625,4.237288135593257
1191414433,5760,30,120,30,0.20833333333333334,0.05120039682539683,4.068978880062003
1191414433,5880,0,120,30,0.0,0.0,6.0
1191414433,5880,30,120,30,0.0,0.0,6.0
1191414433,6000,0,120,30,0.0,0.0,6.0
1191414433,6000,30,120,30,0.0,0.0,6.0
1191414433,6120,0,120,30,0.0,0.0,6.0
1191414433,6120,30,120,30,0.0,0.0,6.0
1191414433,6240,0,120,30,0.0,0.0,6.0
1191414433,6240,30,120,30,0.0,0.0,6.0
1191414433,6360,0,120,30,0.16666666666666666,0.02777777777777778,5.999999999999999
1191414433,6360,30,120,30,0.16666666666666666,0.02777777777777778,5.999999999999999
1191414433,6480,0,120,30,0.0,0.0,6.0
1191414433,6480,30,120,30,0.0,0.0,6.0
1191414433,6600,0,120,30,0.041666666666666664,0.006944444444444445,5.999999999999999
1191414433,6600,30,120,30,0.041666666666666664,0.006944444444444445,5.999999999999999
1191414433,6720,0,120,30,0.0027777777777777775,0.00046296296296254193,6.000000000005456
1191414433,6720,30,120,30,0.0,0.0,6.0
1191414433,6840,0,120,30,0.09861111111111112,0.155092592592593,0.6358208955223864
1191414433,6840,30,120,30,0.05277777777777778,0.15439814814814815,0.34182908545727136
1191414433,6960,0,120,30,0.10694444444444445,0.150555555555556,0.7103321033210311
1191414433,6960,30,120,30,0.1388888888888889,0.14953703703703705,0.9287925696594427
1191414433,7080,0,120,30,0.16666666666666666,0.027777777777777356,6.000000000000091
1191414433,7080,30,120,30,0.18333333333333332,0.030555555555555933,5.999999999999925
132556736,0,0,120,30,0.0,0.0,6.0
132556736,0,30,120,30,0.0,0.0,6.0
132556736,0,60,120,30,0.0,0.0,6.0
132556736,120,0,120,30,0.041666666666666664,0.006944444444444445,5.999999999999999
132556736,120,30,120,30,0.041666666666666664,0.006944444444444445,5.999999999999999
132556736,120,60,120,30,0.041666666666666664,0.006944444444444445,5.999999999999999
132556736,240,0,120,30,0.041666666666666664,0.006944444444444445,5.999999999999999
132556736,240,30,120,30,0.041666666666666664,0.006944444444444445,5.999999999999999
132556736,240,60,120,30,0.041666666666666664,0.006944444444444445,5.999999999999999
132556736,360,0,120,30,0.0,0.0,6.0
132556736,360,30,120,30,0.0,0.0,6.0
132556736,360,60,120,30,0.0,0.0,6.0
132556736,480,0,120,30,0.041666666666666664,0.006944444444444445,5.999999999999999
132556736,480,30,120,30,0.041666666666666664,0.006944444444444445,5.999999999999999
132556736,480,60,120,30,0.041666666666666664,0.006944444444444436,6.000000000000007
132556736,600,0,120,30,0.08333333333333333,0.013888888888889004,5.999999999999949
132556736,600,30,120,30,0.08333333333333333,0.013888888888888892,5.999999999999998
132556736,600,60,120,30,0.08333333333333333,0.013888888888888892,5.999999999999998
132556736,720,0,120,30,0.10104166666666667,0.016898148148148148,5.97945205479452
132556736,720,30,120,30,0.08333333333333333,0.01388888888888889,5.999999999999999
132556736,720,60,120,30,0.08333333333333333,0.01388888888888889,5.999999999999999
132556736,840,0,120,30,0.065625,0.0109375,6.000000000000001
132556736,840,30,120,30,0.08333333333333333,0.01388888888888889,5.999999999999999
132556736,840,60,120,30,0.08333333333333333,0.01388888888888889,5.999999999999999
132556736,960,0,120,30,0.125,0.020833333333333332,6.0
132556736,960,30,120,30,0.125,0.020833333333333332,6.0
132556736,960,60,120,30,0.125,0.020833333333333332,6.0
132556736,1080,0,120,30,0.08333333333333333,0.01388888888888889,5.999999999999999
132556736,1080,30,120,30,0.08333333333333333,0.01388888888888889,5.999999999999999
132556736,1080,60,120,30,0.08333333333333333,0.01388888888888889,5.999999999999999
132556736,1200,0,120,30,0.041666666666666664,0.006944444444444445,5.999999999999999
132556736,1200,30,120,30,0.041666666666666664,0.006944444444444445,5.999999999999999
132556736,1200,60,120,30,0.041666666666666664,0.006944444444444445,5.999999999999999
132556736,1320,0,120,30,0.041666666666666664,0.006944444444444489,5.999999999999961
132556736,1320,30,120,30,0.041666666666666664,0.006944444444444445,5.999999999999999
132556736,1320,60,120,30,0.041666666666666664,0.006944444444444446,5.999999999999998
132556736,1440,0,120,30,0.041666666666666664,0.006944444444444548,5.99999999999991
132556736,1440,30,120,30,0.017013888888888898,0.0028356481481481496,6.0
132556736,1440,60,120,30,0.0,0.0,6.0
132556736,1560,0,120,30,0.041666666666666664,0.006944444444444445,5.999999999999999
132556736,1560,30,120,30,0.06631944444444443,0.01105324074074074,5.999999999999999
132556736,1560,60,120,30,0.08333333333333333,0.013888888888888892,5.999999999999998
132556736,1680,0,120,30,0.041666666666666664,0.006944444444444445,5.999999999999999
132556736,1680,30,120,30,0.008333333333333333,0.0013888888888888887,6.000000000000001
132556736,1680,60,120,30,0.0,0.0,6.0
132556736,1800,0,120,30,0.16666666666666666,0.02777777777777778,5.999999999999999
132556736,1800,30,120,30,0.16666666666666666,0.02777777777777778,5.999999999999999
132556736,1800,60,120,30,0.16666666666666666,0.02777777777777778,5.999999999999999
132556736,1920,0,120,30,0.08333333333333333,0.01388888888888899,5.999999999999956
132556736,1920,30,120,30,0.11666666666666667,0.019444444444444445,6.0
132556736,1920,60,120,30,0.125,0.02083333333333334,5.999999999999998
132556736,2040,0,120,30,0.08333333333333333,0.01388888888888889,5.999999999999999
132556736,2040,30,120,30,0.08333333333333333,0.01388888888888889,5.999999999999999
132556736,2040,60,120,30,0.08333333333333333,0.01388888888888889,5.999999999999999
132556736,2160,0,120,30,0.0,0.0,6.0
132556736,2160,30,120,30,0.0,0.0,6.0
132556736,2160,60,120,30,0.0,0.0,6.0
132556736,2280,0,120,30,0.041666666666666664,0.006944444444444445,5.999999999999999
132556736,2280,30,120,30,0.013541666666666667,0.0022569444444444442,6.000000000000001
132556736,2280,60,120,30,0.0,0.0,6.0
132556736,2400,0,120,30,0.2916666666666667,0.06834490740740741,4.267569856054192
132556736,2400,30,120,30,0.31979166666666664,0.05329861111111111,6.0
132556736,2400,60,120,30,0.2986111111111111,0.04976851851851852,6.0
132556736,2520,0,120,30,0.08333333333333333,0.01388888888888889,5.999999999999999
132556736,2520,30,120,30,0.08333333333333333,0.01388888888888889,5.999999999999999
132556736,2520,60,120,30,0.11805555555555555,0.019675925925925927,6.0
132556736,2640,0,120,30,0.3333333333333333,0.05682870370370371,5.865580448065172
132556736,2640,30,120,30,0.3,0.05,5.999999999999999
132556736,2640,60,120,30,0.2916666666666667,0.04861111111111111,6.0
132556736,2760,0,120,30,0.2916666666666667,0.06712962962962983,4.3448275862068835
132556736,2760,30,120,30,0.325,0.05416666666666667,6.0
132556736,2760,60,120,30,0.32395833333333335,0.053993055555555586,5.999999999999997
132556736,2880,0,120,30,0.19791666666666666,0.035648148148148144,5.551948051948052
132556736,2880,30,120,30,0.16666666666666666,0.02777777777777778,5.999999999999999
132556736,2880,60,120,30,0.17604166666666668,0.029340277777777778,6.000000000000001
132556736,3000,0,120,30,0.21875,0.043402777777777776,5.04
132556736,3000,30,120,30,0.25,0.041666666666666664,6.0
132556736,3000,60,120,30,0.25,0.043055555555555576,5.806451612903223
132556736,3120,0,120,30,0.041666666666666664,0.006944444444444445,5.999999999999999
132556736,3120,30,120,30,0.041666666666666664,0.006944444444444445,5.999999999999999
132556736,3120,60,120,30,0.041666666666666664,0.006944444444444445,5.999999999999999
132556736,3240,0,120,30,0.25,0.041666666666666664,6.0
132556736,3240,30,120,30,0.25,0.041666666666666664,6.0
132556736,3240,60,120,30,0.21666666666666667,0.036111111111111094,6.000000000000003
132556736,3360,0,120,30,0.16666666666666666,0.03130787037037037,5.323475046210721
132556736,3360,30,120,30,0.16666666666666666,0.02777777777777778,5.999999999999999
132556736,3360,60,120,30,0.2,0.03333333333333333,6.0
132556736,3480,0,120,30,0.125,0.020833333333333297,6.000000000000011
132556736,3480,30,120,30,0.125,0.020833333333333332,6.0
132556736,3480,60,120,30,0.125,0.020833333333333332,6.0
132556736,3600,0,120,30,0.08333333333333333,0.0138888888888891,5.9999999999999085
132556736,3600,30,120,30,0.08333333333333333,0.01388888888888889,5.999999999999999
132556736,3600,60,120,30,0.08333333333333333,0.01388888888888889,5.999999999999999
132556736,3720,0,120,30,0.0,0.0,6.0
132556736,3720,30,120,30,0.0,0.0,6.0
132556736,3720,60,120,30,0.0,0.0,6.0
132556736,3840,0,120,30,0.041666666666666664,0.006944444444444445,5.999999999999999
132556736,3840,30,120,30,0.041666666666666664,0.006944444444444445,5.999999999999999
132556736,3840,60,120,30,0.041666666666666664,0.006944444444444445,5.999999999999999
132556736,3960,0,120,30,0.0,0.0,6.0
132556736,3960,30,120,30,0.0,0.0,6.0
132556736,3960,60,120,30,0.0,0.0,6.0
132556736,4080,0,120,30,0.041666666666666664,0.006944444444444445,5.999999999999999
132556736,4080,30,120,30,0.041666666666666664,0.006944444444444445,5.999999999999999
132556736,4080,60,120,30,0.041666666666666664,0.0069444444444444675,5.99999999999998
132556736,4200,0,120,30,0.041666666666666664,0.006944444444444445,5.999999999999999
132556736,4200,30,120,30,0.041666666666666664,0.006944444444444445,5.999999999999999
132556736,4200,60,120,30,0.041666666666666664,0.006944444444444445,5.999999999999999
132556736,4320,0,120,30,0.041666666666666664,0.006944444444444864,5.999999999999638
132556736,4320,30,120,30,0.0107638888888889,0.0017939814814814832,6.0
132556736,4320,60,120,30,0.0,0.0,6.0
132556736,4440,0,120,30,0.041666666666666664,0.006944444444444445,5.999999999999999
132556736,4440,30,120,30,0.07256944444444445,0.012094907407407407,6.000000000000001
132556736,4440,60,120,30,0.08333333333333333,0.01388888888888889,5.999999999999999
132556736,4560,0,120,30,0.041666666666666664,0.006944444444444445,5.999999999999999
132556736,4560,30,120,30,0.041666666666666664,0.006944444444444445,5.999999999999999
132556736,4560,60,120,30,0.041666666666666664,0.006944444444444445,5.999999999999999
132556736,4680,0,120,30,0.041666666666666664,0.006944444444444445,5.999999999999999
132556736,4680,30,120,30,0.013541666666666667,0.0022569444444444442,6.000000000000001
132556736,4680,60,120,30,0.0,0.0,6.0
132556736,4800,0,120,30,0.041666666666666664,0.006944444444444445,5.999999999999999
132556736,4800,30,120,30,0.06979166666666667,0.011631944444444443,6.000000000000001
132556736,4800,60,120,30,0.08333333333333333,0.01388888888888889,5.999999999999999
132556736,4920,0,120,30,0.041666666666666664,0.006944444444444445,5.999999999999999
132556736,4920,30,120,30,0.041666666666666664,0.006944444444444445,5.999999999999999
132556736,4920,60,120,30,0.041666666666666664,0.006944444444444445,5.999999999999999
132556736,5040,0,120,30,0.041666666666666664,0.006944444444444445,5.999999999999999
132556736,5040,30,120,30,0.041666666666666664,0.006944444444444445,5.999999999999999
132556736,5040,60,120,30,0.041666666666666664,0.006944444444444445,5.999999999999999
132556736,5160,0,120,30,0.041666666666666664,0.006944444444444445,5.999999999999999
132556736,5160,30,120,30,0.041666666666666664,0.006944444444444445,5.999999999999999
132556736,5160,60,120,30,0.041666666666666664,0.006944444444444445,5.999999999999999
132556736,5280,0,120,30,0.0,0.0,6.0
132556736,5280,30,120,30,0.0,0.0,6.0
132556736,5280,60,120,30,0.0,0.0,6.0
132556736,5400,0,120,30,0.0,0.0,6.0
132556736,5400,30,120,30,0.0,0.0,6.0
132556736,5400,60,120,30,0.0,0.0,6.0
132556736,5520,0,120,30,0.0,0.0,6.0
132556736,5520,30,120,30,0.0,0.0,6.0
132556736,5520,60,120,30,0.0,0.0,6.0
132556736,5640,0,120,30,0.0,0.0,6.0
132556736,5640,30,120,30,0.0,0.0,6.0
132556736,5640,60,120,30,0.0,0.0,6.0
132556736,5760,0,120,30,0.0,0.0,6.0
132556736,5760,30,120,30,0.0,0.0,6.0
132556736,5760,60,120,30,0.0,0.0,6.0
132556736,5880,0,120,30,0.0,0.0,6.0
132556736,5880,30,120,30,0.0,0.0,6.0
132556736,5880,60,120,30,0.0,0.0,6.0
132556736,6000,0,120,30,0.041666666666666664,0.006944444444444445,5.999999999999999
132556736,6000,30,120,30,0.041666666666666664,0.006944444444444445,5.999999999999999
132556736,6000,60,120,30,0.041666666666666664,0.006944444444444445,5.999999999999999
132556736,6120,0,120,30,0.125,0.020833333333332912,6.000000000000122
132556736,6120,30,120,30,0.09166666666666666,0.015277777777777777,6.0
132556736,6120,60,120,30,0.08333333333333333,0.01388888888888889,5.999999999999999
132556736,6240,0,120,30,0.041666666666666664,0.006944444444444445,5.999999999999999
132556736,6240,30,120,30,0.075,0.0125,5.999999999999999
132556736,6240,60,120,30,0.08333333333333333,0.01388888888888889,5.999999999999999
132556736,6360,0,120,30,0.125,0.020833333333333332,6.0
132556736,6360,30,120,30,0.125,0.020833333333333332,6.0
132556736,6360,60,120,30,0.125,0.020833333333333332,6.0
132556736,6480,0,120,30,0.08333333333333333,0.013888888888889067,5.999999999999923
132556736,6480,30,120,30,0.08333333333333333,0.01388888888888889,5.999999999999999
132556736,6480,60,120,30,0.0744047619047619,0.012400793650793654,5.999999999999998
132556736,6600,0,120,30,0.0,0.0,6.0
132556736,6600,30,120,30,0.0,0.0,6.0
132556736,6600,60,120,30,0.008928571428571412,0.0014880952380952354,6.0
132556736,6720,0,120,30,0.16666666666666666,0.03217592592592593,5.179856115107913
132556736,6720,30,120,30,0.16666666666666666,0.02777777777777778,5.999999999999999
132556736,6720,60,120,30,0.16666666666666666,0.02777777777777778,5.999999999999999
132556736,6840,0,120,30,0.013541666666666667,0.0022569444444444442,6.000000000000001
132556736,6840,30,120,30,0.0,0.0,6.0
132556736,6840,60,120,30,0.0,0.0,6.0
132556736,6960,0,120,30,0.06979166666666667,0.011631944444444443,6.000000000000001
132556736,6960,30,120,30,0.08333333333333333,0.01388888888888889,5.999999999999999
132556736,6960,60,120,30,0.08333333333333333,0.01388888888888889,5.999999999999999
132556736,7080,0,120,30,0.0,0.0,6.0
132556736,7080,30,120,30,0.0,0.0,6.0
132556736,7080,60,120,30,0.0,0.0,6.0
1387061746#0,0,0,120,30,0.0,0.0,6.0
1387061746#0,0,30,120,30,0.0,0.0,6.0
1387061746#0,0,60,120,30,0.0,0.0,6.0
1387061746#0,120,0,120,30,0.041666666666666664,0.006944444444444439,6.000000000000004
1387061746#0,120,30,120,30,0.041666666666666664,0.006944444444444443,6.000000000000001
1387061746#0,120,60,120,30,0.041666666666666664,0.006944444444444445,5.999999999999999
1387061746#0,240,0,120,30,0.08333333333333333,0.013888888888888925,5.999999999999984
1387061746#0,240,30,120,30,0.08333333333333333,0.013888888888888888,6.0
1387061746#0,240,60,120,30,0.08333333333333333,0.013888888888888888,6.0
1387061746#0,360,0,120,30,0.0,0.0,6.0
1387061746#0,360,30,120,30,0.0,0.0,6.0
1387061746#0,360,60,120,30,0.0,0.0,6.0
1387061746#0,480,0,120,30,0.08333333333333333,0.013888888888888921,5.999999999999986
1387061746#0,480,30,120,30,0.08333333333333333,0.01388888888888889,5.999999999999999
1387061746#0,480,60,120,30,0.08333333333333333,0.01388888888888889,5.999999999999999
1387061746#0,600,0,120,30,0.0,0.0,6.0
1387061746#0,600,30,120,30,0.0,0.0,6.0
1387061746#0,600,60,120,30,0.0,0.0,6.0
1387061746#0,720,0,120,30,0.08333333333333333,0.013888888888888907,5.999999999999992
1387061746#0,720,30,120,30,0.0775297619047619,0.012921626984126987,5.999999999999999
1387061746#0,720,60,120,30,0.041666666666666664,0.006944444444444445,5.999999999999999
1387061746#0,840,0,120,30,0.08333333333333333,0.01388888888888889,5.999999999999999
1387061746#0,840,30,120,30,0.08913690476190476,0.014856150793650791,6.000000000000001
1387061746#0,840,60,120,30,0.125,0.020833333333333332,6.0
1387061746#0,960,0,120,30,0.08333333333333333,0.01388888888888889,5.999999999999999
1387061746#0,960,30,120,30,0.08333333333333333,0.01388888888888889,5.999999999999999
1387061746#0,960,60,120,30,0.08333333333333333,0.01388888888888889,5.999999999999999
1387061746#0,1080,0,120,30,0.20833333333333334,0.034722222222222314,5.999999999999984
1387061746#0,1080,30,120,30,0.20833333333333334,0.034722222222222224,6.0
1387061746#0,1080,60,120,30,0.18606150793650794,0.03101025132275132,6.000000000000001
1387061746#0,1200,0,120,30,0.0,0.0,6.0
1387061746#0,1200,30,120,30,0.0,0.0,6.0
1387061746#0,1200,60,120,30,0.022271825396825408,0.003711970899470901,6.0
1387061746#0,1320,0,120,30,0.0,0.0,6.0
1387061746#0,1320,30,120,30,0.0,0.0,6.0
1387061746#0,1320,60,120,30,0.0,0.0,6.0
1387061746#0,1440,0,120,30,0.08333333333333333,0.01898148148148148,4.390243902439024
1387061746#0,1440,30,120,30,0.08333333333333333,0.01388888888888889,5.999999999999999
1387061746#0,1440,60,120,30,0.08333333333333333,0.01388888888888889,5.999999999999999
1387061746#0,1560,0,120,30,0.041666666666666664,0.006944444444444445,5.999999999999999
1387061746#0,1560,30,120,30,0.041666666666666664,0.006944444444444445,5.999999999999999
1387061746#0,1560,60,120,30,0.041666666666666664,0.006944444444444445,5.999999999999999
1387061746#0,1680,0,120,30,0.0,0.0,6.0
1387061746#0,1680,30,120,30,0.0,0.0,6.0
1387061746#0,1680,60,120,30,0.0,0.0,6.0
1387061746#0,1800,0,120,30,0.041666666666666664,0.006944444444444445,5.999999999999999
1387061746#0,1800,30,120,30,0.041666666666666664,0.006944444444444445,5.999999999999999
1387061746#0,1800,60,120,30,0.041666666666666664,0.006944444444444445,5.999999999999999
1387061746#0,1920,0,120,30,0.046875,0.0078125,6.0
1387061746#0,1920,30,120,30,0.041666666666666664,0.006944444444444445,5.999999999999999
1387061746#0,1920,60,120,30,0.041666666666666664,0.006944444444444445,5.999999999999999
1387061746#0,2040,0,120,30,0.078125,0.013020833333333422,5.999999999999959
1387061746#0,2040,30,120,30,0.08333333333333333,0.01388888888888889,5.999999999999999
1387061746#0,2040,60,120,30,0.08333333333333333,0.01388888888888889,5.999999999999999
1387061746#0,2160,0,120,30,0.041666666666666664,0.006944444444444445,5.999999999999999
1387061746#0,2160,30,120,30,0.041666666666666664,0.006944444444444445,5.999999999999999
1387061746#0,2160,60,120,30,0.041666666666666664,0.006944444444444445,5.999999999999999
1387061746#0,2280,0,120,30,0.0,0.0,6.0
1387061746#0,2280,30,120,30,0.0,0.0,6.0
1387061746#0,2280,60,120,30,0.0,0.0,6.0
1387061746#0,2400,0,120,30,0.041666666666666664,0.006944444444444445,5.999999999999999
1387061746#0,2400,30,120,30,0.041666666666666664,0.006944444444444445,5.999999999999999
1387061746#0,2400,60,120,30,0.041666666666666664,0.006944444444444445,5.999999999999999
1387061746#0,2520,0,120,30,0.08333333333333333,0.01388888888888889,5.999999999999999
1387061746#0,2520,30,120,30,0.08333333333333333,0.01388888888888889,5.999999999999999
1387061746#0,2520,60,120,30,0.08333333333333333,0.01388888888888889,5.999999999999999
1387061746#0,2640,0,120,30,0.0,0.0,6.0
1387061746#0,2640,30,120,30,0.0,0.0,6.0
1387061746#0,2640,60,120,30,0.0,0.0,6.0
1387061746#0,2760,0,120,30,0.16666666666666666,0.027777777777777988,5.999999999999955
1387061746#0,2760,30,120,30,0.16666666666666666,0.02777777777777778,5.999999999999999
1387061746#0,2760,60,120,30,0.16666666666666666,0.02777777777777778,5.999999999999999
1387061746#0,2880,0,120,30,0.1125,0.01875,6.0
1387061746#0,2880,30,120,30,0.08333333333333333,0.01388888888888889,5.999999999999999
1387061746#0,2880,60,120,30,0.08333333333333333,0.01388888888888889,5.999999999999999
1387061746#0,3000,0,120,30,0.1375,0.022916666666666485,6.000000000000048
1387061746#0,3000,30,120,30,0.16666666666666666,0.02777777777777778,5.999999999999999
1387061746#0,3000,60,120,30,0.16666666666666666,0.02777777777777778,5.999999999999999
1387061746#0,3120,0,120,30,0.0,0.0,6.0
1387061746#0,3120,30,120,30,0.0,0.0,6.0
1387061746#0,3120,60,120,30,0.0,0.0,6.0
1387061746#0,3240,0,120,30,0.0,0.0,6.0
1387061746#0,3240,30,120,30,0.0,0.0,6.0
1387061746#0,3240,60,120,30,0.0,0.0,6.0
1387061746#0,3360,0,120,30,0.041666666666666664,0.006944444444444445,5.999999999999999
1387061746#0,3360,30,120,30,0.041666666666666664,0.006944444444444445,5.999999999999999
1387061746#0,3360,60,120,30,0.023958333333333335,0.003993055555555556,6.0
1387061746#0,3480,0,120,30,0.08333333333333333,0.01388888888888889,5.999999999999999
1387061746#0,3480,30,120,30,0.08333333333333333,0.01388888888888889,5.999999999999999
1387061746#0,3480,60,120,30,0.10104166666666667,0.01684027777777778,5.999999999999999
1387061746#0,3600,0,120,30,0.0,0.0,6.0
1387061746#0,3600,30,120,30,0.0,0.0,6.0
1387061746#0,3600,60,120,30,0.0,0.0,6.0
1387061746#0,3720,0,120,30,0.08333333333333333,0.018287037037037036,4.556962025316456
1387061746#0,3720,30,120,30,0.08333333333333333,0.01388888888888889,5.999999999999999
1387061746#0,3720,60,120,30,0.08333333333333333,0.01388888888888889,5.999999999999999
1387061746#0,3840,0,120,30,0.041666666666666664,0.006944444444444445,5.999999999999999
1387061746#0,3840,30,120,30,0.041666666666666664,0.006944444444444445,5.999999999999999
1387061746#0,3840,60,120,30,0.041666666666666664,0.006944444444444445,5.999999999999999
1387061746#0,3960,0,120,30,0.16666666666666666,0.03935185185185186,4.235294117647058
1387061746#0,3960,30,120,30,0.16666666666666666,0.02777777777777778,5.999999999999999
1387061746#0,3960,60,120,30,0.16666666666666666,0.02777777777777778,5.999999999999999
1387061746#0,4080,0,120,30,0.0,0.0,6.0
1387061746#0,4080,30,120,30,0.0,0.0,6.0
1387061746#0,4080,60,120,30,0.0,0.0,6.0
1387061746#0,4200,0,120,30,0.08333333333333333,0.01388888888888882,6.000000000000029
1387061746#0,4200,30,120,30,0.08333333333333333,0.01388888888888889,5.999999999999999
1387061746#0,4200,60,120,30,0.08333333333333333,0.01388888888888889,5.999999999999999
1387061746#0,4320,0,120,30,0.08333333333333333,0.01388888888888889,5.999999999999999
1387061746#0,4320,30,120,30,0.08333333333333333,0.01388888888888889,5.999999999999999
1387061746#0,4320,60,120,30,0.08333333333333333,0.01388888888888889,5.999999999999999
1387061746#0,4440,0,120,30,0.0,0.0,6.0
1387061746#0,4440,30,120,30,0.0,0.0,6.0
1387061746#0,4440,60,120,30,0.0,0.0,6.0
1387061746#0,4560,0,120,30,0.0,0.0,6.0
1387061746#0,4560,30,120,30,0.0,0.0,6.0
1387061746#0,4560,60,120,30,0.0,0.0,6.0
1387061746#0,4680,0,120,30,0.041666666666666664,0.006944444444444445,5.999999999999999
1387061746#0,4680,30,120,30,0.041666666666666664,0.006944444444444445,5.999999999999999
1387061746#0,4680,60,120,30,0.041666666666666664,0.006944444444444445,5.999999999999999
1387061746#0,4800,0,120,30,0.08333333333333333,0.01388888888888889,5.999999999999999
1387061746#0,4800,30,120,30,0.08333333333333333,0.01388888888888889,5.999999999999999
1387061746#0,4800,60,120,30,0.04479166666666667,0.007465277777777778,6.0
1387061746#0,4920,0,120,30,0.041666666666666664,0.006944444444444445,5.999999999999999
1387061746#0,4920,30,120,30,0.041666666666666664,0.006944444444444445,5.999999999999999
1387061746#0,4920,60,120,30,0.08020833333333334,0.013368055555555557,6.0
1387061746#0,5040,0,120,30,0.0,0.0,6.0
1387061746#0,5040,30,120,30,0.0,0.0,6.0
1387061746#0,5040,60,120,30,0.0,0.0,6.0
1387061746#0,5160,0,120,30,0.09166666666666666,0.015277777777777356,6.000000000000165
1387061746#0,5160,30,120,30,0.08333333333333333,0.01388888888888889,5.999999999999999
1387061746#0,5160,60,120,30,0.08333333333333333,0.01388888888888889,5.999999999999999
1387061746#0,5280,0,120,30,0.03333333333333333,0.005555555555555555,6.000000000000001
1387061746#0,5280,30,120,30,0.041666666666666664,0.006944444444444445,5.999999999999999
1387061746#0,5280,60,120,30,0.041666666666666664,0.006944444444444445,5.999999999999999
1387061746#0,5400,0,120,30,0.041666666666666664,0.0069444444444446245,5.999999999999845
1387061746#0,5400,30,120,30,0.041666666666666664,0.006944444444444446,5.999999999999998
1387061746#0,5400,60,120,30,0.041666666666666664,0.006944444444444445,5.999999999999999
1387061746#0,5520,0,120,30,0.0,0.0,6.0
1387061746#0,5520,30,120,30,0.0,0.0,6.0
1387061746#0,5520,60,120,30,0.0,0.0,6.0
1387061746#0,5640,0,120,30,0.041666666666666664,0.006944444444444445,5.999999999999999
1387061746#0,5640,30,120,30,0.029166666666666667,0.004861111111111111,6.0
1387061746#0,5640,60,120,30,0.0,0.0,6.0
1387061746#0,5760,0,120,30,0.125,0.02083333333333376,5.999999999999877
1387061746#0,5760,30,120,30,0.1375,0.022916666666666665,6.000000000000001
1387061746#0,5760,60,120,30,0.16666666666666666,0.02777777777777778,5.999999999999999
1387061746#0,5880,0,120,30,0.041666666666666664,0.006944444444444864,5.999999999999638
1387061746#0,5880,30,120,30,0.041666666666666664,0.006944444444444446,5.999999999999998
1387061746#0,5880,60,120,30,0.041666666666666664,0.006944444444444445,5.999999999999999
1387061746#0,6000,0,120,30,0.041666666666666664,0.006944444444444445,5.999999999999999
1387061746#0,6000,30,120,30,0.041666666666666664,0.006944444444444445,5.999999999999999
1387061746#0,6000,60,120,30,0.041666666666666664,0.006944444444444445,5.999999999999999
1387061746#0,6120,0,120,30,0.125,0.020833333333332912,6.000000000000122
1387061746#0,6120,30,120,30,0.125,0.020833333333333332,6.0
1387061746#0,6120,60,120,30,0.125,0.020833333333333332,6.0
1387061746#0,6240,0,120,30,0.16666666666666666,0.02835648148148148,5.877551020408164
1387061746#0,6240,30,120,30,0.16666666666666666,0.02777777777777778,5.999999999999999
1387061746#0,6240,60,120,30,0.16666666666666666,0.02777777777777778,5.999999999999999
1387061746#0,6360,0,120,30,0.08333333333333333,0.013888888888889431,5.9999999999997655
1387061746#0,6360,30,120,30,0.08333333333333333,0.01388888888888889,5.999999999999999
1387061746#0,6360,60,120,30,0.08333333333333333,0.01388888888888889,5.999999999999999
1387061746#0,6480,0,120,30,0.041666666666666664,0.006944444444444445,5.999999999999999
1387061746#0,6480,30,120,30,0.041666666666666664,0.006944444444444445,5.999999999999999
1387061746#0,6480,60,120,30,0.041666666666666664,0.006944444444444445,5.999999999999999
1387061746#0,6600,0,120,30,0.041666666666666664,0.006944444444444987,5.999999999999531
1387061746#0,6600,30,120,30,0.041666666666666664,0.006944444444444445,5.999999999999999
1387061746#0,6600,60,120,30,0.041666666666666664,0.006944444444444445,5.999999999999999
1387061746#0,6720,0,120,30,0.041666666666666664,0.006944444444444445,5.999999999999999
1387061746#0,6720,30,120,30,0.041666666666666664,0.006944444444444445,5.999999999999999
1387061746#0,6720,60,120,30,0.041666666666666664,0.006944444444444445,5.999999999999999
1387061746#0,6840,0,120,30,0.0,0.0,6.0
1387061746#0,6840,30,120,30,0.0,0.0,6.0
1387061746#0,6840,60,120,30,0.0,0.0,6.0
1387061746#0,6960,0,120,30,0.25,0.041666666666665825,6.000000000000122
1387061746#0,6960,30,120,30,0.25,0.041666666666666664,6.0
1387061746#0,6960,60,120,30,0.25,0.041666666666666664,6.0
1387061746#0,7080,0,120,30,0.041666666666666664,0.006944444444444084,6.000000000000311
1387061746#0,7080,30,120,30,0.041666666666666664,0.006944444444444445,5.999999999999999
1387061746#0,7080,60,120,30,0.041666666666666664,0.006944444444444443,6.000000000000001
1408687438#0,0,0,120,70,0.125,0.008928571428571426,14.000000000000004
1408687438#0,120,0,120,70,0.2916666666666667,0.02083333333333333,14.000000000000004
1408687438#0,240,0,120,70,0.3333333333333333,0.023809523809523878,13.99999999999996
1408687438#0,360,0,120,70,0.5833333333333334,0.0418306498323967,13.945117651066411
1408687438#0,480,0,120,70,0.21904761904761905,0.01564625850340138,13.999999999999984
1408687438#0,600,0,120,70,0.40595238095238095,0.028996598639455792,13.999999999999995
1408687438#0,720,0,120,70,0.5541666666666666,0.03958333333333334,13.999999999999996
1408687438#0,840,0,120,70,0.2791666666666667,0.01994047619047612,14.00000000000005
1408687438#0,960,0,120,70,0.3333333333333333,0.023809523809523836,13.999999999999984
1408687438#0,1080,0,120,70,0.20833333333333334,0.014880952380952413,13.99999999999997
1408687438#0,1200,0,120,70,0.125,0.008928571428571433,13.999999999999993
1408687438#0,1320,0,120,70,0.20833333333333334,0.014880952380952293,14.000000000000083
1408687438#0,1440,0,120,70,0.7083333333333334,0.050595238095238096,14.0
1408687438#0,1560,0,120,70,0.45833333333333337,0.03287724621812195,13.940745836574958
1408687438#0,1680,0,120,70,0.4166666666666667,0.0297619047619047,14.000000000000028
1408687438#0,1800,0,120,70,0.16666666666666666,0.011904761904762093,13.999999999999778
1408687438#0,1920,0,120,70,0.25,0.017986692540263992,13.89916458739505
1408687438#0,2040,0,120,70,0.21904761904761905,0.01564625850340126,14.000000000000089
1408687438#0,2160,0,120,70,0.3226190476190476,0.023044217687074736,14.000000000000055
1408687438#0,2280,0,120,70,0.45833333333333337,0.03273809523809504,14.000000000000087
1408687438#0,2400,0,120,70,0.25,0.017857142857142867,13.999999999999993
1408687438#0,2520,0,120,70,0.20833333333333334,0.014880952380952522,13.999999999999867
1408687438#0,2640,0,120,70,0.125,0.008928571428571406,14.000000000000036
1408687438#0,2760,0,120,70,0.08333333333333333,0.005952380952380953,13.999999999999998
1408687438#0,2880,0,120,70,0.625,0.04464285714285659,14.000000000000174
1408687438#0,3000,0,120,70,0.6029761904761906,0.043069727891156054,14.000000000000135
1408687438#0,3120,0,120,70,0.23035714285714284,0.016454081632652853,14.000000000000176
1408687438#0,3240,0,120,70,0.24464285714285713,0.01747448979591802,14.000000000000279
1408687438#0,3360,0,120,70,0.33869047619047615,0.024192176870748493,13.999999999999886
1408687438#0,3480,0,120,70,0.5,0.035714285714286136,13.999999999999835
1408687438#0,3600,0,120,70,0.3333333333333333,0.023809523809523975,13.999999999999902
1408687438#0,3720,0,120,70,0.0,0.0,14.0
1408687438#0,3840,0,120,70,0.08333333333333333,0.005952380952381028,13.99999999999982
1408687438#0,3960,0,120,70,0.13392857142857142,0.009566326530612013,14.00000000000034
1408687438#0,4080,0,120,70,0.28273809523809523,0.02019557823129179,14.000000000000504
1408687438#0,4200,0,120,70,0.16666666666666666,0.011904761904761533,14.000000000000437
1408687438#0,4320,0,120,70,0.20833333333333334,0.014880952380951742,14.000000000000602
1408687438#0,4440,0,120,70,0.375,0.026785714285714222,14.000000000000034
1408687438#0,4560,0,120,70,0.45833333333333337,0.032738095238094254,14.000000000000421
1408687438#0,4680,0,120,70,0.42023809523809524,0.030017006802720746,14.00000000000016
1408687438#0,4800,0,120,70,0.5293154761904763,0.03780824829931977,13.999999999999986
1408687438#0,4920,0,120,70,0.3837797619047619,0.027412840136054106,14.00000000000016
1408687438#0,5040,0,120,70,0.08333333333333333,0.00595238095238108,13.999999999999698
1408687438#0,5160,0,120,70,0.1718253968253968,0.012273242630385709,13.999999999999744
1408687438#0,5280,0,120,70,0.4531746031746032,0.03236961451247146,14.000000000000085
1408687438#0,5400,0,120,70,0.5833333333333334,0.04166666666666756,13.999999999999702
1408687438#0,5520,0,120,70,0.014285714285714285,0.0010204081632650742,14.000000000003181
1408687438#0,5640,0,120,70,0.2773809523809524,0.019812925170067795,14.000000000000165
1408687438#0,5760,0,120,70,0.35595238095238096,0.02542517006802661,14.000000000000332
1408687438#0,5880,0,120,70,0.39404761904761904,0.028146258503402858,13.999999999999254
1408687438#0,6000,0,120,70,0.45833333333333337,0.03273809523809539,13.999999999999934
1408687438#0,6120,0,120,70,0.16666666666666666,0.011904761904761548,14.000000000000417
1408687438#0,6240,0,120,70,0.4166666666666667,0.029761904761903914,14.0000000000004
1408687438#0,6360,0,120,70,0.2765873015873016,0.019756235827663518,14.000000000000625
1408687438#0,6480,0,120,70,0.5567460317460318,0.039767573696144,14.000000000000398
1408687438#0,6600,0,120,70,0.0,0.0,14.0
1408687438#0,6720,0,120,70,0.125,0.008928571428571607,13.999999999999721
1408687438#0,6840,0,120,70,0.0,0.0,14.0
1408687438#0,6960,0,120,70,0.041666666666666664,0.002976190476190707,13.999999999998913
1408687438#0,7080,0,120,70,0.041666666666666664,0.0029761904761904474,14.000000000000135
1409641101#0,0,0,120,40,0.0,0.0,8.0
1409641101#0,0,40,120,40,0.0,0.0,8.0
1409641101#0,120,0,120,40,0.08333333333333334,0.010416666666666675,7.999999999999995
1409641101#0,120,40,120,40,0.04642857142857142,0.005803571428571428,8.0
1409641101#0,240,0,120,40,0.125,0.018284970238095263,6.8362156663275595
1409641101#0,240,40,120,40,0.1619047619047619,0.020859145558002938,7.761811789200762
1409641101#0,360,0,120,40,0.0,0.0,8.0
1409641101#0,360,40,120,40,0.0,0.0,8.0
1409641101#0,480,0,120,40,0.1269345238095238,0.017578125000000062,7.221164021163995
1409641101#0,480,40,120,40,0.11130952380952382,0.013913690476190477,8.0
1409641101#0,600,0,120,40,0.08139880952380951,0.010174851190476243,7.999999999999957
1409641101#0,600,40,120,40,0.09702380952380951,0.012127976190476189,8.0
1409641101#0,720,0,120,40,0.20833333333333334,0.0317708333333333,6.557377049180336
1409641101#0,720,40,120,40,0.20833333333333334,0.026041666666666668,8.0
1409641101#0,840,0,120,40,0.0,0.0,8.0
1409641101#0,840,40,120,40,0.0,0.0,8.0
1409641101#0,960,0,120,40,0.08333333333333334,0.010416666666666668,8.0
1409641101#0,960,40,120,40,0.08333333333333334,0.010416666666666668,8.0
1409641101#0,1080,0,120,40,0.125,0.015625,8.0
1409641101#0,1080,40,120,40,0.09166666666666666,0.011458333333333333,8.0
1409641101#0,1200,0,120,40,0.15500992063492064,0.019376240079364965,8.000000000000048
1409641101#0,1200,40,120,40,0.15833333333333333,0.019791666666666666,8.0
1409641101#0,1320,0,120,40,0.23665674603174605,0.030605158730158694,7.7325769854133
1409641101#0,1320,40,120,40,0.25,0.032287785842754366,7.742866024246193
1409641101#0,1440,0,120,40,0.35833333333333334,0.04745163690476201,7.551548412387283
1409641101#0,1440,40,120,40,0.3537202380952381,0.044215029761904764,8.0
1409641101#0,1560,0,120,40,0.375,0.04758184523809531,7.881157154026571
1409641101#0,1560,40,120,40,0.38080357142857146,0.04760044642857143,8.0
1409641101#0,1680,0,120,40,0.4165178571428571,0.052226387331838264,7.9752377758080035
1409641101#0,1680,40,120,40,0.4321428571428571,0.05935982006778795,7.280056722701602
1409641101#0,1800,0,120,40,0.20818452380952382,0.028236607142857077,7.372859025032955
1409641101#0,1800,40,120,40,0.20833333333333334,0.026041666666666668,8.0
1409641101#0,1920,0,120,40,0.375,0.06302083333333333,5.9504132231404965
1409641101#0,1920,40,120,40,0.340625,0.052734375,6.45925925925926
1409641101#0,2040,0,120,40,0.4583333333333333,0.06515997023809478,7.033970882101106
1409641101#0,2040,40,120,40,0.4927083333333333,0.06158854166666666,8.0
1409641101#0,2160,0,120,40,0.375,0.07666788301245503,4.8912267466558275
1409641101#0,2160,40,120,40,0.375,0.1067820177811954,3.5118272513673974
1409641101#0,2280,0,120,40,0.5829861111111112,0.09748658459595928,5.9801675638483225
1409641101#0,2280,40,120,40,0.5645833333333333,0.07120817550505051,7.928630797362441
1409641101#0,2400,0,120,40,0.4166666666666667,0.060546875,6.881720430107527
1409641101#0,2400,40,120,40,0.4135416666666667,0.05169270833333334,8.0
1409641101#0,2520,0,120,40,0.36458333333333337,0.052734375,6.913580246913581
1409641101#0,2520,40,120,40,0.35520833333333335,0.04498106060606061,7.896842105263158
1409641101#0,2640,0,120,40,0.4270833333333333,0.0703125,6.0740740740740735
1409641101#0,2640,40,120,40,0.4322916666666667,0.054036458333333336,8.0
1409641101#0,2760,0,120,40,0.20833333333333334,0.026041666666666668,8.0
1409641101#0,2760,40,120,40,0.234375,0.029296875,8.0
1409641101#0,2880,0,120,40,0.32083333333333336,0.04166666666666667,7.7
1409641101#0,2880,40,120,40,0.29166666666666663,0.03645833333333333,8.0
1409641101#0,3000,0,120,40,0.09583333333333334,0.011979166666666667,8.0
1409641101#0,3000,40,120,40,0.125,0.01875,6.666666666666667
1409641101#0,3120,0,120,40,0.20833333333333334,0.026041666666666668,8.0
1409641101#0,3120,40,120,40,0.20833333333333334,0.026041666666666668,8.0
1409641101#0,3240,0,120,40,0.04166666666666667,0.005208333333333334,8.0
1409641101#0,3240,40,120,40,0.04166666666666667,0.005208333333333334,8.0
1409641101#0,3360,0,120,40,0.16666666666666669,0.023697916666666666,7.032967032967034
1409641101#0,3360,40,120,40,0.16666666666666669,0.020833333333333336,8.0
1409641101#0,3480,0,120,40,0.08333333333333334,0.013671875,6.095238095238096
1409641101#0,3480,40,120,40,0.08333333333333334,0.010416666666666668,8.0
1409641101#0,3600,0,120,40,0.16666666666666669,0.022786458333333336,7.314285714285714
1409641101#0,3600,40,120,40,0.16666666666666669,0.020833333333333336,8.0
1409641101#0,3720,0,120,40,0.375,0.06970124318397344,5.380104900140784
1409641101#0,3720,40,120,40,0.35,0.06496373429350404,5.387621321439303
1409641101#0,3840,0,120,40,0.08333333333333334,0.011588541666666579,7.191011235955112
1409641101#0,3840,40,120,40,0.10833333333333332,0.013541666666666665,8.0
1409641101#0,3960,0,120,40,0.275,0.04401041666666678,6.2485207100591555
1409641101#0,3960,40,120,40,0.25,0.03125,8.0
1409641101#0,4080,0,120,40,0.4697916666666667,0.08020833333333334,5.857142857142858
1409641101#0,4080,40,120,40,0.4583333333333333,0.057291666666666664,8.0
1409641101#0,4200,0,120,40,0.184375,0.02708333333333333,6.807692307692308
1409641101#0,4200,40,120,40,0.20520833333333335,0.02565104166666667,8.0
1409641101#0,4320,0,120,40,0.15416666666666667,0.019270833333333334,8.0
1409641101#0,4320,40,120,40,0.16979166666666667,0.021223958333333334,8.0
1409641101#0,4440,0,120,40,0.125,0.015625000000000406,7.999999999999792
1409641101#0,4440,40,120,40,0.125,0.015625,8.0
1409641101#0,4560,0,120,40,0.125,0.01562500000000027,7.9999999999998614
1409641101#0,4560,40,120,40,0.125,0.015625,8.0
1409641101#0,4680,0,120,40,0.125,0.01562500000000027,7.9999999999998614
1409641101#0,4680,40,120,40,0.125,0.015625,8.0
1409641101#0,4800,0,120,40,0.125,0.015625,8.0
1409641101#0,4800,40,120,40,0.08333333333333334,0.010416666666666668,8.0
1409641101#0,4920,0,120,40,0.08333333333333334,0.010416666666666397,8.000000000000208
1409641101#0,4920,40,120,40,0.125,0.015625,8.0
1409641101#0,5040,0,120,40,0.0,0.0,8.0
1409641101#0,5040,40,120,40,0.0,0.0,8.0
1409641101#0,5160,0,120,40,0.08333333333333334,0.010416666666666937,7.999999999999794
1409641101#0,5160,40,120,40,0.08333333333333334,0.010416666666666668,8.0
1409641101#0,5280,0,120,40,0.04166666666666667,0.005208333333333648,7.999999999999518
1409641101#0,5280,40,120,40,0.04166666666666667,0.005208333333333334,8.0
1409641101#0,5400,0,120,40,0.0,0.0,8.0
1409641101#0,5400,40,120,40,0.0,0.0,8.0
1409641101#0,5520,0,120,40,0.0,0.0,8.0
1409641101#0,5520,40,120,40,0.0,0.0,8.0
1409641101#0,5640,0,120,40,0.0,0.0,8.0
1409641101#0,5640,40,120,40,0.0,0.0,8.0
1409641101#0,5760,0,120,40,0.08333333333333334,0.010416666666666397,8.000000000000208
1409641101#0,5760,40,120,40,0.08333333333333334,0.010416666666666668,8.0
1409641101#0,5880,0,120,40,0.04166666666666667,0.005208333333333648,7.999999999999518
1409641101#0,5880,40,120,40,0.04166666666666667,0.005208333333333334,8.0
1409641101#0,6000,0,120,40,0.29166666666666663,0.03645833333333428,7.999999999999791
1409641101#0,6000,40,120,40,0.2547619047619048,0.0318452380952381,8.0
1409641101#0,6120,0,120,40,0.3572916666666667,0.05399925595238163,6.616603513606531
1409641101#0,6120,40,120,40,0.3702380952380952,0.04720052083333333,7.8439408866995075
1409641101#0,6240,0,120,40,0.4760416666666667,0.06770833333333334,7.030769230769231
1409641101#0,6240,40,120,40,0.4645833333333333,0.05807291666666666,8.0
1409641101#0,6360,0,120,40,0.125,0.018489583333333604,6.760563380281591
1409641101#0,6360,40,120,40,0.1375,0.0171875,8.0
1409641101#0,6480,0,120,40,0.33333333333333337,0.056431753800917694,5.906839870851448
1409641101#0,6480,40,120,40,0.33422619047619045,0.04669324619908204,7.157912924948043
1409641101#0,6600,0,120,40,0.125,0.015625000000000538,7.999999999999725
1409641101#0,6600,40,120,40,0.1470238095238095,0.018377976190476188,8.0
1409641101#0,6720,0,120,40,0.125,0.015625000000000538,7.999999999999725
1409641101#0,6720,40,120,40,0.125,0.015625,8.0
1409641101#0,6840,0,120,40,0.06711309523809525,0.008389136904762309,7.999999999999616
1409641101#0,6840,40,120,40,0.04166666666666667,0.005208333333333334,8.0
1409641101#0,6960,0,120,40,0.057886904761904744,0.007235863095238093,8.0
1409641101#0,6960,40,120,40,0.08333333333333334,0.010416666666666668,8.0
1409641101#0,7080,0,120,40,0.04166666666666667,0.005208333333333378,7.9999999999999325
1409641101#0,7080,40,120,40,0.04166666666666667,0.005208333333333334,8.0
1409641101#4,0,0,120,40,0.0,0.0,8.0
1409641101#4,0,40,120,40,0.0,0.0,8.0
1409641101#4,120,0,120,40,0.25,0.03190104166666667,7.83673469387755
1409641101#4,120,40,120,40,0.25,0.03125,8.0
1409641101#4,240,0,120,40,0.4583333333333333,0.0761766975308642,6.016713091922005
1409641101#4,240,40,120,40,0.4583333333333333,0.060477981701940034,7.5785156917468814
1409641101#4,360,0,120,40,0.13020833333333331,0.016276041666666664,8.0
1409641101#4,360,40,120,40,0.11458333333333333,0.014322916666666666,8.0
1409641101#4,480,0,120,40,0.28645833333333337,0.10679315476190476,2.6823660558768205
1409641101#4,480,40,120,40,0.30208333333333337,0.14328497023809522,2.108269505387512
1409641101#4,600,0,120,40,0.125,0.017578125,7.111111111111111
1409641101#4,600,40,120,40,0.08333333333333334,0.010416666666666668,8.0
1409641101#4,720,0,120,40,0.375,0.0490885416666666,7.639257294429718
1409641101#4,720,40,120,40,0.39895833333333336,0.04986979166666667,8.0
1409641101#4,840,0,120,40,0.25,0.031510416666666666,7.933884297520661
1409641101#4,840,40,120,40,0.2677083333333333,0.033463541666666666,8.0
1409641101#4,960,0,120,40,0.190625,0.023828125,8.0
1409641101#4,960,40,120,40,0.16666666666666669,0.020833333333333336,8.0
1409641101#4,1080,0,120,40,0.10104166666666667,0.015885416666666666,6.360655737704919
1409641101#4,1080,40,120,40,0.09895833333333334,0.012369791666666668,8.0
1409641101#4,1200,0,120,40,0.125,0.018880208333333336,6.620689655172413
1409641101#4,1200,40,120,40,0.15104166666666669,0.01976102941176471,7.6434108527131785
1409641101#4,1320,0,120,40,0.29166666666666663,0.03841145833333322,7.593220338983072
1409641101#4,1320,40,120,40,0.278125,0.03841145833333333,7.240677966101696
1409641101#4,1440,0,120,40,0.25,0.031250000000000076,7.9999999999999805
1409641101#4,1440,40,120,40,0.22708333333333336,0.05181423611111111,4.38264365890434
1409641101#4,1560,0,120,40,0.3886904761904762,0.05388801714992915,7.212929640907881
1409641101#4,1560,40,120,40,0.39791666666666664,0.05109710189768977,7.787460577772171
1409641101#4,1680,0,120,40,0.4446428571428571,0.07672055598416982,5.795615678731561
1409641101#4,1680,40,120,40,0.41875,0.07524034769548384,5.5654979386164465
1409641101#4,1800,0,120,40,0.35104166666666664,0.09424479166666663,3.724785852445428
1409641101#4,1800,40,120,40,0.346875,0.12877367424242425,2.693679449939331
1409641101#4,1920,0,120,40,0.2947916666666667,0.06698409346846847,4.400920448455937
1409641101#4,1920,40,120,40,0.33125,0.11213048986486487,2.9541474437435267
1409641101#4,2040,0,120,40,0.3125,0.04227430555555539,7.392197125256702
1409641101#4,2040,40,120,40,0.33333333333333337,0.04166666666666667,8.0
1409641101#4,2160,0,120,40,0.5,0.10323988970588235,4.843089249944358
1409641101#4,2160,40,120,40,0.4864583333333333,0.09192708333333334,5.291784702549575
1409641101#4,2280,0,120,40,0.25520833333333337,0.04267670517051657,5.98003834442321
1409641101#4,2280,40,120,40,0.2635416666666667,0.0990445249882131,2.6608403311342017
1409641101#4,2400,0,120,40,0.32291666666666663,0.04622395833333333,6.985915492957746
1409641101#4,2400,40,120,40,0.29166666666666663,0.03645833333333333,8.0
1409641101#4,2520,0,120,40,0.25520833333333337,0.03776041666666667,6.758620689655173
1409641101#4,2520,40,120,40,0.29166666666666663,0.03645833333333333,8.0
1409641101#4,2640,0,120,40,0.16666666666666669,0.020833333333333336,8.0
1409641101#4,2640,40,120,40,0.16666666666666669,0.020833333333333336,8.0
1409641101#4,2760,0,120,40,0.16666666666666669,0.020833333333333336,8.0
1409641101#4,2760,40,120,40,0.16666666666666669,0.020833333333333336,8.0
1409641101#4,2880,0,120,40,0.27083333333333337,0.03841145833333333,7.05084745762712
1409641101#4,2880,40,120,40,0.25,0.03231534090909091,7.736263736263735
1409641101#4,3000,0,120,40,0.14583333333333331,0.018229166666666664,8.0
1409641101#4,3000,40,120,40,0.14166666666666666,0.017708333333333333,8.0
1409641101#4,3120,0,120,40,0.08333333333333334,0.010416666666666668,8.0
1409641101#4,3120,40,120,40,0.10833333333333332,0.013541666666666665,8.0
1409641101#4,3240,0,120,40,0.051041666666666666,0.006380208333333333,8.0
1409641101#4,3240,40,120,40,0.04166666666666667,0.005208333333333334,8.0
1409641101#4,3360,0,120,40,0.215625,0.03229166666666667,6.677419354838709
1409641101#4,3360,40,120,40,0.20833333333333334,0.026041666666666668,8.0
1409641101#4,3480,0,120,40,0.30625,0.04335937499999984,7.0630630630630895
1409641101#4,3480,40,120,40,0.29166666666666663,0.03645833333333333,8.0
1409641101#4,3600,0,120,40,0.30208333333333337,0.04361979166666667,6.925373134328359
1409641101#4,3600,40,120,40,0.33333333333333337,0.04166666666666667,8.0
1409641101#4,3720,0,120,40,0.375,0.06236979166666666,6.012526096033404
1409641101#4,3720,40,120,40,0.33854166666666663,0.04231770833333333,8.0
1409641101#4,3840,0,120,40,0.25,0.034505208333333086,7.245283018867976
1409641101#4,3840,40,120,40,0.28645833333333337,0.03580729166666667,8.0
1409641101#4,3960,0,120,40,0.125,0.015624999999999839,8.000000000000083
1409641101#4,3960,40,120,40,0.125,0.015625,8.0
1409641101#4,4080,0,120,40,0.33333333333333337,0.04916087962962963,6.780459093584462
1409641101#4,4080,40,120,40,0.29166666666666663,0.040596064814814814,7.184604419101924
1409641101#4,4200,0,120,40,0.08333333333333334,0.01041666666666698,7.99999999999976
1409641101#4,4200,40,120,40,0.125,0.015625,8.0
1409641101#4,4320,0,120,40,0.08333333333333334,0.010416666666666668,8.0
1409641101#4,4320,40,120,40,0.08333333333333334,0.010416666666666668,8.0
1409641101#4,4440,0,120,40,0.16666666666666669,0.020833333333333738,7.9999999999998455
1409641101#4,4440,40,120,40,0.13288690476190476,0.01762209145021645,7.540926974378658
1409641101#4,4560,0,120,40,0.29166666666666663,0.04139623397435897,7.045729494314057
1409641101#4,4560,40,120,40,0.3254464285714286,0.051836652930402925,6.278307147037067
1409641101#4,4680,0,120,40,0.33333333333333337,0.041666666666667296,7.99999999999988
1409641101#4,4680,40,120,40,0.29409722222222223,0.03676215277777778,8.0
1409641101#4,4800,0,120,40,0.04166666666666667,0.005208333333333334,8.0
1409641101#4,4800,40,120,40,0.08090277777777775,0.01011284722222222,8.0
1409641101#4,4920,0,120,40,0.375,0.055006334459459315,6.817396645042435
1409641101#4,4920,40,120,40,0.33645833333333336,0.052881923116298114,6.362445113680775
1409641101#4,5040,0,120,40,0.08333333333333334,0.01232638888888889,6.76056338028169
1409641101#4,5040,40,120,40,0.121875,0.017491319444444445,6.967741935483871
1409641101#4,5160,0,120,40,0.078125,0.009765625,8.0
1409641101#4,5160,40,120,40,0.04166666666666667,0.005208333333333334,8.0
1409641101#4,5280,0,120,40,0.171875,0.021484375000000628,7.999999999999766
1409641101#4,5280,40,120,40,0.17534722222222224,0.02191840277777778,8.0
1409641101#4,5400,0,120,40,0.08333333333333334,0.013020833333333334,6.4
1409641101#4,5400,40,120,40,0.11631944444444442,0.014539930555555552,8.0
1409641101#4,5520,0,120,40,0.29166666666666663,0.0390625,7.466666666666666
1409641101#4,5520,40,120,40,0.29166666666666663,0.03645833333333333,8.0
1409641101#4,5640,0,120,40,0.33854166666666663,0.04557291666666667,7.428571428571427
1409641101#4,5640,40,120,40,0.32291666666666663,0.04036458333333333,8.0
1409641101#4,5760,0,120,40,0.5364583333333333,0.08580729166666666,6.251896813353565
1409641101#4,5760,40,120,40,0.5104166666666667,0.06380208333333334,8.0
1409641101#4,5880,0,120,40,0.16909722222222223,0.023741319444444763,7.122486288848168
1409641101#4,5880,40,120,40,0.20833333333333334,0.026041666666666668,8.0
1409641101#4,6000,0,120,40,0.6197916666666667,0.10507812500000062,5.898389095415084
1409641101#4,6000,40,120,40,0.5833333333333333,0.07291666666666664,8.000000000000002
1409641101#4,6120,0,120,40,0.46111111111111114,0.073869181681682,6.242266404116089
1409641101#4,6120,40,120,40,0.5,0.06333403716216214,7.894649108184701
1409641101#4,6240,0,120,40,0.33333333333333337,0.049014136904761633,6.800759013282771
1409641101#4,6240,40,120,40,0.33333333333333337,0.04166666666666667,8.0
1409641101#4,6360,0,120,40,0.4166666666666667,0.07813725490196079,5.3324968632371395
1409641101#4,6360,40,120,40,0.390625,0.06659773284313726,5.865439907993099
1409641101#4,6480,0,120,40,0.4166666666666667,0.0625,6.666666666666667
1409641101#4,6480,40,120,40,0.4270833333333333,0.05445075757575758,7.8434782608695635
1409641101#4,6600,0,120,40,0.609375,0.10546875,5.777777777777778
1409641101#4,6600,40,120,40,0.5989583333333333,0.07486979166666666,8.0
1409641101#4,6720,0,120,40,0.4541666666666667,0.07291666666666666,6.22857142857143
1409641101#4,6720,40,120,40,0.4583333333333333,0.05835700757575758,7.853955375253548
1409641101#4,6840,0,120,40,0.26979166666666665,0.048046875,5.615176151761517
1409641101#4,6840,40,120,40,0.29166666666666663,0.03680555555555555,7.9245283018867925
1409641101#4,6960,0,120,40,0.20833333333333334,0.031901041666666796,6.530612244897933
1409641101#4,6960,40,120,40,0.20833333333333334,0.026041666666666668,8.0
1409641101#4,7080,0,120,40,0.0,0.0,8.0
1409641101#4,7080,40,120,40,0.0,0.0,8.0
1409641101#8,0,0,120,40,0.0,0.0,8.0
1409641101#8,0,40,120,40,0.0,0.0,8.0
1409641101#8,120,0,120,40,0.20833333333333334,0.026041666666666668,8.0
1409641101#8,120,40,120,40,0.20833333333333334,0.026041666666666668,8.0
1409641101#8,240,0,120,40,0.5,0.0828125,6.037735849056604
1409641101#8,240,40,120,40,0.471875,0.058984375,8.0
1409641101#8,360,0,120,40,0.33333333333333337,0.043619791666666644,7.641791044776125
1409641101#8,360,40,120,40,0.33541666666666664,0.04192708333333333,8.0
1409641101#8,480,0,120,40,0.5833333333333333,0.11663411458333332,5.001395478649177
1409641101#8,480,40,120,40,0.5854166666666667,0.08518880208333333,6.8719908291937335
1409641101#8,600,0,120,40,0.125,0.017578125,7.111111111111111
1409641101#8,600,40,120,40,0.14895833333333333,0.018619791666666666,8.0
1409641101#8,720,0,120,40,0.303125,0.039694940476190446,7.636363636363642
1409641101#8,720,40,120,40,0.2875,0.0359375,8.0
1409641101#8,840,0,120,40,0.28020833333333334,0.038802083333333334,7.221476510067114
1409641101#8,840,40,120,40,0.29583333333333334,0.03697916666666667,8.0
1409641101#8,960,0,120,40,0.2875,0.04505208333333337,6.381502890173405
1409641101#8,960,40,120,40,0.25,0.03465909090909091,7.213114754098361
1409641101#8,1080,0,120,40,0.215625,0.026953124999999894,8.000000000000032
1409641101#8,1080,40,120,40,0.25,0.03125,8.0
1409641101#8,1200,0,120,40,0.371875,0.05182291666666673,7.175879396984916
1409641101#8,1200,40,120,40,0.3540178571428571,0.04425223214285714,8.0
1409641101#8,1320,0,120,40,0.4739583333333333,0.07165178571428618,6.61474558670816
1409641101#8,1320,40,120,40,0.4793154761904762,0.059914434523809526,8.0
1409641101#8,1440,0,120,40,0.609375,0.11155598958333332,5.462503647505107
1409641101#8,1440,40,120,40,0.6010416666666667,0.07672526041666666,7.833686890114553
1409641101#8,1560,0,120,40,0.5785714285714286,0.08545386904761894,6.770570309098834
1409641101#8,1560,40,120,40,0.565625,0.070703125,8.0
1409641101#8,1680,0,120,40,0.46309523809523806,0.07961309523809536,5.816822429906533
1409641101#8,1680,40,120,40,0.4847222222222222,0.06059027777777778,8.0
1409641101#8,1800,0,120,40,0.5413194444444445,0.08797743055555571,6.152935372471623
1409641101#8,1800,40,120,40,0.5184027777777778,0.06480034722222222,8.0
1409641101#8,1920,0,120,40,0.4583333333333333,0.08046875,5.695792880258899
1409641101#8,1920,40,120,40,0.496875,0.062109375,8.0
1409641101#8,2040,0,120,40,0.4583333333333333,0.06640625,6.901960784313725
1409641101#8,2040,40,120,40,0.4333333333333333,0.05416666666666666,8.0
1409641101#8,2160,0,120,40,0.6010416666666667,0.12265625,4.900212314225054
1409641101#8,2160,40,120,40,0.56875,0.08580729166666666,6.628224582701063
1409641101#8,2280,0,120,40,0.59375,0.11419270833333332,5.199543899657925
1409641101#8,2280,40,120,40,0.6229166666666667,0.07786458333333333,8.0
1409641101#8,2400,0,120,40,0.5135416666666667,0.09361979166666666,5.485396383866481
1409641101#8,2400,40,120,40,0.5416666666666667,0.06770833333333334,8.0
1409641101#8,2520,0,120,40,0.5170138888888889,0.08702256944444414,5.941147132169597
1409641101#8,2520,40,120,40,0.5,0.0625,8.0
1409641101#8,2640,0,120,40,0.48298611111111117,0.07252604166666668,6.659485338120885
1409641101#8,2640,40,120,40,0.4875,0.0609375,8.0
1409641101#8,2760,0,120,40,0.25,0.03841145833333333,6.508474576271187
1409641101#8,2760,40,120,40,0.2625,0.0328125,8.0
1409641101#8,2880,0,120,40,0.4583333333333333,0.06471354166666667,7.082494969818914
1409641101#8,2880,40,120,40,0.4583333333333333,0.057291666666666664,8.0
1409641101#8,3000,0,120,40,0.09895833333333334,0.012369791666666668,8.0
1409641101#8,3000,40,120,40,0.08333333333333334,0.010416666666666668,8.0
1409641101#8,3120,0,120,40,0.3108630952380953,0.03885788690476217,7.999999999999947
1409641101#8,3120,40,120,40,0.29166666666666663,0.03645833333333333,8.0
1409641101#8,3240,0,120,40,0.42351190476190476,0.06633184523809524,6.3847448121144135
1409641101#8,3240,40,120,40,0.42946428571428574,0.05368303571428572,8.0
1409641101#8,3360,0,120,40,0.125,0.015625,8.0
1409641101#8,3360,40,120,40,0.11220238095238097,0.014025297619047621,8.0
1409641101#8,3480,0,120,40,0.33333333333333337,0.05664062499999985,5.885057471264385
1409641101#8,3480,40,120,40,0.375,0.046875,8.0
1409641101#8,3600,0,120,40,0.39791666666666664,0.050130208333333336,7.937662337662337
1409641101#8,3600,40,120,40,0.375,0.046875,8.0
1409641101#8,3720,0,120,40,0.10208333333333333,0.012760416666666666,8.0
1409641101#8,3720,40,120,40,0.125,0.015625,8.0
1409641101#8,3840,0,120,40,0.484375,0.07877604166666642,6.148760330578532
1409641101#8,3840,40,120,40,0.4583333333333333,0.057291666666666664,8.0
1409641101#8,3960,0,120,40,0.140625,0.01757812499999984,8.000000000000073
1409641101#8,3960,40,120,40,0.16666666666666669,0.020833333333333336,8.0
1409641101#8,4080,0,120,40,0.48125,0.07955729166666654,6.049099836333888
1409641101#8,4080,40,120,40,0.4583333333333333,0.057291666666666664,8.0
1409641101#8,4200,0,120,40,0.14375,0.022005208333333647,6.532544378698131
1409641101#8,4200,40,120,40,0.16666666666666669,0.020833333333333336,8.0
1409641101#8,4320,0,120,40,0.33333333333333337,0.0464285714285726,7.1794871794869985
1409641101#8,4320,40,120,40,0.33333333333333337,0.04166666666666667,8.0
1409641101#8,4440,0,120,40,0.4583333333333333,0.0735677083333336,6.230088495575198
1409641101#8,4440,40,120,40,0.4583333333333333,0.057291666666666664,8.0
1409641101#8,4560,0,120,40,0.5135416666666667,0.08828124999999987,5.817109144542782
1409641101#8,4560,40,120,40,0.4979166666666667,0.062239583333333334,8.0
1409641101#8,4680,0,120,40,0.4447916666666667,0.06796875,6.544061302681993
1409641101#8,4680,40,120,40,0.440625,0.055078125,8.0
1409641101#8,4800,0,120,40,0.16666666666666669,0.020833333333332517,8.000000000000314
1409641101#8,4800,40,120,40,0.18645833333333334,0.023307291666666667,8.0
1409641101#8,4920,0,120,40,0.4166666666666667,0.07356770833333334,5.663716814159292
1409641101#8,4920,40,120,40,0.390625,0.048828125,8.0
1409641101#8,5040,0,120,40,0.20833333333333334,0.026041666666665853,8.00000000000025
1409641101#8,5040,40,120,40,0.234375,0.029296875,8.0
1409641101#8,5160,0,120,40,0.196875,0.024609374999999052,8.000000000000307
1409641101#8,5160,40,120,40,0.16666666666666669,0.020833333333333336,8.0
1409641101#8,5280,0,120,40,0.21979166666666666,0.032031249999999734,6.861788617886236
1409641101#8,5280,40,120,40,0.25,0.03125,8.0
1409641101#8,5400,0,120,40,0.08333333333333334,0.01041666666666698,7.99999999999976
1409641101#8,5400,40,120,40,0.08333333333333334,0.010416666666666668,8.0
1409641101#8,5520,0,120,40,0.20833333333333334,0.026041666666666668,8.0
1409641101#8,5520,40,120,40,0.16979166666666667,0.021223958333333334,8.0
1409641101#8,5640,0,120,40,0.29166666666666663,0.03645833333333333,8.0
1409641101#8,5640,40,120,40,0.303125,0.037890625,8.0
1409641101#8,5760,0,120,40,0.5,0.06355973479135243,7.866615580466945
1409641101#8,5760,40,120,40,0.5010416666666667,0.07044333678984414,7.112690702904099
1409641101#8,5880,0,120,40,0.20833333333333334,0.026041666666666668,8.0
1409641101#8,5880,40,120,40,0.234375,0.029296875,8.0
1409641101#8,6000,0,120,40,0.375,0.04687500000000251,7.999999999999571
1409641101#8,6000,40,120,40,0.3440972222222222,0.04301215277777778,8.0
1409641101#8,6120,0,120,40,0.4756944444444445,0.08930206078643704,5.326802542463742
1409641101#8,6120,40,120,40,0.48923611111111115,0.10034834956709957,4.875377753811241
1409641101#8,6240,0,120,40,0.39895833333333336,0.06706659226190514,5.948689502149461
1409641101#8,6240,40,120,40,0.4166666666666667,0.05871465773809524,7.0964676065262156
1409641101#8,6360,0,120,40,0.41909722222222223,0.06475694444444481,6.4718498659517065
1409641101#8,6360,40,120,40,0.40347222222222223,0.05043402777777778,8.0
1409641101#8,6480,0,120,40,0.46944444444444444,0.07235243055555515,6.4883023395321295
1409641101#8,6480,40,120,40,0.46944444444444444,0.058680555555555555,8.0
1409641101#8,6600,0,120,40,0.528125,0.066015625,8.0
1409641101#8,6600,40,120,40,0.54375,0.06796875,8.0
1409641101#8,6720,0,120,40,0.375,0.06370907738095238,5.886131386861313
1409641101#8,6720,40,120,40,0.375,0.06164434523809524,6.08328304164152
1409641101#8,6840,0,120,40,0.29166666666666663,0.07400669642857144,3.941084803699793
1409641101#8,6840,40,120,40,0.29166666666666663,0.10459449404761904,2.788547038947181
1409641101#8,6960,0,120,40,0.45625,0.07369791666666667,6.190812720848056
1409641101#8,6960,40,120,40,0.4166666666666667,0.052083333333333336,8.0
1409641101#8,7080,0,120,40,0.04375,0.008984375,4.869565217391305
1409641101#8,7080,40,120,40,0.08333333333333334,0.010416666666666668,8.0
1409649739#0,0,0,120,70,0.08333333333333333,0.005952380952380948,14.00000000000001
1409649739#0,120,0,120,70,0.5833333333333334,0.046449829931972796,12.558352402745994
1409649739#0,240,0,120,70,0.19583333333333333,0.013988095238095265,13.999999999999973
1409649739#0,360,0,120,70,0.4708333333333334,0.03383458646616538,13.915740740740757
1409649739#0,480,0,120,70,0.5,0.035740186879349545,13.989854101431598
1409649739#0,600,0,120,70,1.3296626984126985,0.10848765432098766,12.256350335297704
1409649739#0,720,0,120,70,1.0452380952380953,0.07698114333452685,13.57784581992945
1409649739#0,840,0,120,70,1.125,0.0854263541183601,13.16923813044026
1409649739#0,960,0,120,70,0.9583333333333333,0.08042909471480922,11.915256994144404
1409649739#0,1080,0,120,70,1.0833333333333333,0.07971482940154608,13.590110415670312
1409649739#0,1200,0,120,70,0.4660714285714286,0.033290816326530824,13.999999999999911
1409649739#0,1320,0,120,70,0.5339285714285714,0.038240353503297984,13.962438171041581
1409649739#0,1440,0,120,70,0.2916666666666667,0.020833333333333287,14.000000000000032
1409649739#0,1560,0,120,70,0.8154761904761905,0.0625551146384478,13.036123348017655
1409649739#0,1680,0,120,70,0.5589285714285714,0.05908367976820339,9.459948561453103
1409649739#0,1800,0,120,70,0.5422619047619048,0.04659499317526371,11.637771953785373
1409649739#0,1920,0,120,70,0.625,0.044642857142857144,14.0
1409649739#0,2040,0,120,70,0.69375,0.052279694772645595,13.269970358797735
1409649739#0,2160,0,120,70,0.5979166666666667,0.04524872448979539,13.214000469814577
1409649739#0,2280,0,120,70,0.4745535714285714,0.03389668367346891,14.000000000000197
1409649739#0,2400,0,120,70,1.3063988095238095,0.09358486608251515,13.95950931181478
1409649739#0,2520,0,120,70,0.7011904761904763,0.05440511215585664,12.888319652420641
1409649739#0,2640,0,120,70,0.5178571428571429,0.18363016502897486,2.8201093364776457
1409649739#0,2760,0,120,70,0.75,0.06808452547685807,11.015718986760435
1409649739#0,2880,0,120,70,0.39389880952380957,0.028135629251700885,13.9999999999999
1409649739#0,3000,0,120,70,1.1537202380952383,0.17382015306122378,6.63743655598364
1409649739#0,3120,0,120,70,1.3063988095238095,0.10139243197278802,12.884579096341474
1409649739#0,3240,0,120,70,0.5208333333333334,0.03723237203803418,13.988722845841886
1409649739#0,3360,0,120,70,0.4166666666666667,0.029761904761904826,13.99999999999997
1409649739#0,3480,0,120,70,0.4166666666666667,0.03207908163265248,12.988734261100301
1409649739#0,3600,0,120,70,1.25,0.08938863222593985,13.983881046982395
1409649739#0,3720,0,120,70,0.875,0.06481717687074881,13.499508035421343
1409649739#0,3840,0,120,70,0.7915178571428572,0.05656698088157239,13.992577380079108
1409649739#0,3960,0,120,70,0.9166666666666667,0.08065476190476188,11.365313653136536
1409649739#0,4080,0,120,70,1.1799107142857144,0.09223621328159302,12.792271845370536
1409649739#0,4200,0,120,70,0.3083333333333333,0.022023809523809765,13.999999999999845
1409649739#0,4320,0,120,70,0.4488095238095239,0.03205782312925151,14.000000000000085
1409649739#0,4440,0,120,70,0.9691964285714286,0.07790965923406358,12.440003436026807
1409649739#0,4560,0,120,70,0.6770833333333334,0.048441043083899536,13.977472205968603
1409649739#0,4680,0,120,70,0.9166666666666667,0.06768409118033233,13.543310557637096
1409649739#0,4800,0,120,70,0.9583333333333333,0.07647093925289535,12.531993757315448
1409649739#0,4920,0,120,70,0.9669642857142857,0.06913265306122547,13.98708487084851
1409649739#0,5040,0,120,70,0.44970238095238096,0.03212159863945583,13.99999999999998
1409649739#0,5160,0,120,70,0.25,0.017857142857143526,13.999999999999476
1409649739#0,5280,0,120,70,0.375,0.026785714285714184,14.000000000000053
1409649739#0,5400,0,120,70,0.3125,0.022321428571428718,13.999999999999908
1409649739#0,5520,0,120,70,0.3125,0.022321428571428634,13.999999999999961
1409649739#0,5640,0,120,70,0.125,0.008928571428571588,13.999999999999751
1409649739#0,5760,0,120,70,0.4270833333333333,0.030505952380951714,14.000000000000306
1409649739#0,5880,0,120,70,0.65625,0.05165816326530656,12.703703703703596
1409649739#0,6000,0,120,70,0.8208333333333334,0.05863095238095184,14.000000000000131
1409649739#0,6120,0,120,70,0.5958333333333333,0.042627401837927764,13.977707006369554
1409649739#0,6240,0,120,70,0.2111111111111111,0.015079365079365054,14.000000000000023
1409649739#0,6360,0,120,70,0.8722222222222222,0.06232748846665113,13.994182080494266
1409649739#0,6480,0,120,70,0.36041666666666666,0.02574404761904746,14.000000000000085
1409649739#0,6600,0,120,70,0.47232142857142856,0.033737244897960095,13.999999999999622
1409649739#0,6720,0,120,70,0.3755952380952381,0.026844070961718463,13.991739130434551
1409649739#0,6840,0,120,70,0.20833333333333334,0.014880952380952765,13.99999999999964
1409649739#0,6960,0,120,70,0.3333333333333333,0.023809523809523506,14.000000000000178
1409649739#0,7080,0,120,70,0.0,0.0,14.0
1409649740#0,0,0,120,40,0.0,0.0,8.0
1409649740#0,0,40,120,40,0.0,0.0,8.0
1409649740#0,120,0,120,40,0.04166666666666667,0.005208333333333337,7.999999999999995
1409649740#0,120,40,120,40,0.01964285714285715,0.0024553571428571437,8.0
1409649740#0,240,0,120,40,0.0,0.0,8.0
1409649740#0,240,40,120,40,0.022023809523809522,0.0027529761904761876,8.000000000000007
1409649740#0,360,0,120,40,0.08333333333333334,0.010416666666666614,8.00000000000004
1409649740#0,360,40,120,40,0.08333333333333334,0.010416666666666697,7.999999999999978
1409649740#0,480,0,120,40,0.0,0.0,8.0
1409649740#0,480,40,120,40,0.0,0.0,8.0
1409649740#0,600,0,120,40,0.0,0.0,8.0
1409649740#0,600,40,120,40,0.0,0.0,8.0
1409649740#0,720,0,120,40,0.04166666666666667,0.005208333333333334,8.0
1409649740#0,720,40,120,40,0.04166666666666667,0.005208333333333334,8.0
1409649740#0,840,0,120,40,0.29166666666666663,0.045461309523809695,6.415711947626816
1409649740#0,840,40,120,40,0.29166666666666663,0.03645833333333319,8.00000000000003
1409649740#0,960,0,120,40,0.0,0.0,8.0
1409649740#0,960,40,120,40,0.0,0.0,8.0
1409649740#0,1080,0,120,40,0.0,0.0,8.0
1409649740#0,1080,40,120,40,0.0,0.0,8.0
1409649740#0,1200,0,120,40,0.08333333333333334,0.010416666666666668,8.0
1409649740#0,1200,40,120,40,0.08333333333333334,0.010416666666666668,8.0
1409649740#0,1320,0,120,40,0.0,0.0,8.0
1409649740#0,1320,40,120,40,0.0,0.0,8.0
1409649740#0,1440,0,120,40,0.125,0.015625000000000035,7.999999999999982
1409649740#0,1440,40,120,40,0.125,0.015624999999999981,8.00000000000001
1409649740#0,1560,0,120,40,0.0,0.0,8.0
1409649740#0,1560,40,120,40,0.0,0.0,8.0
1409649740#0,1680,0,120,40,0.125,0.016927083333333336,7.384615384615383
1409649740#0,1680,40,120,40,0.125,0.016493055555555556,7.578947368421052
1409649740#0,1800,0,120,40,0.0,0.0,8.0
1409649740#0,1800,40,120,40,0.0,0.0,8.0
1409649740#0,1920,0,120,40,0.125,0.015625,8.0
1409649740#0,1920,40,120,40,0.125,0.01562499999999999,8.000000000000005
1409649740#0,2040,0,120,40,0.04166666666666667,0.005208333333333334,8.0
1409649740#0,2040,40,120,40,0.04166666666666667,0.005208333333333334,8.0
1409649740#0,2160,0,120,40,0.08333333333333334,0.010416666666666395,8.00000000000021
1409649740#0,2160,40,120,40,0.0732142857142857,0.009151785714285836,7.9999999999998925
1409649740#0,2280,0,120,40,0.0,0.0,8.0
1409649740#0,2280,40,120,40,0.010119047619047628,0.0012648809523809808,7.999999999999827
1409649740#0,2400,0,120,40,0.0,0.0,8.0
1409649740#0,2400,40,120,40,0.0,0.0,8.0
1409649740#0,2520,0,120,40,0.29166666666666663,0.04122023809523796,7.0758122743682526
1409649740#0,2520,40,120,40,0.29166666666666663,0.03789528901531124,7.696647109587196
1409649740#0,2640,0,120,40,0.08333333333333334,0.010416666666666258,8.000000000000314
1409649740#0,2640,40,120,40,0.08333333333333334,0.011177651955090979,7.455352310856155
1409649740#0,2760,0,120,40,0.0,0.0,8.0
1409649740#0,2760,40,120,40,0.0,0.0,8.0
1409649740#0,2880,0,120,40,0.04166666666666667,0.005208333333333401,7.999999999999898
1409649740#0,2880,40,120,40,0.04166666666666667,0.005208333333333333,8.000000000000002
1409649740#0,3000,0,120,40,0.0,0.0,8.0
1409649740#0,3000,40,120,40,0.0,0.0,8.0
1409649740#0,3120,0,120,40,0.0,0.0,8.0
1409649740#0,3120,40,120,40,0.0,0.0,8.0
1409649740#0,3240,0,120,40,0.08333333333333334,0.010416666666666668,8.0
1409649740#0,3240,40,120,40,0.08333333333333334,0.010416666666666668,8.0
1409649740#0,3360,0,120,40,0.08333333333333334,0.010416666666666668,8.0
1409649740#0,3360,40,120,40,0.08333333333333334,0.010416666666666668,8.0
1409649740#0,3480,0,120,40,0.0,0.0,8.0
1409649740#0,3480,40,120,40,0.0,0.0,8.0
1409649740#0,3600,0,120,40,0.04166666666666667,0.005208333333333334,8.0
1409649740#0,3600,40,120,40,0.04166666666666667,0.005208333333333334,8.0
1409649740#0,3720,0,120,40,0.0,0.0,8.0
1409649740#0,3720,40,120,40,0.0,0.0,8.0
1409649740#0,3840,0,120,40,0.20833333333333334,0.02860863095238082,7.282184655396653
1409649740#0,3840,40,120,40,0.20833333333333334,0.02604166666666676,7.999999999999972
1409649740#0,3960,0,120,40,0.08333333333333334,0.010416666666666258,8.000000000000314
1409649740#0,3960,40,120,40,0.08333333333333334,0.01041666666666691,7.9999999999998135
1409649740#0,4080,0,120,40,0.0,0.0,8.0
1409649740#0,4080,40,120,40,0.0,0.0,8.0
1409649740#0,4200,0,120,40,0.0,0.0,8.0
1409649740#0,4200,40,120,40,0.0,0.0,8.0
1409649740#0,4320,0,120,40,0.4583333333333333,0.07192712822308438,6.372190085384714
1409649740#0,4320,40,120,40,0.4583333333333333,0.0703126122243766,6.518508114457939
1409649740#0,4440,0,120,40,0.0,0.0,8.0
1409649740#0,4440,40,120,40,0.0,0.0,8.0
1409649740#0,4560,0,120,40,0.08333333333333334,0.010416666666667207,7.999999999999586
1409649740#0,4560,40,120,40,0.08333333333333334,0.010416666666666342,8.00000000000025
1409649740#0,4680,0,120,40,0.03928571428571429,0.004910714285714827,7.99999999999912
1409649740#0,4680,40,120,40,0.0,0.0,8.0
1409649740#0,4800,0,120,40,0.294047619047619,0.049627976190477006,5.925037481259272
1409649740#0,4800,40,120,40,0.33333333333333337,0.04166666666666553,8.000000000000218
1409649740#0,4920,0,120,40,0.0,0.0,8.0
1409649740#0,4920,40,120,40,0.0,0.0,8.0
1409649740#0,5040,0,120,40,0.0,0.0,8.0
1409649740#0,5040,40,120,40,0.0,0.0,8.0
1409649740#0,5160,0,120,40,0.0,0.0,8.0
1409649740#0,5160,40,120,40,0.0,0.0,8.0
1409649740#0,5280,0,120,40,0.0,0.0,8.0
1409649740#0,5280,40,120,40,0.0,0.0,8.0
1409649740#0,5400,0,120,40,0.04166666666666667,0.005208333333333334,8.0
1409649740#0,5400,40,120,40,0.04166666666666667,0.005208333333333334,8.0
1409649740#0,5520,0,120,40,0.0,0.0,8.0
1409649740#0,5520,40,120,40,0.0,0.0,8.0
1409649740#0,5640,0,120,40,0.0,0.0,8.0
1409649740#0,5640,40,120,40,0.0,0.0,8.0
1409649740#0,5760,0,120,40,0.04166666666666667,0.005208333333333334,8.0
1409649740#0,5760,40,120,40,0.04166666666666667,0.005208333333333334,8.0
1409649740#0,5880,0,120,40,0.08333333333333334,0.010416666666666668,8.0
1409649740#0,5880,40,120,40,0.08333333333333334,0.010416666666666668,8.0
1409649740#0,6000,0,120,40,0.0,0.0,8.0
1409649740#0,6000,40,120,40,0.0,0.0,8.0
1409649740#0,6120,0,120,40,0.08333333333333334,0.010416666666667207,7.999999999999586
1409649740#0,6120,40,120,40,0.08333333333333334,0.010416666666666342,8.00000000000025
1409649740#0,6240,0,120,40,0.08333333333333334,0.010416666666666668,8.0
1409649740#0,6240,40,120,40,0.08333333333333334,0.010416666666666668,8.0
1409649740#0,6360,0,120,40,0.0,0.0,8.0
1409649740#0,6360,40,120,40,0.0,0.0,8.0
1409649740#0,6480,0,120,40,0.0,0.0,8.0
1409649740#0,6480,40,120,40,0.0,0.0,8.0
1409649740#0,6600,0,120,40,0.0,0.0,8.0
1409649740#0,6600,40,120,40,0.0,0.0,8.0
1409649740#0,6720,0,120,40,0.0,0.0,8.0
1409649740#0,6720,40,120,40,0.0,0.0,8.0
1409649740#0,6840,0,120,40,0.125,0.019345238095238096,6.461538461538462
1409649740#0,6840,40,120,40,0.125,0.021800595238095237,5.733788395904437
1409649740#0,6960,0,120,40,0.0,0.0,8.0
1409649740#0,6960,40,120,40,0.0,0.0,8.0
1409649740#0,7080,0,120,40,0.0,0.0,8.0
1409649740#0,7080,40,120,40,0.0,0.0,8.0
1409649740#5,0,0,120,40,0.20833333333333334,0.028645833333333332,7.272727272727273
1409649740#5,0,40,120,40,0.1875,0.0234375,8.0
1409649740#5,120,0,120,40,0.33333333333333337,0.057291666666666664,5.818181818181819
1409649740#5,120,40,120,40,0.35416666666666663,0.04427083333333333,8.0
1409649740#5,240,0,120,40,0.16666666666666669,0.020833333333333287,8.00000000000002
1409649740#5,240,40,120,40,0.16666666666666669,0.020833333333333336,8.0
1409649740#5,360,0,120,40,0.125,0.015624999999999995,8.000000000000004
1409649740#5,360,40,120,40,0.125,0.015625,8.0
1409649740#5,480,0,120,40,0.4479166666666667,0.08229166666666667,5.443037974683545
1409649740#5,480,40,120,40,0.4166666666666667,0.05677083333333334,7.339449541284403
1409649740#5,600,0,120,40,0.17708333333333331,0.022135416666666602,8.000000000000023
1409649740#5,600,40,120,40,0.20833333333333334,0.026041666666666668,8.0
1409649740#5,720,0,120,40,0.16666666666666669,0.020833333333333315,8.000000000000009
1409649740#5,720,40,120,40,0.16666666666666669,0.020833333333333336,8.0
1409649740#5,840,0,120,40,0.5,0.08348214285714292,5.98930481283422
1409649740#5,840,40,120,40,0.4267857142857142,0.05334821428571428,8.0
1409649740#5,960,0,120,40,0.16666666666666669,0.02267156862745094,7.351351351351365
1409649740#5,960,40,120,40,0.23988095238095236,0.0375218837535014,6.393094599323457
1409649740#5,1080,0,120,40,0.125,0.015624999999999967,8.000000000000018
1409649740#5,1080,40,120,40,0.125,0.015625,8.0
1409649740#5,1200,0,120,40,0.1598214285714286,0.019977678571428396,8.000000000000071
1409649740#5,1200,40,120,40,0.10089285714285716,0.012611607142857145,8.0
1409649740#5,1320,0,120,40,0.17351190476190476,0.021688988095238164,7.999999999999974
1409649740#5,1320,40,120,40,0.2324404761904762,0.029055059523809525,8.0
1409649740#5,1440,0,120,40,0.08333333333333334,0.0104166666666666,8.000000000000052
1409649740#5,1440,40,120,40,0.08333333333333334,0.010416666666666671,7.999999999999997
1409649740#5,1560,0,120,40,0.25,0.03365575396825389,7.428150331613871
1409649740#5,1560,40,120,40,0.25,0.03125,8.0
1409649740#5,1680,0,120,40,0.20833333333333334,0.0331473214285715,6.285072951739606
1409649740#5,1680,40,120,40,0.20833333333333334,0.026041666666666668,8.0
1409649740#5,1800,0,120,40,0.33333333333333337,0.04687499999999979,7.111111111111144
1409649740#5,1800,40,120,40,0.33333333333333337,0.04166666666666667,8.0
1409649740#5,1920,0,120,40,0.16666666666666669,0.020833333333333114,8.000000000000085
1409649740#5,1920,40,120,40,0.16666666666666669,0.020833333333333336,8.0
1409649740#5,2040,0,120,40,0.33333333333333337,0.04947916666666646,6.736842105263186
1409649740#5,2040,40,120,40,0.33333333333333337,0.04505208333333333,7.398843930635839
1409649740#5,2160,0,120,40,0.08333333333333334,0.010416666666666595,8.000000000000057
1409649740#5,2160,40,120,40,0.046726190476190484,0.0058407738095238105,8.0
1409649740#5,2280,0,120,40,0.16666666666666669,0.020833333333333127,8.00000000000008
1409649740#5,2280,40,120,40,0.20327380952380952,0.025409226190476208,7.999999999999995
1409649740#5,2400,0,120,40,0.4583333333333333,0.07291666666666707,6.28571428571425
1409649740#5,2400,40,120,40,0.4583333333333333,0.057291666666666664,8.0
1409649740#5,2520,0,120,40,0.7083333333333333,0.12319862155388464,5.7495232040686615
1409649740#5,2520,40,120,40,0.68125,0.0884359335839599,7.703316654120356
1409649740#5,2640,0,120,40,0.5291666666666667,0.21015625,2.5179677819083026
1409649740#5,2640,40,120,40,0.5104166666666667,0.16901041666666666,3.0200308166409866
1409649740#5,2760,0,120,40,0.22083333333333335,0.05729166666666626,3.854545454545482
1409649740#5,2760,40,120,40,0.26666666666666666,0.08489583333333334,3.1411042944785272
1409649740#5,2880,0,120,40,0.375,0.06250000000000007,5.999999999999994
1409649740#5,2880,40,120,40,0.362202380952381,0.045275297619047625,8.0
1409649740#5,3000,0,120,40,0.20833333333333334,0.027083333333333744,7.692307692307576
1409649740#5,3000,40,120,40,0.22113095238095237,0.027641369047619047,8.0
1409649740#5,3120,0,120,40,0.16666666666666669,0.020833333333334147,7.999999999999688
1409649740#5,3120,40,120,40,0.16666666666666669,0.020833333333333256,8.00000000000003
1409649740#5,3240,0,120,40,0.125,0.015625,8.0
1409649740#5,3240,40,120,40,0.125,0.015625,8.0
1409649740#5,3360,0,120,40,0.33333333333333337,0.046875,7.111111111111112
1409649740#5,3360,40,120,40,0.30416666666666664,0.03802083333333333,8.0
1409649740#5,3480,0,120,40,0.12708333333333333,0.015885416666667075,7.999999999999794
1409649740#5,3480,40,120,40,0.11815476190476185,0.01476934523809523,8.0
1409649740#5,3600,0,120,40,0.24791666666666665,0.03098958333333333,8.0
1409649740#5,3600,40,120,40,0.28601190476190486,0.03575148809523811,8.0
1409649740#5,3720,0,120,40,0.08333333333333334,0.01041666666666687,7.999999999999845
1409649740#5,3720,40,120,40,0.08333333333333334,0.010416666666666668,8.0
1409649740#5,3840,0,120,40,0.16666666666666669,0.02083333333333313,8.000000000000078
1409649740#5,3840,40,120,40,0.13154761904761902,0.016443452380952378,8.0
1409649740#5,3960,0,120,40,0.25,0.03616071428571421,6.913580246913594
1409649740#5,3960,40,120,40,0.27976190476190477,0.034970238095238096,8.0
1409649740#5,4080,0,120,40,0.08333333333333334,0.010416666666666533,8.000000000000105
1409649740#5,4080,40,120,40,0.08869047619047618,0.01108630952380955,7.99999999999998
1409649740#5,4200,0,120,40,0.16666666666666669,0.02083333333333347,7.9999999999999485
1409649740#5,4200,40,120,40,0.16666666666666669,0.020833333333333336,8.0
1409649740#5,4320,0,120,40,0.6666666666666667,0.1006696428571423,6.622320768662269
1409649740#5,4320,40,120,40,0.6666666666666667,0.08642113095238091,7.714162720619893
1409649740#5,4440,0,120,40,0.12648809523809523,0.015811011904761994,7.999999999999955
1409649740#5,4440,40,120,40,0.125,0.015625,8.0
1409649740#5,4560,0,120,40,0.16517857142857145,0.02064732142857206,7.999999999999757
1409649740#5,4560,40,120,40,0.16666666666666669,0.020833333333333336,8.0
1409649740#5,4680,0,120,40,0.16666666666666669,0.020833333333333877,7.999999999999792
1409649740#5,4680,40,120,40,0.16666666666666669,0.020833333333333336,8.0
1409649740#5,4800,0,120,40,0.04166666666666667,0.005208333333332926,8.000000000000627
1409649740#5,4800,40,120,40,0.04166666666666667,0.005208333333333334,8.0
1409649740#5,4920,0,120,40,0.04166666666666667,0.005208333333333334,8.0
1409649740#5,4920,40,120,40,0.04166666666666667,0.005208333333333334,8.0
1409649740#5,5040,0,120,40,0.04166666666666667,0.005208333333333604,7.999999999999586
1409649740#5,5040,40,120,40,0.04166666666666667,0.005208333333333334,8.0
1409649740#5,5160,0,120,40,0.04166666666666667,0.005208333333333334,8.0
1409649740#5,5160,40,120,40,0.04166666666666667,0.005208333333333334,8.0
1409649740#5,5280,0,120,40,0.04166666666666667,0.005208333333333334,8.0
1409649740#5,5280,40,120,40,0.04166666666666667,0.005208333333333334,8.0
1409649740#5,5400,0,120,40,0.08333333333333334,0.0104166666666668,7.999999999999899
1409649740#5,5400,40,120,40,0.08333333333333334,0.010416666666666668,8.0
1409649740#5,5520,0,120,40,0.16666666666666669,0.020833333333333735,7.999999999999847
1409649740#5,5520,40,120,40,0.16666666666666669,0.020833333333333336,8.0
1409649740#5,5640,0,120,40,0.09940476190476191,0.012425595238094157,8.000000000000696
1409649740#5,5640,40,120,40,0.08333333333333334,0.010416666666666668,8.0
1409649740#5,5760,0,120,40,0.44226190476190474,0.05985863095238014,7.3884400248602615
1409649740#5,5760,40,120,40,0.4333333333333333,0.058482142857142885,7.409669211195925
1409649740#5,5880,0,120,40,0.16666666666666669,0.022991071428571694,7.249190938511244
1409649740#5,5880,40,120,40,0.19166666666666668,0.023958333333333335,8.0
1409649740#5,6000,0,120,40,0.125,0.015624999999999997,8.000000000000002
1409649740#5,6000,40,120,40,0.125,0.015625,8.0
1409649740#5,6120,0,120,40,0.0875,0.01093750000000054,7.999999999999604
1409649740#5,6120,40,120,40,0.08333333333333334,0.010416666666666668,8.0
1409649740#5,6240,0,120,40,0.5125,0.07760416666666721,6.604026845637537
1409649740#5,6240,40,120,40,0.5,0.0625,8.0
1409649740#5,6360,0,120,40,0.4020833333333333,0.05520833333333306,7.2830188679245635
1409649740#5,6360,40,120,40,0.4166666666666667,0.052083333333333384,7.999999999999993
1409649740#5,6480,0,120,40,0.24791666666666665,0.03828125,6.476190476190475
1409649740#5,6480,40,120,40,0.25,0.03125,8.0
1409649740#5,6600,0,120,40,0.125,0.015624999999999731,8.000000000000139
1409649740#5,6600,40,120,40,0.125,0.015625,8.0
1409649740#5,6720,0,120,40,0.20833333333333334,0.027343750000000538,7.619047619047469
1409649740#5,6720,40,120,40,0.20833333333333334,0.02812819099920303,7.406567074975997
1409649740#5,6840,0,120,40,0.5,0.07291666666666666,6.857142857142858
1409649740#5,6840,40,120,40,0.5,0.0625,8.0
1409649740#5,6960,0,120,40,0.08333333333333334,0.010416666666666668,8.0
1409649740#5,6960,40,120,40,0.08333333333333334,0.010416666666666668,8.0
1409649740#5,7080,0,120,40,0.08333333333333334,0.010416666666666258,8.000000000000314
1409649740#5,7080,40,120,40,0.08333333333333334,0.010416666666666668,8.0
1409652519#0,0,0,120,40,0.0,0.0,8.0
1409652519#0,0,40,120,40,0.0,0.0,8.0
1409652519#0,120,0,120,40,0.04166666666666667,0.00520833333333333,8.000000000000007
1409652519#0,120,40,120,40,0.04166666666666667,0.005208333333333334,8.0
1409652519#0,240,0,120,40,0.04166666666666667,0.005208333333333341,7.999999999999989
1409652519#0,240,40,120,40,0.04166666666666667,0.005208333333333333,8.000000000000002
1409652519#0,360,0,120,40,0.04166666666666667,0.005208333333333341,7.999999999999989
1409652519#0,360,40,120,40,0.04166666666666667,0.005208333333333333,8.000000000000002
1409652519#0,480,0,120,40,0.0,0.0,8.0
1409652519#0,480,40,120,40,0.0,0.0,8.0
1409652519#0,600,0,120,40,0.04166666666666667,0.0052083333333333495,7.999999999999976
1409652519#0,600,40,120,40,0.04166666666666667,0.005208333333333332,8.000000000000004
1409652519#0,720,0,120,40,0.0,0.0,8.0
1409652519#0,720,40,120,40,0.0,0.0,8.0
1409652519#0,840,0,120,40,0.0,0.0,8.0
1409652519#0,840,40,120,40,0.0,0.0,8.0
1409652519#0,960,0,120,40,0.08333333333333334,0.010416666666666578,8.00000000000007
1409652519#0,960,40,120,40,0.08333333333333334,0.010416666666666668,8.0
1409652519#0,1080,0,120,40,0.20833333333333334,0.032700892857142914,6.370875995449364
1409652519#0,1080,40,120,40,0.20833333333333334,0.027801554506099956,7.493585773688403
1409652519#0,1200,0,120,40,0.0,0.0,8.0
1409652519#0,1200,40,120,40,0.0,0.0,8.0
1409652519#0,1320,0,120,40,0.4114583333333333,0.06380208333333307,6.448979591836761
1409652519#0,1320,40,120,40,0.375,0.046875,8.0
1409652519#0,1440,0,120,40,0.25818452380952384,0.03552827380952388,7.267015706806269
1409652519#0,1440,40,120,40,0.29166666666666663,0.036458333333333336,7.999999999999998
1409652519#0,1560,0,120,40,0.048809523809523817,0.006101190476190544,7.999999999999912
1409652519#0,1560,40,120,40,0.04166666666666667,0.005208333333333333,8.000000000000002
1409652519#0,1680,0,120,40,0.07321428571428572,0.009151785714285678,8.000000000000032
1409652519#0,1680,40,120,40,0.08333333333333334,0.01041666666666667,7.999999999999999
1409652519#0,1800,0,120,40,0.04166666666666667,0.005208333333333334,8.0
1409652519#0,1800,40,120,40,0.04166666666666667,0.005208333333333334,8.0
1409652519#0,1920,0,120,40,0.04166666666666667,0.005208333333333401,7.999999999999898
1409652519#0,1920,40,120,40,0.04166666666666667,0.005208333333333333,8.000000000000002
1409652519#0,2040,0,120,40,0.125,0.01562500000000007,7.9999999999999645
1409652519#0,2040,40,120,40,0.125,0.015625,8.0
1409652519#0,2160,0,120,40,0.16666666666666669,0.02083333333333347,7.9999999999999485
1409652519#0,2160,40,120,40,0.16666666666666669,0.020833333333333332,8.000000000000002
1409652519#0,2280,0,120,40,0.04166666666666667,0.005208333333333401,7.999999999999898
1409652519#0,2280,40,120,40,0.04166666666666667,0.005208333333333333,8.000000000000002
1409652519#0,2400,0,120,40,0.08333333333333334,0.010416666666666598,8.000000000000053
1409652519#0,2400,40,120,40,0.08333333333333334,0.010416666666666666,8.000000000000002
1409652519#0,2520,0,120,40,0.16666666666666669,0.02282366071428578,7.302363488182539
1409652519#0,2520,40,120,40,0.16666666666666669,0.020833333333333332,8.000000000000002
1409652519#0,2640,0,120,40,0.125,0.015625000000000062,7.999999999999968
1409652519#0,2640,40,120,40,0.1220238095238095,0.015252976190476188,8.0
1409652519#0,2760,0,120,40,0.125,0.01562499999999993,8.000000000000036
1409652519#0,2760,40,120,40,0.11011904761904764,0.014106840957286124,7.806074226857404
1409652519#0,2880,0,120,40,0.10357142857142856,0.012946428571428864,7.999999999999819
1409652519#0,2880,40,120,40,0.10119047619047619,0.01264880952380952,8.000000000000002
1409652519#0,3000,0,120,40,0.2037202380952381,0.02872023809523816,7.093264248704648
1409652519#0,3000,40,120,40,0.20833333333333334,0.026041666666666668,8.0
1409652519#0,3120,0,120,40,0.234375,0.03385416666666667,6.9230769230769225
1409652519#0,3120,40,120,40,0.25,0.03125,8.0
1409652519#0,3240,0,120,40,0.0,0.0,8.0
1409652519#0,3240,40,120,40,0.0,0.0,8.0
1409652519#0,3360,0,120,40,0.04166666666666667,0.005208333333333401,7.999999999999898
1409652519#0,3360,40,120,40,0.04166666666666667,0.005208333333333333,8.000000000000002
1409652519#0,3480,0,120,40,0.196875,0.026171875,7.522388059701492
1409652519#0,3480,40,120,40,0.16666666666666669,0.020833333333333336,8.0
1409652519#0,3600,0,120,40,0.303125,0.04608134920634892,6.578040904198103
1409652519#0,3600,40,120,40,0.33333333333333337,0.04166666666666669,7.9999999999999964
1409652519#0,3720,0,120,40,0.125,0.015624999999999733,8.000000000000137
1409652519#0,3720,40,120,40,0.08705357142857141,0.010881696428571426,8.0
1409652519#0,3840,0,120,40,0.20699404761904763,0.030431547619047688,6.801955990220034
1409652519#0,3840,40,120,40,0.20461309523809526,0.025576636904761908,8.0
1409652519#0,3960,0,120,40,0.1680059523809524,0.02632068452380959,6.383038869257935
1409652519#0,3960,40,120,40,0.20833333333333334,0.026837237937210278,7.762845558874585
1409652519#0,4080,0,120,40,0.04761904761904762,0.0059523809523806806,8.000000000000366
1409652519#0,4080,40,120,40,0.04166666666666667,0.005208333333333334,8.0
1409652519#0,4200,0,120,40,0.11904761904761904,0.01488095238095211,8.000000000000146
1409652519#0,4200,40,120,40,0.125,0.015624999999999983,8.000000000000009
1409652519#0,4320,0,120,40,0.04166666666666667,0.005208333333333063,8.000000000000416
1409652519#0,4320,40,120,40,0.04166666666666667,0.005208333333333334,8.0
1409652519#0,4440,0,120,40,0.0,0.0,8.0
1409652519#0,4440,40,120,40,0.0,0.0,8.0
1409652519#0,4560,0,120,40,0.04166666666666667,0.005208333333332927,8.000000000000625
1409652519#0,4560,40,120,40,0.04166666666666667,0.005208333333333333,8.000000000000002
1409652519#0,4680,0,120,40,0.12485119047619049,0.015606398809523947,7.999999999999931
1409652519#0,4680,40,120,40,0.125,0.015625,8.0
1409652519#0,4800,0,120,40,0.3889880952380952,0.05431547619047483,7.1616438356166165
1409652519#0,4800,40,120,40,0.3733630952380952,0.0466703869047619,8.0
1409652519#0,4920,0,120,40,0.2168154761904762,0.03227306547619048,6.7181556195965415
1409652519#0,4920,40,120,40,0.2099702380952381,0.026246279761904735,8.000000000000009
1409652519#0,5040,0,120,40,0.45148809523809524,0.07583705357142843,5.9533971057149975
1409652519#0,5040,40,120,40,0.4583333333333333,0.05729166666666667,7.999999999999999
1409652519#0,5160,0,120,40,0.06770833333333334,0.009765625,6.9333333333333345
1409652519#0,5160,40,120,40,0.08333333333333334,0.010416666666666668,8.0
1409652519#0,5280,0,120,40,0.08333333333333334,0.01041666666666626,8.000000000000313
1409652519#0,5280,40,120,40,0.08333333333333334,0.010416666666666694,7.9999999999999805
1409652519#0,5400,0,120,40,0.20833333333333334,0.031361607142856865,6.64294187425866
1409652519#0,5400,40,120,40,0.20833333333333334,0.026041666666666668,8.0
1409652519#0,5520,0,120,40,0.375,0.060770089285713466,6.170798898071709
1409652519#0,5520,40,120,40,0.375,0.046875,8.0
1409652519#0,5640,0,120,40,0.20833333333333334,0.026041666666666314,8.000000000000108
1409652519#0,5640,40,120,40,0.20833333333333334,0.026041666666666668,8.0
1409652519#0,5760,0,120,40,0.04166666666666667,0.005208333333333062,8.000000000000417
1409652519#0,5760,40,120,40,0.04166666666666667,0.005208333333333382,7.999999999999927
1409652519#0,5880,0,120,40,0.11458333333333333,0.018880208333333336,6.068965517241378
1409652519#0,5880,40,120,40,0.08333333333333334,0.010416666666666668,8.0
1409652519#0,6000,0,120,40,0.052083333333333336,0.011067708333333332,4.7058823529411775
1409652519#0,6000,40,120,40,0.08333333333333334,0.010416666666666668,8.0
1409652519#0,6120,0,120,40,0.08333333333333334,0.013671875,6.095238095238096
1409652519#0,6120,40,120,40,0.057291666666666664,0.007161458333333333,8.0
1409652519#0,6240,0,120,40,0.4166666666666667,0.06863839285714246,6.070460704607082
1409652519#0,6240,40,120,40,0.41101190476190474,0.051376488095238114,7.9999999999999964
1409652519#0,6360,0,120,40,0.20833333333333334,0.03277529761904789,6.356413166855793
1409652519#0,6360,40,120,40,0.2400297619047619,0.030003720238095243,7.999999999999999
1409652519#0,6480,0,120,40,0.057291666666666664,0.007161458333333333,8.0
1409652519#0,6480,40,120,40,0.04166666666666667,0.005208333333333334,8.0
1409652519#0,6600,0,120,40,0.4010416666666667,0.06601562499999959,6.074950690335344
1409652519#0,6600,40,120,40,0.4111607142857143,0.05139508928571429,8.0
1409652519#0,6720,0,120,40,0.30699404761904764,0.047507440476189926,6.46202036021934
1409652519#0,6720,40,120,40,0.296875,0.037109375000000035,7.999999999999993
1409652519#0,6840,0,120,40,0.35967261904761905,0.054910714285713466,6.550135501355111
1409652519#0,6840,40,120,40,0.359375,0.04492187500000001,7.999999999999999
1409652519#0,6960,0,120,40,0.25,0.03125000000000009,7.999999999999977
1409652519#0,6960,40,120,40,0.23759920634920634,0.03128195589133092,7.595407626511344
1409652519#0,7080,0,120,40,0.08333333333333334,0.010416666666667164,7.999999999999619
1409652519#0,7080,40,120,40,0.11165674603174607,0.013957093253968239,8.00000000000001
1409652522#0,0,0,120,70,0.0,0.0,14.0
1409652522#0,120,0,120,70,0.25,0.0178571428571429,13.999999999999966
1409652522#0,240,0,120,70,0.2916666666666667,0.0208333333333333,14.000000000000023
1409652522#0,360,0,120,70,0.16666666666666666,0.011904761904761894,14.000000000000012
1409652522#0,480,0,120,70,0.2916666666666667,0.021862374093283655,13.3410335685487
1409652522#0,600,0,120,70,0.08333333333333333,0.005952380952381009,13.999999999999865
1409652522#0,720,0,120,70,0.125,0.0089285714285714,14.000000000000044
1409652522#0,840,0,120,70,0.125,0.0089285714285714,14.000000000000044
1409652522#0,960,0,120,70,0.3333333333333333,0.02380952380952384,13.999999999999982
1409652522#0,1080,0,120,70,0.08333333333333333,0.005952380952380934,14.000000000000043
1409652522#0,1200,0,120,70,0.0,0.0,14.0
1409652522#0,1320,0,120,70,0.25,0.017857142857143026,13.999999999999867
1409652522#0,1440,0,120,70,0.25,0.017857142857142964,13.999999999999917
1409652522#0,1560,0,120,70,0.25,0.017857142857142915,13.999999999999954
1409652522#0,1680,0,120,70,0.08333333333333333,0.005952380952381067,13.999999999999728
1409652522#0,1800,0,120,70,0.041666666666666664,0.0029761904761905333,13.99999999999973
1409652522#0,1920,0,120,70,0.16666666666666666,0.011904761904761942,13.999999999999956
1409652522#0,2040,0,120,70,0.08333333333333333,0.005952380952381063,13.999999999999739
1409652522#0,2160,0,120,70,0.125,0.00892857142857152,13.999999999999856
1409652522#0,2280,0,120,70,0.375,0.0267857142857142,14.000000000000044
1409652522#0,2400,0,120,70,0.16666666666666666,0.011904761904761757,14.000000000000174
1409652522#0,2520,0,120,70,0.08333333333333333,0.00595238095238079,14.000000000000382
1409652522#0,2640,0,120,70,0.041666666666666664,0.0029761904761904,14.000000000000357
1409652522#0,2760,0,120,70,0.20833333333333334,0.014880952380952604,13.99999999999979
1409652522#0,2880,0,120,70,0.25,0.017857142857142634,14.000000000000174
1409652522#0,3000,0,120,70,0.2916666666666667,0.02083333333333328,14.000000000000037
1409652522#0,3120,0,120,70,0.3083333333333333,0.022023809523809012,14.000000000000323
1409652522#0,3240,0,120,70,0.4,0.028571428571427828,14.000000000000364
1409652522#0,3360,0,120,70,0.20833333333333334,0.014880952380952528,13.999999999999863
1409652522#0,3480,0,120,70,0.4166666666666667,0.029761904761904708,14.000000000000027
1409652522#0,3600,0,120,70,0.25,0.017857142857142783,14.000000000000059
1409652522#0,3720,0,120,70,0.16666666666666666,0.01190476190476168,14.000000000000263
1409652522#0,3840,0,120,70,0.041666666666666664,0.0029761904761906486,13.999999999999188
1409652522#0,3960,0,120,70,0.125,0.008928571428571428,14.0
1409652522#0,4080,0,120,70,0.3333333333333333,0.02380952380952421,13.999999999999764
1409652522#0,4200,0,120,70,0.125,0.00892857142857127,14.000000000000249
1409652522#0,4320,0,120,70,0.125,0.008928571428571274,14.000000000000243
1409652522#0,4440,0,120,70,0.16666666666666666,0.0119047619047616,14.000000000000357
1409652522#0,4560,0,120,70,0.25,0.017857142857142405,14.000000000000355
1409652522#0,4680,0,120,70,0.0,0.0,14.0
1409652522#0,4800,0,120,70,0.24092261904761902,0.01720875850340176,13.999999999999675
1409652522#0,4920,0,120,70,0.13407738095238095,0.009576955782313165,13.999999999999648
1409652522#0,5040,0,120,70,0.20833333333333334,0.01488095238095223,14.000000000000144
1409652522#0,5160,0,120,70,0.25,0.017857142857142436,14.00000000000033
1409652522#0,5280,0,120,70,0.041666666666666664,0.002976190476190405,14.000000000000334
1409652522#0,5400,0,120,70,0.2916666666666667,0.020833333333332798,14.00000000000036
1409652522#0,5520,0,120,70,0.5,0.03571428571428562,14.000000000000036
1409652522#0,5640,0,120,70,0.3333333333333333,0.023903775070913916,13.944798775275162
1409652522#0,5760,0,120,70,0.08333333333333333,0.005952380952380877,14.000000000000178
1409652522#0,5880,0,120,70,0.125,0.0089285714285712,14.000000000000357
1409652522#0,6000,0,120,70,0.08333333333333333,0.005952380952380795,14.00000000000037
1409652522#0,6120,0,120,70,0.16666666666666666,0.011904761904761679,14.000000000000265
1409652522#0,6240,0,120,70,0.125,0.00892857142857123,14.00000000000031
1409652522#0,6360,0,120,70,0.0,0.0,14.0
1409652522#0,6480,0,120,70,0.21666666666666665,0.0154761904761901,14.00000000000034
1409652522#0,6600,0,120,70,0.49166666666666664,0.03511904761904732,14.000000000000119
1409652522#0,6720,0,120,70,0.25,0.01785714285714248,14.000000000000295
1409652522#0,6840,0,120,70,0.2916666666666667,0.020833333333332812,14.000000000000352
1409652522#0,6960,0,120,70,0.041666666666666664,0.0029761904761904066,14.000000000000327
1409652522#0,7080,0,120,70,0.0,0.0,14.0
170079040#0,0,0,120,40,0.04166666666666667,0.005208333333333334,8.0
170079040#0,120,0,120,40,0.125,0.015625,8.0
170079040#0,240,0,120,40,0.25,0.03125,8.0
170079040#0,360,0,120,40,0.04166666666666667,0.005208333333333334,8.0
170079040#0,480,0,120,40,0.125,0.015625,8.0
170079040#0,600,0,120,40,0.08020833333333334,0.010026041666666667,8.0
170079040#0,720,0,120,40,0.128125,0.016015625,8.0
170079040#0,840,0,120,40,0.0125,0.0015625,8.0
170079040#0,960,0,120,40,0.19583333333333333,0.024479166666666666,8.0
170079040#0,1080,0,120,40,0.16666666666666669,0.022437670612435102,7.427984372597882
170079040#0,1200,0,120,40,0.16666666666666669,0.021447172619047612,7.771032090199483
170079040#0,1320,0,120,40,0.08333333333333334,0.010416666666666668,8.0
170079040#0,1440,0,120,40,0.29166666666666663,0.03645833333333333,8.0
170079040#0,1560,0,120,40,0.403125,0.050390625,8.0
170079040#0,1680,0,120,40,0.346875,0.04618055555555555,7.511278195488722
170079040#0,1800,0,120,40,0.309375,0.041102430555555555,7.5269271383315735
170079040#0,1920,0,120,40,0.26979166666666665,0.03372395833333333,8.0
170079040#0,2040,0,120,40,0.475,0.06059027777777778,7.839541547277936
170079040#0,2160,0,120,40,0.171875,0.021484375,8.0
170079040#0,2280,0,120,40,0.190625,0.023828125,8.0
170079040#0,2400,0,120,40,0.16666666666666669,0.020833333333333336,8.0
170079040#0,2520,0,120,40,0.4583333333333333,0.057291666666666664,8.0
170079040#0,2640,0,120,40,0.20833333333333334,0.026041666666666668,8.0
170079040#0,2760,0,120,40,0.08333333333333334,0.010416666666666668,8.0
170079040#0,2880,0,120,40,0.25,0.03125,8.0
170079040#0,3000,0,120,40,0.17916666666666667,0.02239583333333335,7.999999999999994
170079040#0,3120,0,120,40,0.19583333333333333,0.024479166666666666,8.0
170079040#0,3240,0,120,40,0.125,0.015625,8.0
170079040#0,3360,0,120,40,0.04166666666666667,0.005208333333333334,8.0
170079040#0,3480,0,120,40,0.04166666666666667,0.005208333333333334,8.0
170079040#0,3600,0,120,40,0.125,0.015625,8.0
170079040#0,3720,0,120,40,0.125,0.015625,8.0
170079040#0,3840,0,120,40,0.08333333333333334,0.010416666666666671,7.999999999999997
170079040#0,3960,0,120,40,0.04166666666666667,0.005208333333333334,8.0
170079040#0,4080,0,120,40,0.04166666666666667,0.005208333333333334,8.0
170079040#0,4200,0,120,40,0.25,0.03125,8.0
170079040#0,4320,0,120,40,0.33333333333333337,0.04166666666666667,8.0
170079040#0,4440,0,120,40,0.33333333333333337,0.04166666666666667,8.0
170079040#0,4560,0,120,40,0.16666666666666669,0.02204861111111111,7.559055118110238
170079040#0,4680,0,120,40,0.08333333333333334,0.010416666666666683,7.9999999999999885
170079040#0,4800,0,120,40,0.08333333333333334,0.010416666666666668,8.0
170079040#0,4920,0,120,40,0.33333333333333337,0.04166666666666667,8.0
170079040#0,5040,0,120,40,0.125,0.016081974128233565,7.772677595628611
170079040#0,5160,0,120,40,0.08333333333333334,0.010416666666666628,8.00000000000003
170079040#0,5280,0,120,40,0.25,0.03246527777777778,7.7005347593582885
170079040#0,5400,0,120,40,0.25,0.03186383928571429,7.845884413309982
170079040#0,5520,0,120,40,0.29166666666666663,0.03802565586419753,7.67025998731769
170079040#0,5640,0,120,40,0.16666666666666669,0.020833333333333336,8.0
170079040#0,5760,0,120,40,0.375,0.04969618055555555,7.54585152838428
170079040#0,5880,0,120,40,0.375,0.046875,8.0
170079040#0,6000,0,120,40,0.25,0.03568933823529412,7.004893123873294
170079040#0,6120,0,120,40,0.0,0.0,8.0
170079040#0,6240,0,120,40,0.20833333333333334,0.02604166666666648,8.000000000000057
170079040#0,6360,0,120,40,0.125,0.015625,8.0
170079040#0,6480,0,120,40,0.04166666666666667,0.005208333333333334,8.0
170079040#0,6600,0,120,40,0.16666666666666669,0.020833333333333308,8.00000000000001
170079040#0,6720,0,120,40,0.125,0.015625,8.0
170079040#0,6840,0,120,40,0.16666666666666669,0.020833333333333336,8.0
170079040#0,6960,0,120,40,0.04166666666666667,0.005208333333333334,8.0
170079040#0,7080,0,120,40,0.0,0.0,8.0
237522635#0,0,0,120,40,0.08333333333333334,0.010416666666666668,8.0
237522635#0,120,0,120,40,0.08333333333333334,0.010416666666666668,8.0
237522635#0,240,0,120,40,0.25,0.03137538580246914,7.968029511220411
237522635#0,360,0,120,40,0.25,0.033068094135802466,7.560157503281319
237522635#0,480,0,120,40,0.20833333333333334,0.026041666666666668,8.0
237522635#0,600,0,120,40,0.25,0.03125,8.0
237522635#0,720,0,120,40,0.5416666666666667,0.06966145833333334,7.775700934579439
237522635#0,840,0,120,40,0.0,0.0,8.0
237522635#0,960,0,120,40,0.20833333333333334,0.027994791666666668,7.441860465116279
237522635#0,1080,0,120,40,0.20833333333333334,0.02604166666666673,7.9999999999999805
237522635#0,1200,0,120,40,0.20833333333333334,0.026041666666666668,8.0
237522635#0,1320,0,120,40,0.04166666666666667,0.005208333333333334,8.0
237522635#0,1440,0,120,40,0.04166666666666667,0.005208333333333334,8.0
237522635#0,1560,0,120,40,0.08333333333333334,0.010416666666666668,8.0
237522635#0,1680,0,120,40,0.5,0.0625,8.0
237522635#0,1800,0,120,40,0.5416666666666667,0.087890625,6.162962962962964
237522635#0,1920,0,120,40,0.20833333333333334,0.026041666666666668,8.0
237522635#0,2040,0,120,40,0.265625,0.03645833333333333,7.2857142857142865
237522635#0,2160,0,120,40,0.27604166666666663,0.03580729166666667,7.709090909090907
237522635#0,2280,0,120,40,0.08333333333333334,0.010416666666666668,8.0
237522635#0,2400,0,120,40,0.13020833333333331,0.016318024241819766,7.979417814543744
237522635#0,2520,0,120,40,0.078125,0.009765625,8.0
237522635#0,2640,0,120,40,0.04166666666666667,0.005208333333333334,8.0
237522635#0,2760,0,120,40,0.20833333333333334,0.026041666666666668,8.0
237522635#0,2880,0,120,40,0.20833333333333334,0.026041666666666668,8.0
237522635#0,3000,0,120,40,0.25,0.031250000000000125,7.999999999999968
237522635#0,3120,0,120,40,0.25,0.03317070281324847,7.536771270946641
237522635#0,3240,0,120,40,0.04166666666666667,0.005208333333333334,8.0
237522635#0,3360,0,120,40,0.16666666666666669,0.022786458333333336,7.314285714285714
237522635#0,3480,0,120,40,0.16666666666666669,0.020833333333333336,8.0
237522635#0,3600,0,120,40,0.09375,0.01171875,8.0
237522635#0,3720,0,120,40,0.15625,0.01953125,8.0
237522635#0,3840,0,120,40,0.0,0.0,8.0
237522635#0,3960,0,120,40,0.125,0.015625,8.0
237522635#0,4080,0,120,40,0.140625,0.03645833333333333,3.8571428571428577
237522635#0,4200,0,120,40,0.28645833333333337,0.054036458333333336,5.301204819277109
237522635#0,4320,0,120,40,0.19791666666666669,0.024739583333333336,8.0
237522635#0,4440,0,120,40,0.0,0.0,8.0
237522635#0,4560,0,120,40,0.16666666666666669,0.020833333333333336,8.0
237522635#0,4680,0,120,40,0.16666666666666669,0.020833333333333336,8.0
237522635#0,4800,0,120,40,0.125,0.015625,8.0
237522635#0,4920,0,120,40,0.29166666666666663,0.03971354166666667,7.344262295081966
237522635#0,5040,0,120,40,0.2494047619047619,0.03117559523809537,7.999999999999966
237522635#0,5160,0,120,40,0.5422619047619048,0.06778273809523781,8.000000000000034
237522635#0,5280,0,120,40,0.29166666666666663,0.03645833333333333,8.0
237522635#0,5400,0,120,40,0.125,0.015625,8.0
237522635#0,5520,0,120,40,0.33333333333333337,0.08745659722222222,3.811414392059554
237522635#0,5640,0,120,40,0.16666666666666669,0.022786458333333336,7.314285714285714
237522635#0,5760,0,120,40,0.20833333333333334,0.027994791666666668,7.441860465116279
237522635#0,5880,0,120,40,0.375,0.046875,8.0
237522635#0,6000,0,120,40,0.08333333333333334,0.012630208333333334,6.5979381443298974
237522635#0,6120,0,120,40,0.29166666666666663,0.03645833333333333,8.0
237522635#0,6240,0,120,40,0.20833333333333334,0.029296874999999268,7.111111111111289
237522635#0,6360,0,120,40,0.08333333333333334,0.010416666666666668,8.0
237522635#0,6480,0,120,40,0.04166666666666667,0.005208333333333334,8.0
237522635#0,6600,0,120,40,0.16666666666666669,0.022135416666666664,7.529411764705884
237522635#0,6720,0,120,40,0.25,0.031250000000000125,7.999999999999968
237522635#0,6840,0,120,40,0.20833333333333334,0.028645833333333332,7.272727272727273
237522635#0,6960,0,120,40,0.0,0.0,8.0
237522635#0,7080,0,120,40,0.0,0.0,8.0
237659844#0,0,0,120,70,0.3333333333333333,0.025510204081632654,13.066666666666666
237659844#0,0,70,120,70,0.3333333333333333,0.02380952380952381,13.999999999999998
237659844#0,0,140,120,70,0.3333333333333333,0.02380952380952381,13.999999999999998
237659844#0,120,0,120,70,0.3333333333333333,0.024659863945578224,13.517241379310349
237659844#0,120,70,120,70,0.3333333333333333,0.02380952380952381,13.999999999999998
237659844#0,120,140,120,70,0.3333333333333333,0.02380952380952381,13.999999999999998
237659844#0,240,0,120,70,0.5,0.03571428571428572,13.999999999999998
237659844#0,240,70,120,70,0.5,0.03571428571428571,14.0
237659844#0,240,140,120,70,0.5,0.03571428571428571,14.0
237659844#0,360,0,120,70,0.8333333333333334,0.06420068027210886,12.980132450331123
237659844#0,360,70,120,70,0.8333333333333334,0.05952380952380953,14.0
237659844#0,360,140,120,70,0.7916666666666666,0.05654761904761905,14.0
237659844#0,480,0,120,70,0.4166666666666667,0.029761904761904674,14.000000000000043
237659844#0,480,70,120,70,0.3976190476190476,0.02840136054421769,13.999999999999998
237659844#0,480,140,120,70,0.4166666666666667,0.029761904761904764,14.0
237659844#0,600,0,120,70,0.5404761904761906,0.03860544217687081,13.999999999999979
237659844#0,600,70,120,70,0.47738095238095235,0.034098639455782315,13.999999999999998
237659844#0,600,140,120,70,0.5,0.03571428571428571,14.0
237659844#0,720,0,120,70,0.5845238095238094,0.053146258503401385,10.998399999999993
237659844#0,720,70,120,70,0.6666666666666666,0.04761904761904762,13.999999999999998
237659844#0,720,140,120,70,0.6666666666666666,0.04761904761904762,13.999999999999998
237659844#0,840,0,120,70,0.041666666666666664,0.0029761904761904765,13.999999999999998
237659844#0,840,70,120,70,0.041666666666666664,0.0029761904761904765,13.999999999999998
237659844#0,840,140,120,70,0.041666666666666664,0.0029761904761904765,13.999999999999998
237659844#0,960,0,120,70,0.7083333333333334,0.0518707482993196,13.655737704918067
237659844#0,960,70,120,70,0.7083333333333334,0.050595238095238096,14.0
237659844#0,960,140,120,70,0.6607142857142857,0.04719387755102041,13.999999999999998
237659844#0,1080,0,120,70,0.6666666666666666,0.05017006802721077,13.28813559322037
237659844#0,1080,70,120,70,0.5833333333333334,0.041666666666666664,14.000000000000002
237659844#0,1080,140,120,70,0.6309523809523809,0.045068027210884355,13.999999999999998
237659844#0,1200,0,120,70,0.5833333333333334,0.05357142857142846,10.888888888888912
237659844#0,1200,70,120,70,0.6666666666666666,0.04761904761904762,13.999999999999998
237659844#0,1200,140,120,70,0.6666666666666666,0.04829931972789116,13.80281690140845
237659844#0,1320,0,120,70,0.6071428571428571,0.04336734693877543,14.000000000000023
237659844#0,1320,70,120,70,0.5476190476190477,0.0391156462585034,14.0
237659844#0,1320,140,120,70,0.5059523809523809,0.036139455782312924,14.0
237659844#0,1440,0,120,70,0.625,0.04893707482993195,12.771503040834064
237659844#0,1440,70,120,70,0.636904761904762,0.04549319727891157,14.000000000000002
237659844#0,1440,140,120,70,0.6309523809523809,0.045068027210884355,13.999999999999998
237659844#0,1560,0,120,70,0.5595238095238095,0.039965986394557826,14.0
237659844#0,1560,70,120,70,0.6071428571428571,0.04336734693877551,13.999999999999998
237659844#0,1560,140,120,70,0.5714285714285714,0.04081632653061224,14.0
237659844#0,1680,0,120,70,0.7023809523809523,0.05059523809523796,13.882352941176508
237659844#0,1680,70,120,70,0.636904761904762,0.04549319727891157,14.000000000000002
237659844#0,1680,140,120,70,0.6904761904761905,0.04931972789115646,14.0
237659844#0,1800,0,120,70,0.5059523809523809,0.03996598639455776,12.659574468085125
237659844#0,1800,70,120,70,0.5714285714285714,0.041135204081632654,13.891472868217054
237659844#0,1800,140,120,70,0.5773809523809523,0.043154761904761904,13.379310344827585
237659844#0,1920,0,120,70,0.2976190476190476,0.02338435374149664,12.727272727272705
237659844#0,1920,70,120,70,0.2916666666666667,0.020833333333333332,14.000000000000002
237659844#0,1920,140,120,70,0.27380952380952384,0.022534013605442178,12.150943396226415
237659844#0,2040,0,120,70,0.2976190476190476,0.021258503401360696,13.9999999999999
237659844#0,2040,70,120,70,0.2916666666666667,0.020833333333333332,14.000000000000002
237659844#0,2040,140,120,70,0.3333333333333333,0.02380952380952381,13.999999999999998
237659844#0,2160,0,120,70,0.625,0.04838435374149675,12.917398945518412
237659844#0,2160,70,120,70,0.625,0.044642857142857144,14.0
237659844#0,2160,140,120,70,0.5416666666666666,0.03869047619047619,13.999999999999998
237659844#0,2280,0,120,70,0.44642857142857145,0.03188775510204086,13.999999999999982
237659844#0,2280,70,120,70,0.44047619047619047,0.0314625850340136,14.000000000000002
237659844#0,2280,140,120,70,0.5,0.03571428571428571,14.0
237659844#0,2400,0,120,70,0.425,0.03035714285714282,14.000000000000018
237659844#0,2400,70,120,70,0.43452380952380953,0.031037414965986398,13.999999999999998
237659844#0,2400,140,120,70,0.45833333333333337,0.03273809523809523,14.000000000000004
237659844#0,2520,0,120,70,0.11666666666666665,0.008333333333333333,13.999999999999998
237659844#0,2520,70,120,70,0.125,0.008928571428571428,14.0
237659844#0,2520,140,120,70,0.125,0.008928571428571428,14.0
237659844#0,2640,0,120,70,0.2916666666666667,0.020833333333333412,13.999999999999948
237659844#0,2640,70,120,70,0.27380952380952384,0.0195578231292517,14.0
237659844#0,2640,140,120,70,0.25,0.017857142857142856,14.0
237659844#0,2760,0,120,70,0.5,0.03698979591836765,13.517241379310233
237659844#0,2760,70,120,70,0.4880952380952381,0.03486394557823129,14.0
237659844#0,2760,140,120,70,0.5,0.03571428571428571,14.0
237659844#0,2880,0,120,70,0.25,0.017857142857142856,14.0
237659844#0,2880,70,120,70,0.2380952380952381,0.017006802721088437,14.0
237659844#0,2880,140,120,70,0.25,0.017857142857142856,14.0
237659844#0,3000,0,120,70,0.7678571428571429,0.05994897959183692,12.808510638297834
237659844#0,3000,70,120,70,0.7857142857142857,0.056122448979591844,13.999999999999998
237659844#0,3000,140,120,70,0.7083333333333334,0.050595238095238096,14.0
237659844#0,3120,0,120,70,0.5654761904761905,0.043792517006802645,12.912621359223323
237659844#0,3120,70,120,70,0.5892857142857143,0.042091836734693876,14.000000000000002
237659844#0,3120,140,120,70,0.6666666666666666,0.04761904761904762,13.999999999999998
237659844#0,3240,0,120,70,0.7083333333333334,0.062329931972789424,11.364256480218225
237659844#0,3240,70,120,70,0.7083333333333334,0.0508078231292517,13.94142259414226
237659844#0,3240,140,120,70,0.7083333333333334,0.05132189239332096,13.801777376110863
237659844#0,3360,0,120,70,0.4166666666666667,0.02976190476190484,13.999999999999964
237659844#0,3360,70,120,70,0.4166666666666667,0.029761904761904764,14.0
237659844#0,3360,140,120,70,0.4166666666666667,0.029761904761904764,14.0
237659844#0,3480,0,120,70,0.5,0.036224489795918594,13.802816901408365
237659844#0,3480,70,120,70,0.5,0.03571428571428571,14.0
237659844#0,3480,140,120,70,0.45833333333333337,0.03273809523809523,14.000000000000004
237659844#0,3600,0,120,70,0.25,0.017857142857142936,13.999999999999938
237659844#0,3600,70,120,70,0.25,0.017857142857142856,14.0
237659844#0,3600,140,120,70,0.2916666666666667,0.020833333333333332,14.000000000000002
237659844#0,3720,0,120,70,0.35119047619047616,0.025085034013605595,13.999999999999913
237659844#0,3720,70,120,70,0.3333333333333333,0.02380952380952381,13.999999999999998
237659844#0,3720,140,120,70,0.3333333333333333,0.02380952380952381,13.999999999999998
237659844#0,3840,0,120,70,0.23214285714285715,0.01658163265306115,14.000000000000064
237659844#0,3840,70,120,70,0.20833333333333334,0.014880952380952382,14.0
237659844#0,3840,140,120,70,0.20833333333333334,0.014880952380952382,14.0
237659844#0,3960,0,120,70,0.7321428571428571,0.05659013605442228,12.937640871525051
237659844#0,3960,70,120,70,0.7202380952380952,0.05144557823129252,14.0
237659844#0,3960,140,120,70,0.6785714285714286,0.04846938775510204,14.000000000000002
237659844#0,4080,0,120,70,0.39285714285714285,0.029761904761904878,13.199999999999948
237659844#0,4080,70,120,70,0.44642857142857145,0.03188775510204081,14.000000000000004
237659844#0,4080,140,120,70,0.45714285714285713,0.0326530612244898,13.999999999999998
237659844#0,4200,0,120,70,0.16666666666666666,0.011904761904761441,14.000000000000545
237659844#0,4200,70,120,70,0.16666666666666666,0.011904761904761906,13.999999999999998
237659844#0,4200,140,120,70,0.11428571428571428,0.00816326530612245,13.999999999999998
237659844#0,4320,0,120,70,0.20833333333333334,0.014880952380952689,13.99999999999971
237659844#0,4320,70,120,70,0.20833333333333334,0.014880952380952382,14.0
237659844#0,4320,140,120,70,0.2916666666666667,0.020833333333333332,14.000000000000002
237659844#0,4440,0,120,70,0.08333333333333333,0.005952380952380565,14.00000000000091
237659844#0,4440,70,120,70,0.08333333333333333,0.005952380952380953,13.999999999999998
237659844#0,4440,140,120,70,0.08333333333333333,0.005952380952380953,13.999999999999998
237659844#0,4560,0,120,70,0.369047619047619,0.03316326530612268,11.12820512820505
237659844#0,4560,70,120,70,0.3333333333333333,0.02380952380952381,13.999999999999998
237659844#0,4560,140,120,70,0.2976190476190476,0.021258503401360544,14.0
237659844#0,4680,0,120,70,0.6309523809523809,0.045493197278912344,13.869158878504434
237659844#0,4680,70,120,70,0.6666666666666666,0.04761904761904762,13.999999999999998
237659844#0,4680,140,120,70,0.7023809523809523,0.050170068027210885,13.999999999999998
237659844#0,4800,0,120,70,0.3416666666666667,0.024404761904762134,13.999999999999869
237659844#0,4800,70,120,70,0.3333333333333333,0.02380952380952381,13.999999999999998
237659844#0,4800,140,120,70,0.3333333333333333,0.02380952380952381,13.999999999999998
237659844#0,4920,0,120,70,0.3666666666666667,0.029931972789115024,12.250000000000256
237659844#0,4920,70,120,70,0.375,0.026785714285714284,14.0
237659844#0,4920,140,120,70,0.375,0.026785714285714284,14.0
237659844#0,5040,0,120,70,0.6666666666666666,0.060374149659864096,11.042253521126732
237659844#0,5040,70,120,70,0.6309523809523809,0.045068027210884355,13.999999999999998
237659844#0,5040,140,120,70,0.5833333333333334,0.041666666666666664,14.000000000000002
237659844#0,5160,0,120,70,1.1369047619047619,0.11741780045351444,9.682558841279445
237659844#0,5160,70,120,70,1.1071428571428572,0.08566468253968254,12.924145917776492
237659844#0,5160,140,120,70,1.0773809523809526,0.08881802721088435,12.13020584011489
237659844#0,5280,0,120,70,0.8214285714285714,0.08120748299319744,10.115183246073277
237659844#0,5280,70,120,70,0.8452380952380952,0.06717687074829932,12.582278481012658
237659844#0,5280,140,120,70,0.9226190476190476,0.06590136054421769,13.999999999999998
237659844#0,5400,0,120,70,0.8333333333333334,0.059523809523809285,14.000000000000057
237659844#0,5400,70,120,70,0.8511904761904763,0.06079931972789116,14.0
237659844#0,5400,140,120,70,0.8333333333333334,0.05952380952380953,14.0
237659844#0,5520,0,120,70,0.4166666666666667,0.02976190476190484,13.999999999999964
237659844#0,5520,70,120,70,0.39880952380952384,0.02848639455782313,14.0
237659844#0,5520,140,120,70,0.4166666666666667,0.029761904761904764,14.0
237659844#0,5640,0,120,70,0.8059523809523809,0.06815476190476176,11.825327510917054
237659844#0,5640,70,120,70,0.8214285714285714,0.0586734693877551,14.0
237659844#0,5640,140,120,70,0.7523809523809524,0.05374149659863944,14.000000000000004
237659844#0,5760,0,120,70,0.5690476190476191,0.04175170068027257,13.629327902240178
237659844#0,5760,70,120,70,0.5952380952380952,0.04251700680272109,14.0
237659844#0,5760,140,120,70,0.6226190476190476,0.04463254998969285,13.949887419894925
237659844#0,5880,0,120,70,0.20833333333333334,0.014880952380952458,13.999999999999927
237659844#0,5880,70,120,70,0.20833333333333334,0.014880952380952382,14.0
237659844#0,5880,140,120,70,0.20833333333333334,0.014880952380952382,14.0
237659844#0,6000,0,120,70,0.75,0.057823129251700904,12.970588235294068
237659844#0,6000,70,120,70,0.6428571428571429,0.0818452380952381,7.854545454545455
237659844#0,6000,140,120,70,0.6011904761904763,0.08061224489795918,7.457805907172998
237659844#0,6120,0,120,70,0.16666666666666666,0.011904761904761906,13.999999999999998
237659844#0,6120,70,120,70,0.27380952380952384,0.0314625850340136,8.702702702702705
237659844#0,6120,140,120,70,0.31547619047619047,0.022534013605442178,13.999999999999998
237659844#0,6240,0,120,70,0.3333333333333333,0.025935374149659945,12.852459016393402
237659844#0,6240,70,120,70,0.3333333333333333,0.02380952380952381,13.999999999999998
237659844#0,6240,140,120,70,0.375,0.026785714285714284,14.0
237659844#0,6360,0,120,70,0.25,0.017857142857143012,13.99999999999988
237659844#0,6360,70,120,70,0.18333333333333335,0.013095238095238096,14.0
237659844#0,6360,140,120,70,0.16666666666666666,0.01190476190476191,13.999999999999995
237659844#0,6480,0,120,70,0.9166666666666667,0.07746598639455883,11.833150384193042
237659844#0,6480,70,120,70,0.9654761904761904,0.0689625850340136,13.999999999999998
237659844#0,6480,140,120,70,0.9583333333333333,0.06845238095238096,13.999999999999998
237659844#0,6600,0,120,70,0.5,0.03571428571428587,13.999999999999938
237659844#0,6600,70,120,70,0.5178571428571429,0.036989795918367346,14.000000000000002
237659844#0,6600,140,120,70,0.5416666666666666,0.03869047619047619,13.999999999999998
237659844#0,6720,0,120,70,0.875,0.07355442176870802,11.895953757225346
237659844#0,6720,70,120,70,0.875,0.0625,14.0
237659844#0,6720,140,120,70,0.8273809523809523,0.06526360544217687,12.677524429967427
237659844#0,6840,0,120,70,0.6666666666666666,0.047619047619048546,13.999999999999726
237659844#0,6840,70,120,70,0.6666666666666666,0.04761904761904762,13.999999999999998
237659844#0,6840,140,120,70,0.6547619047619048,0.046768707482993194,14.000000000000002
237659844#0,6960,0,120,70,0.45833333333333337,0.03316326530612283,13.820512820512661
237659844#0,6960,70,120,70,0.45833333333333337,0.03273809523809523,14.000000000000004
237659844#0,6960,140,120,70,0.5178571428571429,0.036989795918367346,14.000000000000002
237659844#0,7080,0,120,70,0.0,0.0,14.0
237659844#0,7080,70,120,70,0.0,0.0,14.0
237659844#0,7080,140,120,70,0.0,0.0,14.0
237667614#0,0,0,120,40,0.0,0.0,8.0
237667614#0,0,40,120,40,0.0,0.0,8.0
237667614#0,120,0,120,40,0.0761904761904762,0.00952380952380952,8.000000000000004
237667614#0,120,40,120,40,0.04166666666666667,0.005208333333333334,8.0
237667614#0,240,0,120,40,0.007142857142857147,0.0008928571428571434,8.0
237667614#0,240,40,120,40,0.04166666666666667,0.005208333333333334,8.0
237667614#0,360,0,120,40,0.08333333333333334,0.010416666666666675,7.999999999999995
237667614#0,360,40,120,40,0.08333333333333334,0.010416666666666668,8.0
237667614#0,480,0,120,40,0.0,0.0,8.0
237667614#0,480,40,120,40,0.0,0.0,8.0
237667614#0,600,0,120,40,0.0,0.0,8.0
237667614#0,600,40,120,40,0.0,0.0,8.0
237667614#0,720,0,120,40,0.0,0.0,8.0
237667614#0,720,40,120,40,0.0,0.0,8.0
237667614#0,840,0,120,40,0.0,0.0,8.0
237667614#0,840,40,120,40,0.0,0.0,8.0
237667614#0,960,0,120,40,0.0827380952380952,0.010342261904761802,8.000000000000075
237667614#0,960,40,120,40,0.04166666666666667,0.005208333333333334,8.0
237667614#0,1080,0,120,40,0.29226190476190483,0.045647321428571634,6.402607986960038
237667614#0,1080,40,120,40,0.33333333333333337,0.04166666666666667,8.0
237667614#0,1200,0,120,40,0.0,0.0,8.0
237667614#0,1200,40,120,40,0.0,0.0,8.0
237667614#0,1320,0,120,40,0.08333333333333334,0.01041666666666646,8.00000000000016
237667614#0,1320,40,120,40,0.08333333333333334,0.010416666666666678,7.999999999999992
237667614#0,1440,0,120,40,0.08333333333333334,0.0104166666666666,8.000000000000052
237667614#0,1440,40,120,40,0.08333333333333334,0.010416666666666668,8.0
237667614#0,1560,0,120,40,0.0,0.0,8.0
237667614#0,1560,40,120,40,0.0,0.0,8.0
237667614#0,1680,0,120,40,0.20833333333333334,0.026320684523809625,7.915194346289723
237667614#0,1680,40,120,40,0.16666666666666669,0.020833333333333332,8.000000000000002
237667614#0,1800,0,120,40,0.0,0.0,8.0
237667614#0,1800,40,120,40,0.04166666666666667,0.005208333333333334,8.0
237667614#0,1920,0,120,40,0.08333333333333334,0.010416666666666668,8.0
237667614#0,1920,40,120,40,0.08333333333333334,0.010416666666666668,8.0
237667614#0,2040,0,120,40,0.04166666666666667,0.0052083333333332,8.000000000000206
237667614#0,2040,40,120,40,0.04166666666666667,0.005208333333333334,8.0
237667614#0,2160,0,120,40,0.125,0.01657366071428578,7.542087542087512
237667614#0,2160,40,120,40,0.125,0.015625,8.0
237667614#0,2280,0,120,40,0.0,0.0,8.0
237667614#0,2280,40,120,40,0.0,0.0,8.0
237667614#0,2400,0,120,40,0.04166666666666667,0.0052083333333334,7.999999999999899
237667614#0,2400,40,120,40,0.04166666666666667,0.005208333333333334,8.0
237667614#0,2520,0,120,40,0.04166666666666667,0.005208333333333334,8.0
237667614#0,2520,40,120,40,0.04166666666666667,0.005208333333333334,8.0
237667614#0,2640,0,120,40,0.0,0.0,8.0
237667614#0,2640,40,120,40,0.0,0.0,8.0
237667614#0,2760,0,120,40,0.16666666666666669,0.024088541666666463,6.918918918918978
237667614#0,2760,40,120,40,0.140625,0.017578125,8.0
237667614#0,2880,0,120,40,0.08333333333333334,0.01171875,7.111111111111112
237667614#0,2880,40,120,40,0.109375,0.013671875,8.0
237667614#0,3000,0,120,40,0.125,0.015625000000000062,7.999999999999968
237667614#0,3000,40,120,40,0.125,0.015625,8.0
237667614#0,3120,0,120,40,0.0,0.0,8.0
237667614#0,3120,40,120,40,0.0,0.0,8.0
237667614#0,3240,0,120,40,0.0,0.0,8.0
237667614#0,3240,40,120,40,0.0,0.0,8.0
237667614#0,3360,0,120,40,0.0,0.0,8.0
237667614#0,3360,40,120,40,0.0,0.0,8.0
237667614#0,3480,0,120,40,0.08333333333333334,0.010416666666666668,8.0
237667614#0,3480,40,120,40,0.08333333333333334,0.010416666666666668,8.0
237667614#0,3600,0,120,40,0.007440476190476187,0.0009300595238097267,7.99999999999825
237667614#0,3600,40,120,40,0.0,0.0,8.0
237667614#0,3720,0,120,40,0.03422619047619048,0.00427827380952381,8.0
237667614#0,3720,40,120,40,0.04166666666666667,0.005208333333333334,8.0
237667614#0,3840,0,120,40,0.16666666666666669,0.02083333333333307,8.000000000000103
237667614#0,3840,40,120,40,0.16666666666666669,0.020833333333333346,7.9999999999999964
237667614#0,3960,0,120,40,0.08333333333333334,0.012797619047619113,6.511627906976711
237667614#0,3960,40,120,40,0.08333333333333334,0.010416666666666668,8.0
237667614#0,4080,0,120,40,0.08333333333333334,0.010416666666666668,8.0
237667614#0,4080,40,120,40,0.08333333333333334,0.010416666666666668,8.0
237667614#0,4200,0,120,40,0.04166666666666667,0.005208333333332926,8.000000000000627
237667614#0,4200,40,120,40,0.04166666666666667,0.005208333333333334,8.0
237667614#0,4320,0,120,40,0.04166666666666667,0.005208333333333063,8.000000000000416
237667614#0,4320,40,120,40,0.04166666666666667,0.005208333333333334,8.0
237667614#0,4440,0,120,40,0.04166666666666667,0.005208333333333334,8.0
237667614#0,4440,40,120,40,0.04166666666666667,0.005208333333333334,8.0
237667614#0,4560,0,120,40,0.04166666666666667,0.005208333333333604,7.999999999999586
237667614#0,4560,40,120,40,0.04166666666666667,0.005208333333333334,8.0
237667614#0,4680,0,120,40,0.0,0.0,8.0
237667614#0,4680,40,120,40,0.0,0.0,8.0
237667614#0,4800,0,120,40,0.125,0.015624999999999731,8.000000000000139
237667614#0,4800,40,120,40,0.125,0.015625,8.0
237667614#0,4920,0,120,40,0.08333333333333334,0.010416666666666935,7.999999999999795
237667614#0,4920,40,120,40,0.08333333333333334,0.010416666666666654,8.00000000000001
237667614#0,5040,0,120,40,0.04166666666666667,0.0052083333333332,8.000000000000206
237667614#0,5040,40,120,40,0.04166666666666667,0.005208333333333335,7.999999999999999
237667614#0,5160,0,120,40,0.08333333333333334,0.013671875,6.095238095238096
237667614#0,5160,40,120,40,0.08333333333333334,0.010416666666666668,8.0
237667614#0,5280,0,120,40,0.125,0.015624999999999462,8.000000000000275
237667614#0,5280,40,120,40,0.125,0.015625,8.0
237667614#0,5400,0,120,40,0.04166666666666667,0.005208333333333334,8.0
237667614#0,5400,40,120,40,0.04166666666666667,0.005208333333333334,8.0
237667614#0,5520,0,120,40,0.08333333333333334,0.010416666666666668,8.0
237667614#0,5520,40,120,40,0.08333333333333334,0.010416666666666668,8.0
237667614#0,5640,0,120,40,0.08333333333333334,0.010416666666666892,7.999999999999829
237667614#0,5640,40,120,40,0.06825396825396825,0.008531746031746031,8.0
237667614#0,5760,0,120,40,0.125,0.015625,8.0
237667614#0,5760,40,120,40,0.14007936507936508,0.017509920634920635,8.0
237667614#0,5880,0,120,40,0.0,0.0,8.0
237667614#0,5880,40,120,40,0.0,0.0,8.0
237667614#0,6000,0,120,40,0.0,0.0,8.0
237667614#0,6000,40,120,40,0.0,0.0,8.0
237667614#0,6120,0,120,40,0.125,0.020182291666666664,6.193548387096775
237667614#0,6120,40,120,40,0.125,0.015625,8.0
237667614#0,6240,0,120,40,0.33333333333333337,0.04706101190476217,7.083003952569131
237667614#0,6240,40,120,40,0.33333333333333337,0.041666666666666644,8.000000000000005
237667614#0,6360,0,120,40,0.08333333333333334,0.010416666666666803,7.999999999999896
237667614#0,6360,40,120,40,0.08333333333333334,0.010416666666666668,8.0
237667614#0,6480,0,120,40,0.0,0.0,8.0
237667614#0,6480,40,120,40,0.0,0.0,8.0
237667614#0,6600,0,120,40,0.04166666666666667,0.005208333333333334,8.0
237667614#0,6600,40,120,40,0.04166666666666667,0.005208333333333334,8.0
237667614#0,6720,0,120,40,0.125,0.01562500000000027,7.9999999999998614
237667614#0,6720,40,120,40,0.125,0.015625,8.0
237667614#0,6840,0,120,40,0.04166666666666667,0.005208333333333334,8.0
237667614#0,6840,40,120,40,0.04166666666666667,0.005208333333333334,8.0
237667614#0,6960,0,120,40,0.08333333333333334,0.01041666666666653,8.000000000000105
237667614#0,6960,40,120,40,0.08333333333333334,0.010416666666666668,8.0
237667614#0,7080,0,120,40,0.08333333333333334,0.010416666666667164,7.999999999999619
237667614#0,7080,40,120,40,0.08333333333333334,0.010416666666666668,8.0
237914520#0,0,0,120,70,0.49315476190476193,0.035225340136054425,14.0
237914520#0,120,0,120,70,0.37127976190476186,0.026519982993197265,14.000000000000005
237914520#0,240,0,120,70,0.5522321428571428,0.039492394179894204,13.983253087711944
237914520#0,360,0,120,70,1.0416666666666667,0.08193027210884352,12.714063310845878
237914520#0,480,0,120,70,0.5,0.03574617346938774,13.987511150758257
237914520#0,600,0,120,70,0.5833333333333334,0.04166666666666674,13.999999999999977
237914520#0,720,0,120,70,1.1165178571428571,0.08632208565244279,12.934324381807397
237914520#0,840,0,120,70,0.9003472222222223,0.06431051587301616,13.99999999999994
237914520#0,960,0,120,70,0.9390873015873016,0.06707766439909296,14.000000000000002
237914520#0,1080,0,120,70,1.419047619047619,0.11206420068027202,12.662809447026472
237914520#0,1200,0,120,70,0.9683035714285714,0.06916454081632685,13.999999999999934
237914520#0,1320,0,120,70,0.5733630952380953,0.04095450680272124,13.999999999999948
237914520#0,1440,0,120,70,0.6934523809523809,0.04960914938522485,13.978316289351913
237914520#0,1560,0,120,70,0.4732142857142857,0.033801020408163206,14.000000000000025
237914520#0,1680,0,120,70,0.6,0.04285714285714241,14.000000000000144
237914520#0,1800,0,120,70,0.8998511904761906,0.06427508503401347,14.000000000000032
237914520#0,1920,0,120,70,0.5,0.03571428571428591,13.999999999999925
237914520#0,2040,0,120,70,0.7976190476190477,0.05697278911564637,13.999999999999973
237914520#0,2160,0,120,70,1.244047619047619,0.10293367346938692,12.08591491119382
237914520#0,2280,0,120,70,1.189781746031746,0.08500760152545864,13.99618063186293
237914520#0,2400,0,120,70,1.209623015873016,0.08640164399092899,14.000000000000115
237914520#0,2520,0,120,70,1.0446428571428572,0.18480556401665163,5.65265912150097
237914520#0,2640,0,120,70,0.7090773809523809,0.08440688775510173,8.400705200856345
237914520#0,2760,0,120,70,1.1802083333333333,0.086322085652443,13.672148030403067
237914520#0,2880,0,120,70,0.45833333333333337,0.032738095238094886,14.000000000000151
237914520#0,3000,0,120,70,1.3035714285714286,0.12525510204081583,10.407331975560123
237914520#0,3120,0,120,70,1.0714285714285714,0.1074792636352791,9.968700335204796
237914520#0,3240,0,120,70,0.4166666666666667,0.02976190476190471,14.000000000000025
237914520#0,3360,0,120,70,0.6666666666666666,0.0476190476190469,14.00000000000021
237914520#0,3480,0,120,70,0.8190476190476191,0.06060484913096865,13.514555861324496
237914520#0,3600,0,120,70,0.9016369047619048,0.06440263605442181,13.999999999999991
237914520#0,3720,0,120,70,0.4876488095238095,0.03483205782312879,14.000000000000187
237914520#0,3840,0,120,70,0.6927083333333334,0.053571428571428256,12.930555555555632
237914520#0,3960,0,120,70,1.5049107142857143,0.14074192176870726,10.69269692621405
237914520#0,4080,0,120,70,0.5875,0.04196428571428606,13.999999999999886
237914520#0,4200,0,120,70,0.8398809523809524,0.0600363061891419,13.989550751755816
237914520#0,4320,0,120,70,0.5833333333333334,0.04166666666666761,13.999999999999684
237914520#0,4440,0,120,70,0.45833333333333337,0.03273809523809575,13.999999999999782
237914520#0,4560,0,120,70,1.0369047619047618,0.0789115646258507,13.140086206896491
237914520#0,4680,0,120,70,1.0328869047619047,0.07611607142857144,13.569892473118278
237914520#0,4800,0,120,70,0.8683035714285714,0.06490777858762531,13.37749635440634
237914520#0,4920,0,120,70,1.0202380952380954,0.08218537414965937,12.413864459389625
237914520#0,5040,0,120,70,1.5970238095238096,0.1619047619047619,9.863970588235293
237914520#0,5160,0,120,70,0.8613095238095237,0.06152210884353648,14.000000000000211
237914520#0,5280,0,120,70,0.25,0.017857142857142596,14.000000000000204
237914520#0,5400,0,120,70,1.2083333333333333,0.10465561224489896,11.545805403209314
237914520#0,5520,0,120,70,0.875,0.10425170068027174,8.393148450244727
237914520#0,5640,0,120,70,0.5416666666666666,0.038690476190476754,13.999999999999796
237914520#0,5760,0,120,70,0.7767857142857143,0.05774281934996162,13.452507567700374
237914520#0,5880,0,120,70,0.5898809523809524,0.042134353741496516,14.000000000000028
237914520#0,6000,0,120,70,1.1333333333333333,0.08095238095238162,13.999999999999885
237914520#0,6120,0,120,70,0.8333333333333334,0.059570191713050176,13.989099403062239
237914520#0,6240,0,120,70,0.7910714285714285,0.1102825745682886,7.173131672597881
237914520#0,6360,0,120,70,0.3339285714285714,0.023852040816326088,14.00000000000026
237914520#0,6480,0,120,70,1.1386904761904761,0.08435760667903651,13.498373424971161
237914520#0,6600,0,120,70,0.9446428571428571,0.12614795918367339,7.48837209302326
237914520#0,6720,0,120,70,1.2785714285714285,0.09132653061224598,13.999999999999833
237914520#0,6840,0,120,70,1.1380952380952383,0.08332070215978712,13.659213239858108
237914520#0,6960,0,120,70,0.9583333333333333,0.07942176870748219,12.066381156317037
237914520#0,7080,0,120,70,0.16666666666666666,0.011904761904761673,14.000000000000272
237914522#0,0,0,120,70,0.25,0.018877551020408168,13.24324324324324
237914522#0,120,0,120,70,0.2916666666666667,0.02083333333333333,14.000000000000004
237914522#0,240,0,120,70,0.875,0.07084750566893418,12.350470094018815
237914522#0,360,0,120,70,0.125,0.008928571428571397,14.00000000000005
237914522#0,480,0,120,70,0.25,0.017857142857142863,13.999999999999995
237914522#0,600,0,120,70,0.625,0.046867913832199654,13.335349259147232
237914522#0,720,0,120,70,0.625,0.05097789115646256,12.260216847372815
237914522#0,840,0,120,70,0.25,0.017857142857142825,14.000000000000025
237914522#0,960,0,120,70,0.375,0.03136337868480724,11.956619972887488
237914522#0,1080,0,120,70,0.0,0.0,14.0
237914522#0,1200,0,120,70,0.5,0.036394557823129066,13.738317757009415
237914522#0,1320,0,120,70,0.25,0.01792578672690454,13.94638928872108
237914522#0,1440,0,120,70,0.375,0.02976190476190477,12.599999999999996
237914522#0,1560,0,120,70,0.15238095238095237,0.010884353741496539,14.000000000000076
237914522#0,1680,0,120,70,0.18095238095238095,0.012925170068027264,13.999999999999941
237914522#0,1800,0,120,70,0.16666666666666666,0.011904761904761927,13.999999999999973
237914522#0,1920,0,120,70,0.20833333333333334,0.014880952380952385,13.999999999999996
237914522#0,2040,0,120,70,0.6342261904761906,0.054995748299319414,11.53227676845774
237914522#0,2160,0,120,70,0.16577380952380955,0.011840986394557959,13.999999999999842
237914522#0,2280,0,120,70,0.2416666666666667,0.017261904761904916,13.999999999999877
237914522#0,2400,0,120,70,0.2916666666666667,0.026360544217687368,11.064516129032135
237914522#0,2520,0,120,70,0.20833333333333334,0.014880952380952524,13.999999999999867
237914522#0,2640,0,120,70,0.6666666666666666,0.05782312925170061,11.529411764705895
237914522#0,2760,0,120,70,0.5416666666666666,0.0422798066595057,12.811474542182765
237914522#0,2880,0,120,70,0.375,0.026785714285713875,14.000000000000215
237914522#0,3000,0,120,70,0.08333333333333333,0.005952380952380953,13.999999999999998
237914522#0,3120,0,120,70,0.25,0.017857142857142922,13.999999999999948
237914522#0,3240,0,120,70,0.16666666666666666,0.011904761904761918,13.999999999999984
237914522#0,3360,0,120,70,0.13392857142857142,0.009566326530612259,13.999999999999979
237914522#0,3480,0,120,70,0.15773809523809523,0.011267006802721035,14.000000000000066
237914522#0,3600,0,120,70,0.13794642857142858,0.009853316326530534,14.000000000000112
237914522#0,3720,0,120,70,0.7370535714285714,0.05264668367346916,14.00000000000006
237914522#0,3840,0,120,70,0.5833333333333334,0.04532312925170049,12.87054409005634
237914522#0,3960,0,120,70,0.5,0.03710734293717475,13.474422052975713
237914522#0,4080,0,120,70,0.33318452380952385,0.024776785714285324,13.44744744744766
237914522#0,4200,0,120,70,0.125,0.008928571428571633,13.99999999999968
237914522#0,4320,0,120,70,0.08333333333333333,0.005952380952380778,14.00000000000041
237914522#0,4440,0,120,70,0.125,0.008928571428571633,13.99999999999968
237914522#0,4560,0,120,70,0.041666666666666664,0.002976190476190552,13.999999999999643
237914522#0,4680,0,120,70,0.22261904761904763,0.015901360544218184,13.999999999999563
237914522#0,4800,0,120,70,0.7339285714285714,0.065008503401361,11.28973185088285
237914522#0,4920,0,120,70,0.41845238095238096,0.029889455782312467,14.000000000000215
237914522#0,5040,0,120,70,0.39166666666666666,0.028996598639455775,13.507331378299124
237914522#0,5160,0,120,70,0.46785714285714286,0.0334183673469384,14.000000000000158
237914522#0,5280,0,120,70,0.3904761904761905,0.03224206349206352,12.110769230769218
237914522#0,5400,0,120,70,0.125,0.008928571428571399,14.000000000000046
237914522#0,5520,0,120,70,0.4166666666666667,0.03560799319727954,11.701492537313227
237914522#0,5640,0,120,70,0.375,0.026828371612672063,13.977739887234646
237914522#0,5760,0,120,70,0.17589285714285716,0.012563775510204437,13.999999999999606
237914522#0,5880,0,120,70,0.399702380952381,0.02855017006802731,13.999999999999952
237914522#0,6000,0,120,70,0.5910714285714286,0.04319727891156416,13.683070866141879
237914522#0,6120,0,120,70,0.41651785714285716,0.02982213718820858,13.966733990733058
237914522#0,6240,0,120,70,0.27380952380952384,0.019557823129251854,13.999999999999892
237914522#0,6360,0,120,70,0.39285714285714285,0.028061224489795686,14.000000000000115
237914522#0,6480,0,120,70,0.8333333333333334,0.06292517006802763,13.243243243243157
237914522#0,6600,0,120,70,0.375,0.02776360544217706,13.50689127105657
237914522#0,6720,0,120,70,0.08333333333333333,0.005952380952380935,14.00000000000004
237914522#0,6840,0,120,70,0.2916666666666667,0.02083333333333372,13.99999999999974
237914522#0,6960,0,120,70,0.2081845238095238,0.014870323129251854,13.999999999999854
237914522#0,7080,0,120,70,0.041666666666666664,0.002976190476190624,13.999999999999304
237914526#0,0,0,120,70,0.45833333333333337,0.04987244897959183,9.190110826939474
237914526#0,120,0,120,70,0.16666666666666666,0.011904761904761906,13.999999999999998
237914526#0,240,0,120,70,1.3333333333333333,0.1472363945578231,9.055732024256425
237914526#0,360,0,120,70,0.45833333333333337,0.03558529343940959,12.879852574877004
237914526#0,480,0,120,70,0.2916666666666667,0.020833333333333356,13.999999999999986
237914526#0,600,0,120,70,0.20833333333333334,0.014880952380952366,14.000000000000014
237914526#0,720,0,120,70,0.08333333333333333,0.005952380952380976,13.999999999999943
237914526#0,840,0,120,70,0.0,0.0,14.0
237914526#0,960,0,120,70,0.2916666666666667,0.02083333333333354,13.999999999999861
237914526#0,1080,0,120,70,0.125,0.008928571428571428,14.0
237914526#0,1200,0,120,70,0.6,0.0635629251700681,9.439464882943131
237914526#0,1320,0,120,70,0.6916666666666667,0.04962484256674375,13.937911555818
237914526#0,1440,0,120,70,0.6857142857142857,0.050562629712902,13.561681613630807
237914526#0,1560,0,120,70,0.3666666666666667,0.02810374149659828,13.046898638426793
237914526#0,1680,0,120,70,0.48928571428571427,0.034948979591836675,14.000000000000023
237914526#0,1800,0,120,70,0.20833333333333334,0.014880952380952325,14.000000000000053
237914526#0,1920,0,120,70,0.20833333333333334,0.014880952380952401,13.999999999999982
237914526#0,2040,0,120,70,0.6595238095238095,0.049161255411255766,13.41552008805714
237914526#0,2160,0,120,70,0.44642857142857145,0.08524587801222173,5.2369520009468005
237914526#0,2280,0,120,70,0.26904761904761904,0.019217687074829383,14.0000000000004
237914526#0,2400,0,120,70,0.6678571428571428,0.047704081632652176,14.00000000000026
237914526#0,2520,0,120,70,0.3738095238095238,0.031594534365470106,11.831461716937438
237914526#0,2640,0,120,70,0.4166666666666667,0.029761904761904816,13.999999999999975
237914526#0,2760,0,120,70,0.719047619047619,0.07976190476190453,9.014925373134353
237914526#0,2880,0,120,70,0.2392857142857143,0.017091836734693548,14.00000000000027
237914526#0,3000,0,120,70,0.16666666666666666,0.011904761904761781,14.000000000000146
237914526#0,3120,0,120,70,0.125,0.008928571428571236,14.000000000000302
237914526#0,3240,0,120,70,0.2916666666666667,0.020833333333333176,14.000000000000107
237914526#0,3360,0,120,70,0.2916666666666667,0.021227373628140735,13.740120269989953
237914526#0,3480,0,120,70,0.625,0.046811224489795564,13.351498637602282
237914526#0,3600,0,120,70,0.20833333333333334,0.01488095238095206,14.000000000000304
237914526#0,3720,0,120,70,0.041666666666666664,0.002976190476190438,14.00000000000018
237914526#0,3840,0,120,70,0.375,0.029209183673469155,12.838427947598355
237914526#0,3960,0,120,70,0.6666666666666666,0.0781037414965985,8.535655960805675
237914526#0,4080,0,120,70,0.5833333333333334,0.04166666666666771,13.99999999999965
237914526#0,4200,0,120,70,0.3732142857142857,0.026797309833023877,13.927304197317305
237914526#0,4320,0,120,70,0.41845238095238096,0.0318452380952382,13.140186915887808
237914526#0,4440,0,120,70,0.125,0.008928571428571128,14.00000000000047
237914526#0,4560,0,120,70,0.375,0.029506802721088438,12.70893371757925
237914526#0,4680,0,120,70,0.7255952380952381,0.053655133928572296,13.52331426590375
237914526#0,4800,0,120,70,0.1494047619047619,0.010671768707483051,13.999999999999924
237914526#0,4920,0,120,70,0.4392857142857143,0.0397959183673471,11.038461538461494
237914526#0,5040,0,120,70,0.5589285714285714,0.11416626902559554,4.895741765050255
237914526#0,5160,0,120,70,0.16845238095238094,0.012116018282312875,13.903278868297019
237914526#0,5280,0,120,70,0.5464285714285714,0.046513605442178106,11.747714808043563
237914526#0,5400,0,120,70,0.6375,0.04689625850340058,13.593834995467134
237914526#0,5520,0,120,70,0.5660714285714286,0.042602040816326354,13.287425149700653
237914526#0,5640,0,120,70,0.5226190476190476,0.04217349280814077,12.392121515677882
237914526#0,5760,0,120,70,0.39404761904761904,0.15089285714285777,2.611439842209062
237914526#0,5880,0,120,70,0.25,0.01785714285714317,13.999999999999757
237914526#0,6000,0,120,70,0.125,0.008928571428571041,14.000000000000608
237914526#0,6120,0,120,70,0.125,0.00892857142857161,13.999999999999716
237914526#0,6240,0,120,70,0.7916666666666666,0.06649659863945595,11.90537084398974
237914526#0,6360,0,120,70,0.25,0.017857142857142533,14.000000000000254
237914526#0,6480,0,120,70,0.3333333333333333,0.023809523809523694,14.000000000000068
237914526#0,6600,0,120,70,0.2916666666666667,0.020960163726508635,13.91528570446191
237914526#0,6720,0,120,70,0.17738095238095236,0.01267006802721119,13.99999999999966
237914526#0,6840,0,120,70,1.0089285714285714,0.11883237670068088,8.490350857577273
237914526#0,6960,0,120,70,0.6470238095238094,0.06279761904762021,10.303317535544831
237914526#0,7080,0,120,70,0.125,0.00892857142857179,13.999999999999432
237914527#0,0,0,120,70,0.0,0.0,14.0
237914527#0,120,0,120,70,0.25,0.017857142857142867,13.999999999999993
237914527#0,240,0,120,70,0.8392857142857143,0.06403061224489796,13.107569721115537
237914527#0,360,0,120,70,0.369047619047619,0.0355017006802721,10.395209580838324
237914527#0,480,0,120,70,0.375,0.027763605442176955,13.50689127105662
237914527#0,600,0,120,70,0.08333333333333333,0.005952380952380971,13.999999999999956
237914527#0,720,0,120,70,0.32023809523809527,0.022874149659864014,13.99999999999996
237914527#0,840,0,120,70,0.22142857142857142,0.016320765594373367,13.567290709996447
237914527#0,960,0,120,70,0.041666666666666664,0.0029761904761904517,14.000000000000114
237914527#0,1080,0,120,70,0.2916666666666667,0.021422707013839984,13.614837120175222
237914527#0,1200,0,120,70,0.4291666666666667,0.03420987892012151,12.545109196929666
237914527#0,1320,0,120,70,0.7309523809523809,0.059226190476190245,12.341708542713615
237914527#0,1440,0,120,70,0.5482142857142858,0.044185799319727874,12.40702429636758
237914527#0,1560,0,120,70,0.6485119047619048,0.0575361394557824,11.271383705893204
237914527#0,1680,0,120,70,0.39285714285714285,0.028954081632653176,13.568281938325937
237914527#0,1800,0,120,70,0.125,0.008928571428571544,13.999999999999819
237914527#0,1920,0,120,70,0.5458333333333334,0.0464285714285716,11.756410256410215
237914527#0,2040,0,120,70,0.5589285714285714,0.08384517268445822,6.6661985840500995
237914527#0,2160,0,120,70,0.4369047619047619,0.14477891156462588,3.0177375778221536
237914527#0,2280,0,120,70,0.19523809523809524,0.013945578231292478,14.000000000000039
237914527#0,2400,0,120,70,0.513095238095238,0.03664965986394583,13.999999999999902
237914527#0,2520,0,120,70,0.3601190476190476,0.02997448979591848,12.014184397163076
237914527#0,2640,0,120,70,0.6398809523809523,0.04974489795918387,12.863247863247812
237914527#0,2760,0,120,70,0.8333333333333334,0.07419217687074812,11.23209169054444
237914527#0,2880,0,120,70,0.4857142857142857,0.04482556630182271,10.83565308341761
237914527#0,3000,0,120,70,0.5559523809523809,0.041326530612244554,13.45267489711945
237914527#0,3120,0,120,70,0.2369047619047619,0.016921768707483253,13.999999999999785
237914527#0,3240,0,120,70,0.4714285714285714,0.03846243042671638,12.256858607175081
237914527#0,3360,0,120,70,0.5833333333333334,0.05586734693877572,10.441400304413964
237914527#0,3480,0,120,70,0.2916666666666667,0.030919675562532545,9.433044214089323
237914527#0,3600,0,120,70,0.4166666666666667,0.03704931972789126,11.246270369520282
237914527#0,3720,0,120,70,0.25,0.026887755102040882,9.297912713472464
237914527#0,3840,0,120,70,0.20833333333333334,0.014880952380952508,13.999999999999881
237914527#0,3960,0,120,70,0.24702380952380953,0.021471088435373938,11.504950495049618
237914527#0,4080,0,120,70,0.9613095238095238,0.09268707482993159,10.371559633027566
237914527#0,4200,0,120,70,0.16666666666666666,0.011904761904762048,13.999999999999831
237914527#0,4320,0,120,70,0.4166666666666667,0.030040627362055834,13.870105362478425
237914527#0,4440,0,120,70,0.2916666666666667,0.02083333333333341,13.99999999999995
237914527#0,4560,0,120,70,0.20595238095238094,0.014710884353741127,14.000000000000352
237914527#0,4680,0,120,70,0.24980158730158725,0.019776706979088,12.63110120232498
237914527#0,4800,0,120,70,0.08591269841269843,0.006136621315192824,13.999999999999819
237914527#0,4920,0,120,70,0.4380952380952381,0.05638038548752845,7.7703483987733
237914527#0,5040,0,120,70,0.3952380952380953,0.125892857142857,3.139479905437356
237914527#0,5160,0,120,70,0.20833333333333334,0.014880952380952734,13.999999999999668
237914527#0,5280,0,120,70,0.3333333333333333,0.02402210884353717,13.876106194690406
237914527#0,5400,0,120,70,0.3333333333333333,0.03193027210884369,10.439414114513932
237914527#0,5520,0,120,70,0.0869047619047619,0.006207482993197356,13.999999999999826
237914527#0,5640,0,120,70,0.3821428571428571,0.043596938775509644,8.765359859567111
237914527#0,5760,0,120,70,0.36428571428571427,0.16168367346938775,2.2530766803408016
237914527#0,5880,0,120,70,0.2916666666666667,0.02723261526832948,10.710196717898931
237914527#0,6000,0,120,70,0.125,0.008928571428571582,13.999999999999758
237914527#0,6120,0,120,70,0.125,0.008928571428571506,13.99999999999988
237914527#0,6240,0,120,70,0.6488095238095237,0.055059523809524474,11.78378378378364
237914527#0,6360,0,120,70,0.26785714285714285,0.021513605442177484,12.450592885375139
237914527#0,6480,0,120,70,0.20833333333333334,0.023018707482993325,9.050609530845906
237914527#0,6600,0,120,70,0.2916666666666667,0.021045918367346636,13.858585858586059
237914527#0,6720,0,120,70,0.20833333333333334,0.01488095238095243,13.999999999999954
237914527#0,6840,0,120,70,0.5833333333333334,0.053231292517006604,10.958466453674163
237914527#0,6960,0,120,70,0.3333333333333333,0.023809523809523694,14.000000000000068
237914527#0,7080,0,120,70,0.125,0.009141156462584791,13.674418604651526
237914527#3,0,0,120,70,0.08333333333333333,0.005952380952380953,13.999999999999998
237914527#3,120,0,120,70,0.16666666666666666,0.016156462585034014,10.315789473684209
237914527#3,240,0,120,70,0.7148809523809524,0.05106292517006802,14.000000000000004
237914527#3,360,0,120,70,0.7017857142857142,0.061437074829931985,11.422837370242211
237914527#3,480,0,120,70,0.25,0.01785714285714293,13.999999999999943
237914527#3,600,0,120,70,0.35714285714285715,0.03209183673469392,11.128775834658173
237914527#3,720,0,120,70,0.1845238095238095,0.013180272108843578,13.999999999999956
237914527#3,840,0,120,70,0.375,0.03231292517006804,11.605263157894731
237914527#3,960,0,120,70,0.0,0.0,14.0
237914527#3,1080,0,120,70,0.16666666666666666,0.011904761904761946,13.99999999999995
237914527#3,1200,0,120,70,0.5547619047619048,0.042283058543614555,13.120193379333555
237914527#3,1320,0,120,70,0.7309523809523809,0.05357643057222877,13.64317057230887
237914527#3,1440,0,120,70,0.5446428571428571,0.0389619309262166,13.978846638126429
237914527#3,1560,0,120,70,0.4684523809523809,0.03346088435374141,14.000000000000036
237914527#3,1680,0,120,70,0.3130952380952381,0.022363945578231428,13.999999999999915
237914527#3,1800,0,120,70,0.17976190476190476,0.012840136054421835,13.999999999999927
237914527#3,1920,0,120,70,0.3380952380952381,0.026275510204081864,12.867313915857492
237914527#3,2040,0,120,70,0.2654761904761905,0.09755979811279347,2.721163795042513
237914527#3,2160,0,120,70,0.6880952380952381,0.14872448979591837,4.626643796455117
237914527#3,2280,0,120,70,0.125,0.008928571428571314,14.000000000000181
237914527#3,2400,0,120,70,0.375,0.02678571428571452,13.999999999999877
237914527#3,2520,0,120,70,0.4142857142857143,0.029591836734693882,13.999999999999998
237914527#3,2640,0,120,70,0.5857142857142857,0.042013343799057995,13.941148995796388
237914527#3,2760,0,120,70,0.7916666666666666,0.05654761904761909,13.99999999999999
237914527#3,2880,0,120,70,0.3875,0.032780612244898054,11.821011673151718
237914527#3,3000,0,120,70,0.5654761904761905,0.040391156462584565,14.000000000000162
237914527#3,3120,0,120,70,0.2136904761904762,0.015263605442177051,13.999999999999835
237914527#3,3240,0,120,70,0.5449404761904763,0.04504676870748315,12.097215667767774
237914527#3,3360,0,120,70,0.4133928571428571,0.04722438975590234,8.753799875014568
237914527#3,3480,0,120,70,0.16666666666666666,0.011904761904761942,13.999999999999956
237914527#3,3600,0,120,70,0.45833333333333337,0.038265306122449036,11.977777777777762
237914527#3,3720,0,120,70,0.375,0.033588435374149815,11.164556962025264
237914527#3,3840,0,120,70,0.041666666666666664,0.0029761904761905532,13.999999999999638
237914527#3,3960,0,120,70,0.16488095238095238,0.011777210884353644,14.000000000000115
237914527#3,4080,0,120,70,0.8767857142857143,0.06262755102040773,14.000000000000096
237914527#3,4200,0,120,70,0.20833333333333334,0.014880952380952458,13.999999999999927
237914527#3,4320,0,120,70,0.375,0.026785714285714236,14.000000000000027
237914527#3,4440,0,120,70,0.2916666666666667,0.02295918367346954,12.703703703703619
237914527#3,4560,0,120,70,0.125,0.008928571428571093,14.000000000000526
237914527#3,4680,0,120,70,0.08333333333333333,0.005952380952380953,13.999999999999998
237914527#3,4800,0,120,70,0.041666666666666664,0.0029761904761904765,13.999999999999998
237914527#3,4920,0,120,70,0.08333333333333333,0.005952380952380753,14.000000000000467
237914527#3,5040,0,120,70,0.4166666666666667,0.029761904761904993,13.999999999999892
237914527#3,5160,0,120,70,0.125,0.008928571428571506,13.99999999999988
237914527#3,5280,0,120,70,0.16666666666666666,0.026580978545263777,6.2701478947758105
237914527#3,5400,0,120,70,0.45833333333333337,0.032738095238095566,13.999999999999861
237914527#3,5520,0,120,70,0.08333333333333333,0.005952380952380926,14.00000000000006
237914527#3,5640,0,120,70,0.125,0.008928571428570793,14.000000000000997
237914527#3,5760,0,120,70,0.4166666666666667,0.033707482993197514,12.361251261352084
237914527#3,5880,0,120,70,0.34285714285714286,0.15697278911564658,2.1841820151679263
237914527#3,6000,0,120,70,0.15714285714285714,0.04489917395529648,3.499905305592375
237914527#3,6120,0,120,70,0.16666666666666666,0.011904761904761878,14.00000000000003
237914527#3,6240,0,120,70,0.35714285714285715,0.027636054421769304,12.923076923076644
237914527#3,6360,0,120,70,0.2261904761904762,0.01615646258503448,13.999999999999597
237914527#3,6480,0,120,70,0.041666666666666664,0.0029761904761904765,13.999999999999998
237914527#3,6600,0,120,70,0.3333333333333333,0.02380952380952331,14.000000000000293
237914527#3,6720,0,120,70,0.16666666666666666,0.011904761904762213,13.999999999999638
237914527#3,6840,0,120,70,0.3333333333333333,0.023809523809523774,14.00000000000002
237914527#3,6960,0,120,70,0.2916666666666667,0.02083333333333299,14.000000000000233
237914527#3,7080,0,120,70,0.08333333333333333,0.005952380952380793,14.000000000000373
237960945#0,0,0,120,70,0.0,0.0,14.0
237960945#0,120,0,120,70,0.1732142857142857,0.012372448979591829,14.000000000000009
237960945#0,240,0,120,70,0.7434523809523809,0.053103741496598626,14.000000000000002
237960945#0,360,0,120,70,0.041666666666666664,0.002976190476190467,14.000000000000043
237960945#0,480,0,120,70,0.0,0.0,14.0
237960945#0,600,0,120,70,0.20833333333333334,0.014880952380952392,13.99999999999999
237960945#0,720,0,120,70,0.09404761904761905,0.006717687074829932,14.0
237960945#0,840,0,120,70,0.2392857142857143,0.01709183673469387,14.000000000000005
237960945#0,960,0,120,70,0.375,0.026785714285714288,13.999999999999998
237960945#0,1080,0,120,70,0.0,0.0,14.0
237960945#0,1200,0,120,70,0.16666666666666666,0.013520408163265248,12.327044025157285
237960945#0,1320,0,120,70,0.08333333333333333,0.005952380952380941,14.000000000000027
237960945#0,1440,0,120,70,0.375,0.028585600907029544,13.118492811105572
237960945#0,1560,0,120,70,0.08333333333333333,0.005952380952380991,13.999999999999908
237960945#0,1680,0,120,70,0.08333333333333333,0.005952380952380953,13.999999999999998
237960945#0,1800,0,120,70,0.11830357142857142,0.008450255102040796,14.000000000000032
237960945#0,1920,0,120,70,0.21502976190476192,0.015359268707482984,14.000000000000009
237960945#0,2040,0,120,70,0.375,0.02678571428571375,14.00000000000028
237960945#0,2160,0,120,70,0.08333333333333333,0.005952380952380886,14.000000000000155
237960945#0,2280,0,120,70,0.0,0.0,14.0
237960945#0,2400,0,120,70,0.0,0.0,14.0
237960945#0,2520,0,120,70,0.16666666666666666,0.01190476190476204,13.99999999999984
237960945#0,2640,0,120,70,0.5416666666666666,0.03975340136054393,13.62566844919796
237960945#0,2760,0,120,70,0.25,0.01785714285714267,14.000000000000147
237960945#0,2880,0,120,70,0.25,0.017857142857142693,14.000000000000128
237960945#0,3000,0,120,70,0.041666666666666664,0.0029761904761904105,14.000000000000307
237960945#0,3120,0,120,70,0.041666666666666664,0.0029761904761905532,13.999999999999638
237960945#0,3240,0,120,70,0.16666666666666666,0.011904761904761887,14.00000000000002
237960945#0,3360,0,120,70,0.08333333333333333,0.005952380952380876,14.00000000000018
237960945#0,3480,0,120,70,0.0,0.0,14.0
237960945#0,3600,0,120,70,0.0,0.0,14.0
237960945#0,3720,0,120,70,0.20833333333333334,0.014880952380952125,14.000000000000242
237960945#0,3840,0,120,70,0.25,0.017857142857142797,14.000000000000046
237960945#0,3960,0,120,70,0.08333333333333333,0.005952380952380835,14.000000000000275
237960945#0,4080,0,120,70,0.30476190476190473,0.021768707482993182,14.000000000000009
237960945#0,4200,0,120,70,0.15357142857142858,0.01096938775510225,13.999999999999734
237960945#0,4320,0,120,70,0.125,0.008928571428571036,14.000000000000616
237960945#0,4440,0,120,70,0.041666666666666664,0.0029761904761905532,13.999999999999638
237960945#0,4560,0,120,70,0.08333333333333333,0.005952380952380953,13.999999999999998
237960945#0,4680,0,120,70,0.06547619047619047,0.00467687074829932,13.999999999999998
237960945#0,4800,0,120,70,0.35119047619047616,0.027380952380952412,12.826086956521724
237960945#0,4920,0,120,70,0.125,0.008928571428571428,14.0
237960945#0,5040,0,120,70,0.5416666666666666,0.046088435374149715,11.752767527675262
237960945#0,5160,0,120,70,0.2916666666666667,0.02083333333333354,13.999999999999861
237960945#0,5280,0,120,70,0.25,0.01792517006802695,13.946869070208932
237960945#0,5400,0,120,70,0.08333333333333333,0.005952380952381029,13.999999999999819
237960945#0,5520,0,120,70,0.2916666666666667,0.02083333333333412,13.999999999999472
237960945#0,5640,0,120,70,0.16666666666666666,0.011904761904761882,14.000000000000027
237960945#0,5760,0,120,70,0.125,0.008928571428571596,13.999999999999737
237960945#0,5880,0,120,70,0.3333333333333333,0.023809523809524506,13.99999999999959
237960945#0,6000,0,120,70,0.40119047619047615,0.028656462585034084,13.999999999999964
237960945#0,6120,0,120,70,0.2654761904761905,0.01896258503401325,14.000000000000261
237960945#0,6240,0,120,70,0.20833333333333334,0.014880952380952689,13.99999999999971
237960945#0,6360,0,120,70,0.041666666666666664,0.0029761904761906504,13.99999999999918
237960945#0,6480,0,120,70,0.5,0.036904761904762454,13.548387096773991
237960945#0,6600,0,120,70,0.2220238095238095,0.015858843537415082,13.999999999999897
237960945#0,6720,0,120,70,0.06964285714285715,0.004974489795918213,14.000000000000435
237960945#0,6840,0,120,70,0.0,0.0,14.0
237960945#0,6960,0,120,70,0.3333333333333333,0.0314625850340136,10.594594594594597
237960945#0,7080,0,120,70,0.0,0.0,14.0
237960947#0,0,0,120,70,0.0,0.0,14.0
237960947#0,120,0,120,70,0.25,0.017857142857142856,14.0
237960947#0,240,0,120,70,0.0,0.0,14.0
237960947#0,360,0,120,70,0.08333333333333333,0.005952380952380953,13.999999999999998
237960947#0,480,0,120,70,0.0,0.0,14.0
237960947#0,600,0,120,70,0.041666666666666664,0.0029761904761904765,13.999999999999998
237960947#0,720,0,120,70,0.08333333333333333,0.005952380952380953,13.999999999999998
237960947#0,840,0,120,70,0.0,0.0,14.0
237960947#0,960,0,120,70,0.0,0.0,14.0
237960947#0,1080,0,120,70,0.125,0.008928571428571428,14.0
237960947#0,1200,0,120,70,0.0,0.0,14.0
237960947#0,1320,0,120,70,0.0,0.0,14.0
237960947#0,1440,0,120,70,0.0,0.0,14.0
237960947#0,1560,0,120,70,0.0,0.0,14.0
237960947#0,1680,0,120,70,0.20833333333333334,0.014880952380952382,14.0
237960947#0,1800,0,120,70,0.125,0.008928571428571428,14.0
237960947#0,1920,0,120,70,0.125,0.008928571428571428,14.0
237960947#0,2040,0,120,70,0.0,0.0,14.0
237960947#0,2160,0,120,70,0.041666666666666664,0.0029761904761904765,13.999999999999998
237960947#0,2280,0,120,70,0.0,0.0,14.0
237960947#0,2400,0,120,70,0.0,0.0,14.0
237960947#0,2520,0,120,70,0.041666666666666664,0.0029761904761904765,13.999999999999998
237960947#0,2640,0,120,70,0.20833333333333334,0.014880952380952382,14.0
237960947#0,2760,0,120,70,0.0,0.0,14.0
237960947#0,2880,0,120,70,0.0,0.0,14.0
237960947#0,3000,0,120,70,0.0,0.0,14.0
237960947#0,3120,0,120,70,0.0,0.0,14.0
237960947#0,3240,0,120,70,0.125,0.008928571428571428,14.0
237960947#0,3360,0,120,70,0.25,0.017857142857142856,14.0
237960947#0,3480,0,120,70,0.0,0.0,14.0
237960947#0,3600,0,120,70,0.0,0.0,14.0
237960947#0,3720,0,120,70,0.0,0.0,14.0
237960947#0,3840,0,120,70,0.0,0.0,14.0
237960947#0,3960,0,120,70,0.0,0.0,14.0
237960947#0,4080,0,120,70,0.25,0.017857142857142856,14.0
237960947#0,4200,0,120,70,0.0,0.0,14.0
237960947#0,4320,0,120,70,0.0,0.0,14.0
237960947#0,4440,0,120,70,0.125,0.008928571428571428,14.0
237960947#0,4560,0,120,70,0.0,0.0,14.0
237960947#0,4680,0,120,70,0.25,0.017857142857142856,14.0
237960947#0,4800,0,120,70,0.0,0.0,14.0
237960947#0,4920,0,120,70,0.0,0.0,14.0
237960947#0,5040,0,120,70,0.0,0.0,14.0
237960947#0,5160,0,120,70,0.0,0.0,14.0
237960947#0,5280,0,120,70,0.0,0.0,14.0
237960947#0,5400,0,120,70,0.125,0.008928571428571428,14.0
237960947#0,5520,0,120,70,0.0,0.0,14.0
237960947#0,5640,0,120,70,0.125,0.008928571428571428,14.0
237960947#0,5760,0,120,70,0.08333333333333333,0.005952380952380953,13.999999999999998
237960947#0,5880,0,120,70,0.0,0.0,14.0
237960947#0,6000,0,120,70,0.0,0.0,14.0
237960947#0,6120,0,120,70,0.125,0.008928571428571428,14.0
237960947#0,6240,0,120,70,0.0,0.0,14.0
237960947#0,6360,0,120,70,0.0,0.0,14.0
237960947#0,6480,0,120,70,0.0,0.0,14.0
237960947#0,6600,0,120,70,0.0,0.0,14.0
237960947#0,6720,0,120,70,0.0,0.0,14.0
237960947#0,6840,0,120,70,0.4166666666666667,0.029761904761904764,14.0
237960947#0,6960,0,120,70,0.0,0.0,14.0
237960947#0,7080,0,120,70,0.0,0.0,14.0
237960949#0,0,0,120,70,0.0,0.0,14.0
237960949#0,120,0,120,70,0.0,0.0,14.0
237960949#0,240,0,120,70,0.0,0.0,14.0
237960949#0,360,0,120,70,0.041666666666666664,0.0029761904761904765,13.999999999999998
237960949#0,480,0,120,70,0.125,0.008928571428571428,14.0
237960949#0,600,0,120,70,0.0,0.0,14.0
237960949#0,720,0,120,70,0.125,0.008928571428571428,14.0
237960949#0,840,0,120,70,0.0,0.0,14.0
237960949#0,960,0,120,70,0.0,0.0,14.0
237960949#0,1080,0,120,70,0.0,0.0,14.0
237960949#0,1200,0,120,70,0.0,0.0,14.0
237960949#0,1320,0,120,70,0.0,0.0,14.0
237960949#0,1440,0,120,70,0.0,0.0,14.0
237960949#0,1560,0,120,70,0.0,0.0,14.0
237960949#0,1680,0,120,70,0.0,0.0,14.0
237960949#0,1800,0,120,70,0.16666666666666666,0.011904761904761906,13.999999999999998
237960949#0,1920,0,120,70,0.08333333333333333,0.005952380952380953,13.999999999999998
237960949#0,2040,0,120,70,0.0,0.0,14.0
237960949#0,2160,0,120,70,0.0,0.0,14.0
237960949#0,2280,0,120,70,0.0,0.0,14.0
237960949#0,2400,0,120,70,0.0,0.0,14.0
237960949#0,2520,0,120,70,0.0,0.0,14.0
237960949#0,2640,0,120,70,0.0,0.0,14.0
237960949#0,2760,0,120,70,0.0,0.0,14.0
237960949#0,2880,0,120,70,0.0,0.0,14.0
237960949#0,3000,0,120,70,0.0,0.0,14.0
237960949#0,3120,0,120,70,0.0,0.0,14.0
237960949#0,3240,0,120,70,0.0,0.0,14.0
237960949#0,3360,0,120,70,0.041666666666666664,0.0029761904761904765,13.999999999999998
237960949#0,3480,0,120,70,0.0,0.0,14.0
237960949#0,3600,0,120,70,0.0,0.0,14.0
237960949#0,3720,0,120,70,0.0,0.0,14.0
237960949#0,3840,0,120,70,0.0,0.0,14.0
237960949#0,3960,0,120,70,0.0,0.0,14.0
237960949#0,4080,0,120,70,0.0,0.0,14.0
237960949#0,4200,0,120,70,0.0,0.0,14.0
237960949#0,4320,0,120,70,0.0,0.0,14.0
237960949#0,4440,0,120,70,0.125,0.008928571428571428,14.0
237960949#0,4560,0,120,70,0.0,0.0,14.0
237960949#0,4680,0,120,70,0.0,0.0,14.0
237960949#0,4800,0,120,70,0.0,0.0,14.0
237960949#0,4920,0,120,70,0.0,0.0,14.0
237960949#0,5040,0,120,70,0.0,0.0,14.0
237960949#0,5160,0,120,70,0.0,0.0,14.0
237960949#0,5280,0,120,70,0.0,0.0,14.0
237960949#0,5400,0,120,70,0.0,0.0,14.0
237960949#0,5520,0,120,70,0.0,0.0,14.0
237960949#0,5640,0,120,70,0.0,0.0,14.0
237960949#0,5760,0,120,70,0.0,0.0,14.0
237960949#0,5880,0,120,70,0.0,0.0,14.0
237960949#0,6000,0,120,70,0.0,0.0,14.0
237960949#0,6120,0,120,70,0.08333333333333333,0.005952380952380953,13.999999999999998
237960949#0,6240,0,120,70,0.0,0.0,14.0
237960949#0,6360,0,120,70,0.0,0.0,14.0
237960949#0,6480,0,120,70,0.0,0.0,14.0
237960949#0,6600,0,120,70,0.0,0.0,14.0
237960949#0,6720,0,120,70,0.0,0.0,14.0
237960949#0,6840,0,120,70,0.0,0.0,14.0
237960949#0,6960,0,120,70,0.0,0.0,14.0
237960949#0,7080,0,120,70,0.0,0.0,14.0
238324877#0,0,0,120,40,0.04166666666666667,0.005208333333333337,7.999999999999995
238324877#0,0,40,120,40,0.023809523809523815,0.002976190476190477,8.0
238324877#0,120,0,120,40,0.05,0.006250000000000004,7.999999999999996
238324877#0,120,40,120,40,0.059523809523809514,0.007440476190476187,8.000000000000004
238324877#0,240,0,120,40,0.39146825396825397,0.04893353174603167,8.000000000000012
238324877#0,240,40,120,40,0.375,0.04687500000000005,7.999999999999992
238324877#0,360,0,120,40,0.308531746031746,0.03856646825396827,7.999999999999996
238324877#0,360,40,120,40,0.33333333333333337,0.04227430555555556,7.885010266940452
238324877#0,480,0,120,40,0.125,0.015625000000000017,7.999999999999991
238324877#0,480,40,120,40,0.125,0.015624999999999995,8.000000000000004
238324877#0,600,0,120,40,0.16666666666666669,0.020833333333333315,8.000000000000009
238324877#0,600,40,120,40,0.16517857142857145,0.02064732142857143,8.0
238324877#0,720,0,120,40,0.04166666666666667,0.005208333333333334,8.0
238324877#0,720,40,120,40,0.04315476190476191,0.005394345238095241,7.999999999999997
238324877#0,840,0,120,40,0.25,0.03125,8.0
238324877#0,840,40,120,40,0.25,0.031249999999999983,8.000000000000005
238324877#0,960,0,120,40,0.16666666666666669,0.020833333333333336,8.0
238324877#0,960,40,120,40,0.16666666666666669,0.020833333333333336,8.0
238324877#0,1080,0,120,40,0.4166666666666667,0.05208333333333316,8.000000000000027
238324877#0,1080,40,120,40,0.4166666666666667,0.05208333333333346,7.9999999999999805
238324877#0,1200,0,120,40,0.25,0.031249999999999896,8.000000000000027
238324877#0,1200,40,120,40,0.24732142857142855,0.030915178571428607,7.99999999999999
238324877#0,1320,0,120,40,0.21428571428571433,0.02678571428571445,7.999999999999952
238324877#0,1320,40,120,40,0.1693452380952381,0.021168154761904718,8.000000000000018
238324877#0,1440,0,120,40,0.3273809523809524,0.040922619047618715,8.000000000000066
238324877#0,1440,40,120,40,0.375,0.046875000000000014,7.999999999999997
238324877#0,1560,0,120,40,0.3,0.03749999999999985,8.000000000000032
238324877#0,1560,40,120,40,0.25833333333333336,0.03229166666666675,7.99999999999998
238324877#0,1680,0,120,40,0.2833333333333333,0.035416666666666555,8.000000000000025
238324877#0,1680,40,120,40,0.30565476190476193,0.03820684523809524,8.0
238324877#0,1800,0,120,40,0.0,0.0,8.0
238324877#0,1800,40,120,40,0.01934523809523808,0.002418154761904827,7.999999999999778
238324877#0,1920,0,120,40,0.20833333333333334,0.026041666666666425,8.000000000000075
238324877#0,1920,40,120,40,0.20833333333333334,0.026041666666666796,7.999999999999961
238324877#0,2040,0,120,40,0.125,0.015624999999999658,8.000000000000176
238324877#0,2040,40,120,40,0.125,0.015625000000000215,7.99999999999989
238324877#0,2160,0,120,40,0.16517857142857145,0.02064732142857116,8.000000000000105
238324877#0,2160,40,120,40,0.125,0.015625000000000028,7.999999999999986
238324877#0,2280,0,120,40,0.41815476190476186,0.05226934523809525,7.999999999999998
238324877#0,2280,40,120,40,0.4583333333333333,0.05784313725490198,7.923728813559319
238324877#0,2400,0,120,40,0.04166666666666667,0.005208333333333334,8.0
238324877#0,2400,40,120,40,0.04166666666666667,0.005208333333333334,8.0
238324877#0,2520,0,120,40,0.25,0.03124999999999987,8.000000000000034
238324877#0,2520,40,120,40,0.25,0.031250000000000014,7.9999999999999964
238324877#0,2640,0,120,40,0.29166666666666663,0.03645833333333245,8.000000000000194
238324877#0,2640,40,120,40,0.29166666666666663,0.03645833333333362,7.999999999999936
238324877#0,2760,0,120,40,0.04166666666666667,0.005208333333333334,8.0
238324877#0,2760,40,120,40,0.04166666666666667,0.005208333333333334,8.0
238324877#0,2880,0,120,40,0.16111111111111115,0.020138888888888637,8.000000000000101
238324877#0,2880,40,120,40,0.125,0.01562500000000014,7.999999999999929
238324877#0,3000,0,120,40,0.5055555555555555,0.0631944444444447,7.999999999999966
238324877#0,3000,40,120,40,0.475,0.059374999999999754,8.000000000000032
238324877#0,3120,0,120,40,0.14166666666666666,0.017708333333333173,8.000000000000073
238324877#0,3120,40,120,40,0.19166666666666668,0.023958333333333432,7.999999999999967
238324877#0,3240,0,120,40,0.65,0.0897135416666662,7.245283018867962
238324877#0,3240,40,120,40,0.6666666666666667,0.08388480392156895,7.947406866325755
238324877#0,3360,0,120,40,0.125,0.015624999999999795,8.000000000000105
238324877#0,3360,40,120,40,0.125,0.01562500000000013,7.999999999999934
238324877#0,3480,0,120,40,0.375,0.04687499999999999,8.000000000000002
238324877#0,3480,40,120,40,0.375,0.046874999999999986,8.000000000000002
238324877#0,3600,0,120,40,0.16666666666666669,0.020833333333333537,7.999999999999923
238324877#0,3600,40,120,40,0.125,0.015625,8.0
238324877#0,3720,0,120,40,0.20833333333333334,0.026041666666666668,8.0
238324877#0,3720,40,120,40,0.25,0.03125,8.0
238324877#0,3840,0,120,40,0.04166666666666667,0.005208333333333334,8.0
238324877#0,3840,40,120,40,0.04166666666666667,0.005208333333333334,8.0
238324877#0,3960,0,120,40,0.08333333333333334,0.010416666666666668,8.0
238324877#0,3960,40,120,40,0.08333333333333334,0.010416666666666668,8.0
238324877#0,4080,0,120,40,0.4166666666666667,0.06426711309523728,6.483357452966798
238324877#0,4080,40,120,40,0.33854166666666663,0.04231770833333394,7.9999999999998845
238324877#0,4200,0,120,40,0.29166666666666663,0.044921875,6.492753623188405
238324877#0,4200,40,120,40,0.36979166666666663,0.04622395833333333,8.0
238324877#0,4320,0,120,40,0.0,0.0,8.0
238324877#0,4320,40,120,40,0.0,0.0,8.0
238324877#0,4440,0,120,40,0.04166666666666667,0.005208333333333334,8.0
238324877#0,4440,40,120,40,0.04166666666666667,0.005208333333333334,8.0
238324877#0,4560,0,120,40,0.125,0.015625000000000406,7.999999999999792
238324877#0,4560,40,120,40,0.125,0.015624999999999714,8.000000000000147
238324877#0,4680,0,120,40,0.125,0.015625000000000364,7.9999999999998135
238324877#0,4680,40,120,40,0.125,0.015624999999999866,8.00000000000007
238324877#0,4800,0,120,40,0.04166666666666667,0.005208333333332926,8.000000000000627
238324877#0,4800,40,120,40,0.04166666666666667,0.005208333333333334,8.0
238324877#0,4920,0,120,40,0.16666666666666669,0.02083333333333287,8.00000000000018
238324877#0,4920,40,120,40,0.16666666666666669,0.02083333333333356,7.999999999999914
238324877#0,5040,0,120,40,0.16666666666666669,0.020833333333333336,8.0
238324877#0,5040,40,120,40,0.16666666666666669,0.020833333333333336,8.0
238324877#0,5160,0,120,40,0.20833333333333334,0.0260416666666659,8.000000000000236
238324877#0,5160,40,120,40,0.20833333333333334,0.026041666666666956,7.999999999999911
238324877#0,5280,0,120,40,0.0,0.0,8.0
238324877#0,5280,40,120,40,0.0,0.0,8.0
238324877#0,5400,0,120,40,0.04166666666666667,0.005208333333333015,8.00000000000049
238324877#0,5400,40,120,40,0.04166666666666667,0.005208333333333429,7.9999999999998535
238324877#0,5520,0,120,40,0.125,0.015625,8.0
238324877#0,5520,40,120,40,0.125,0.015625,8.0
238324877#0,5640,0,120,40,0.16666666666666669,0.020833333333332885,8.000000000000174
238324877#0,5640,40,120,40,0.13333333333333333,0.016666666666666927,7.999999999999875
238324877#0,5760,0,120,40,0.0,0.0,8.0
238324877#0,5760,40,120,40,0.03333333333333333,0.004166666666666667,8.0
238324877#0,5880,0,120,40,0.16666666666666669,0.02083333333333347,7.9999999999999485
238324877#0,5880,40,120,40,0.16666666666666669,0.020833333333333308,8.00000000000001
238324877#0,6000,0,120,40,0.04166666666666667,0.005208333333333334,8.0
238324877#0,6000,40,120,40,0.04166666666666667,0.005208333333333334,8.0
238324877#0,6120,0,120,40,0.20833333333333334,0.026041666666666397,8.000000000000083
238324877#0,6120,40,120,40,0.20833333333333334,0.02604166666666684,7.999999999999947
238324877#0,6240,0,120,40,0.29166666666666663,0.03645833333333482,7.999999999999672
238324877#0,6240,40,120,40,0.29166666666666663,0.03645833333333259,8.000000000000162
238324877#0,6360,0,120,40,0.20833333333333334,0.026041666666666935,7.999999999999918
238324877#0,6360,40,120,40,0.20833333333333334,0.026041666666666574,8.000000000000028
238324877#0,6480,0,120,40,0.08333333333333334,0.010416666666666668,8.0
238324877#0,6480,40,120,40,0.08333333333333334,0.010416666666666668,8.0
238324877#0,6600,0,120,40,0.04166666666666667,0.005208333333333334,8.0
238324877#0,6600,40,120,40,0.04166666666666667,0.005208333333333334,8.0
238324877#0,6720,0,120,40,0.375,0.046875,8.0
238324877#0,6720,40,120,40,0.35,0.043749999999999796,8.000000000000037
238324877#0,6840,0,120,40,0.125,0.015625,8.0
238324877#0,6840,40,120,40,0.15,0.01875,8.0
238324877#0,6960,0,120,40,0.0,0.0,8.0
238324877#0,6960,40,120,40,0.0,0.0,8.0
238324877#0,7080,0,120,40,0.0,0.0,8.0
238324877#0,7080,40,120,40,0.0,0.0,8.0
238324885#2,0,0,120,70,0.0,0.0,14.0
238324885#2,120,0,120,70,0.041666666666666664,0.002976190476190482,13.999999999999972
238324885#2,240,0,120,70,0.08333333333333333,0.0059523809523809625,13.999999999999975
238324885#2,360,0,120,70,0.041666666666666664,0.0029761904761904765,13.999999999999998
238324885#2,480,0,120,70,0.46785714285714286,0.03801020408163265,12.308724832214766
238324885#2,600,0,120,70,0.15714285714285714,0.0112244897959184,13.99999999999996
238324885#2,720,0,120,70,0.0,0.0,14.0
238324885#2,840,0,120,70,0.20833333333333334,0.014880952380952401,13.999999999999982
238324885#2,960,0,120,70,0.3625,0.025892857142857193,13.999999999999972
238324885#2,1080,0,120,70,0.1375,0.009821428571428615,13.99999999999994
238324885#2,1200,0,120,70,0.2916666666666667,0.020833333333333384,13.999999999999966
238324885#2,1320,0,120,70,0.08333333333333333,0.005952380952381008,13.999999999999867
238324885#2,1440,0,120,70,0.125,0.008928571428571407,14.000000000000034
238324885#2,1560,0,120,70,0.20833333333333334,0.014931560844177962,13.952548933594281
238324885#2,1680,0,120,70,0.20833333333333334,0.014880952380952443,13.999999999999943
238324885#2,1800,0,120,70,0.6125,0.04374999999999999,14.000000000000004
238324885#2,1920,0,120,70,0.17916666666666667,0.012837597725657556,13.956401384082906
238324885#2,2040,0,120,70,0.4166666666666667,0.029841862117981448,13.96248883596312
238324885#2,2160,0,120,70,0.25,0.017857142857142967,13.999999999999913
238324885#2,2280,0,120,70,0.25,0.02244897959183677,11.136363636363619
238324885#2,2400,0,120,70,0.125,0.00892857142857133,14.000000000000156
238324885#2,2520,0,120,70,0.25,0.017901077097505602,13.965640091837594
238324885#2,2640,0,120,70,0.25,0.017868605269696008,13.991019233268515
238324885#2,2760,0,120,70,0.23249007936507934,0.016745956291910866,13.883356394366302
238324885#2,2880,0,120,70,0.14250992063492068,0.010179280045351338,14.000000000000192
238324885#2,3000,0,120,70,0.125,0.00907999164578083,13.766532489937184
238324885#2,3120,0,120,70,0.125,0.008928571428571324,14.000000000000163
238324885#2,3240,0,120,70,0.041666666666666664,0.0029761904761905415,13.999999999999693
238324885#2,3360,0,120,70,0.125,0.008928571428571461,13.999999999999948
238324885#2,3480,0,120,70,0.3333333333333333,0.026945628997868086,12.370590174744347
238324885#2,3600,0,120,70,0.041666666666666664,0.0029761904761905437,13.999999999999682
238324885#2,3720,0,120,70,0.041666666666666664,0.0029761904761905415,13.999999999999693
238324885#2,3840,0,120,70,0.0,0.0,14.0
238324885#2,3960,0,120,70,0.125,0.008928571428571418,14.000000000000018
238324885#2,4080,0,120,70,0.08333333333333333,0.0059523809523809295,14.000000000000053
238324885#2,4200,0,120,70,0.08333333333333333,0.005952380952380753,14.000000000000467
238324885#2,4320,0,120,70,0.25,0.017857142857142808,14.000000000000039
238324885#2,4440,0,120,70,0.4458333333333333,0.03184523809523828,13.999999999999918
238324885#2,4560,0,120,70,0.6791666666666666,0.050807823129251944,13.367364016736335
238324885#2,4680,0,120,70,0.16666666666666666,0.011944740582800503,13.953142432130647
238324885#2,4800,0,120,70,0.041666666666666664,0.0029761904761904765,13.999999999999998
238324885#2,4920,0,120,70,0.041666666666666664,0.002976190476190578,13.99999999999952
238324885#2,5040,0,120,70,0.08333333333333333,0.005952380952380771,14.000000000000426
238324885#2,5160,0,120,70,0.041666666666666664,0.0029761904761904765,13.999999999999998
238324885#2,5280,0,120,70,0.041666666666666664,0.0029761904761904765,13.999999999999998
238324885#2,5400,0,120,70,0.0,0.0,14.0
238324885#2,5520,0,120,70,0.041666666666666664,0.0029761904761904765,13.999999999999998
238324885#2,5640,0,120,70,0.16666666666666666,0.011904761904762123,13.999999999999742
238324885#2,5760,0,120,70,0.041666666666666664,0.0029761904761904765,13.999999999999998
238324885#2,5880,0,120,70,0.20833333333333334,0.014880952380952278,14.000000000000098
238324885#2,6000,0,120,70,0.3333333333333333,0.023889481165601006,13.953142432130647
238324885#2,6120,0,120,70,0.08333333333333333,0.005952380952380896,14.000000000000133
238324885#2,6240,0,120,70,0.25,0.017857142857142495,14.000000000000284
238324885#2,6360,0,120,70,0.08333333333333333,0.005952380952380771,14.000000000000426
238324885#2,6480,0,120,70,0.041666666666666664,0.002976190476190639,13.999999999999233
238324885#2,6600,0,120,70,0.25,0.017857142857143148,13.999999999999773
238324885#2,6720,0,120,70,0.16666666666666666,0.011904761904762345,13.999999999999481
238324885#2,6840,0,120,70,0.20833333333333334,0.014880952380952382,14.0
238324885#2,6960,0,120,70,0.041666666666666664,0.002976190476190332,14.000000000000677
238324885#2,7080,0,120,70,0.041666666666666664,0.0029761904761905463,13.99999999999967
238866887#0,0,0,120,70,0.041666666666666664,0.0029761904761904756,14.000000000000002
238866887#0,120,0,120,70,0.5416666666666666,0.0416761148904006,12.997052822489232
238866887#0,240,0,120,70,0.375,0.02678571428571427,14.000000000000009
238866887#0,360,0,120,70,0.8333333333333334,0.06781551159280899,12.288240754371868
238866887#0,480,0,120,70,0.5886904761904762,0.0420729402872261,13.992140130249238
238866887#0,600,0,120,70,0.7458333333333333,0.05348265679898342,13.945330654319886
238866887#0,720,0,120,70,1.3931547619047617,0.10470953550788183,13.304946442054405
238866887#0,840,0,120,70,1.1931547619047618,0.08536736134391476,13.976708933265083
238866887#0,960,0,120,70,0.9077380952380952,0.06739013985027116,13.469894813320272
238866887#0,1080,0,120,70,1.3047619047619048,0.09839223448670759,13.260821970032332
238866887#0,1200,0,120,70,0.825,0.05897892051557464,13.988048488987538
238866887#0,1320,0,120,70,0.5261904761904762,0.037585034013605724,13.999999999999895
238866887#0,1440,0,120,70,0.4970238095238095,0.03552532123960709,13.990691489361648
238866887#0,1560,0,120,70,0.5810515873015872,0.041612543005708345,13.96337607201462
238866887#0,1680,0,120,70,0.6040674603174603,0.04314767573696158,13.999999999999957
238866887#0,1800,0,120,70,0.6666666666666666,0.04761904761904765,13.99999999999999
238866887#0,1920,0,120,70,0.946875,0.0677515937282978,13.975686000793202
238866887#0,2040,0,120,70,1.2614583333333333,0.10095221765478185,12.495598042700166
238866887#0,2160,0,120,70,0.9998511904761904,0.08642728916963698,11.568697804621774
238866887#0,2280,0,120,70,1.025,0.07325865128660052,13.99152157456493
238866887#0,2400,0,120,70,1.1648809523809525,0.08618980029594685,13.515299355389411
238866887#0,2520,0,120,70,0.956547619047619,0.1083885580550908,8.825171551423658
238866887#0,2640,0,120,70,0.7443452380952381,0.0990008503401363,7.518574189392295
238866887#0,2760,0,120,70,1.1092261904761904,0.09053024604243423,12.252548059532092
238866887#0,2880,0,120,70,0.7552083333333334,0.05403042781039346,13.977463513403075
238866887#0,3000,0,120,70,1.7507440476190474,0.1634444286974044,10.711555368218253
238866887#0,3120,0,120,70,1.0761904761904761,0.08992813278190989,11.967228084234888
238866887#0,3240,0,120,70,0.5166666666666666,0.0369047619047611,14.000000000000304
238866887#0,3360,0,120,70,0.9807043650793651,0.07016542043264916,13.977032547260656
238866887#0,3480,0,120,70,0.5867559523809524,0.041911139455782356,13.999999999999984
238866887#0,3600,0,120,70,0.8333333333333334,0.0595238095238091,14.000000000000101
238866887#0,3720,0,120,70,0.625,0.044642857142857685,13.99999999999983
238866887#0,3840,0,120,70,0.7377976190476191,0.052723450491307645,13.993727879575285
238866887#0,3960,0,120,70,0.9104166666666667,0.21575152238314677,4.2197461997504915
238866887#0,4080,0,120,70,0.7800595238095238,0.05907031490103035,13.205609706270879
238866887#0,4200,0,120,70,0.36339285714285713,0.025956632653061553,13.999999999999822
238866887#0,4320,0,120,70,0.5416666666666666,0.0386904761904761,14.000000000000032
238866887#0,4440,0,120,70,0.763095238095238,0.054506802721088314,14.00000000000003
238866887#0,4560,0,120,70,0.736904761904762,0.0528862853258828,13.933759146893935
238866887#0,4680,0,120,70,0.8333333333333334,0.06198979591836704,13.443072702332028
238866887#0,4800,0,120,70,0.7083333333333334,0.05061064280784797,13.995738722834304
238866887#0,4920,0,120,70,1.0416666666666667,0.0793000282062025,13.135766660234204
238866887#0,5040,0,120,70,1.2166666666666668,0.18447971781305122,6.595124282982789
238866887#0,5160,0,120,70,0.3666666666666667,0.03154761904761962,11.622641509433752
238866887#0,5280,0,120,70,0.19761904761904764,0.014115646258503556,13.999999999999847
238866887#0,5400,0,120,70,0.7607142857142857,0.0567413076341642,13.406710515361056
238866887#0,5520,0,120,70,0.5833333333333334,0.04171103223898286,13.985109023222728
238866887#0,5640,0,120,70,0.41527777777777775,0.02966269841269845,13.999999999999982
238866887#0,5760,0,120,70,0.457936507936508,0.03283696614740547,13.945761794217724
238866887#0,5880,0,120,70,0.6267857142857143,0.04477040816326531,13.999999999999998
238866887#0,6000,0,120,70,1.1799107142857144,0.08427933673469265,14.000000000000204
238866887#0,6120,0,120,70,0.8200892857142857,0.06115265071545923,13.410527199060061
238866887#0,6240,0,120,70,0.6069444444444444,0.04339754017549015,13.985687713867975
238866887#0,6360,0,120,70,0.3513888888888889,0.025099206349206035,14.000000000000176
238866887#0,6480,0,120,70,0.6303571428571428,0.047642668178382024,13.230937035200915
238866887#0,6600,0,120,70,0.8863095238095238,0.10291263503330998,8.612251775718791
238866887#0,6720,0,120,70,1.275,0.09602330293819576,13.278026905829705
238866887#0,6840,0,120,70,0.9,0.11808941169060255,7.621343752291902
238866887#0,6960,0,120,70,0.4333333333333333,0.0499999999999997,8.666666666666718
238866887#0,7080,0,120,70,0.16666666666666666,0.011904761904761594,14.000000000000366
238866888#0,0,0,120,70,0.6666666666666666,0.04761904761904762,13.999999999999998
238866888#0,120,0,120,70,0.7083333333333334,0.0505952380952381,13.999999999999998
238866888#0,240,0,120,70,1.0095238095238095,0.07210884353741506,13.99999999999998
238866888#0,360,0,120,70,1.6077380952380953,0.13146258503401365,12.229624838292365
238866888#0,480,0,120,70,0.799404761904762,0.06190476190476193,12.913461538461535
238866888#0,600,0,120,70,0.75,0.05357142857142859,13.999999999999995
238866888#0,720,0,120,70,0.6666666666666666,0.04781010102517007,13.944054757711008
238866888#0,840,0,120,70,0.5416666666666666,0.03869047619047618,14.000000000000004
238866888#0,960,0,120,70,0.4117559523809524,0.029512974544656564,13.951692729511821
238866888#0,1080,0,120,70,0.7549107142857143,0.053922193877550914,14.000000000000028
238866888#0,1200,0,120,70,1.2785714285714285,0.10510204081632674,12.165048543689295
238866888#0,1320,0,120,70,1.0130952380952383,0.07246578066710539,13.98032600723938
238866888#0,1440,0,120,70,1.2904761904761903,0.09226464779460168,13.986680937091215
238866888#0,1560,0,120,70,1.3023809523809524,0.09824735449735467,13.25614271289126
238866888#0,1680,0,120,70,0.6154761904761905,0.04396258503401332,14.000000000000092
238866888#0,1800,0,120,70,1.0,0.07142857142857134,14.000000000000018
238866888#0,1920,0,120,70,1.25,0.11198979591836734,11.161731207289295
238866888#0,2040,0,120,70,0.8107142857142857,0.20654761904761942,3.925072046109503
238866888#0,2160,0,120,70,1.1666666666666667,0.10076530612244902,11.578059071729953
238866888#0,2280,0,120,70,0.3142857142857143,0.022448979591836407,14.000000000000204
238866888#0,2400,0,120,70,0.9261904761904761,0.08358843537414962,11.080366225839272
238866888#0,2520,0,120,70,1.0285714285714285,0.10450207860922194,9.842593011165816
238866888#0,2640,0,120,70,1.2119047619047618,0.10671768707482984,11.35617529880479
238866888#0,2760,0,120,70,1.125,0.0826530612244902,13.611111111111043
238866888#0,2880,0,120,70,1.0416666666666667,0.07450554295792405,13.981062687576589
238866888#0,3000,0,120,70,0.75,0.05367809734513234,13.97217928902638
238866888#0,3120,0,120,70,0.9166666666666667,0.08290816326530642,11.056410256410217
238866888#0,3240,0,120,70,1.1666666666666667,0.08860544217687083,13.166986564299412
238866888#0,3360,0,120,70,1.3333333333333333,0.12253401360544255,10.88133240804993
238866888#0,3480,0,120,70,0.4166666666666667,0.029761904761904746,14.000000000000007
238866888#0,3600,0,120,70,0.6202380952380953,0.04430272108843517,14.000000000000064
238866888#0,3720,0,120,70,0.8988095238095237,0.08758503401360504,10.262135922330144
238866888#0,3840,0,120,70,1.0642857142857143,0.09506802721088435,11.194991055456171
238866888#0,3960,0,120,70,0.3547619047619047,0.02534013605442183,13.999999999999964
238866888#0,4080,0,120,70,0.9642857142857143,0.06897938610928236,13.97933163333782
238866888#0,4200,0,120,70,0.3476190476190476,0.024829931972788974,14.00000000000008
238866888#0,4320,0,120,70,0.75,0.053592234766246485,13.994564758705785
238866888#0,4440,0,120,70,0.8458333333333333,0.06041666666666651,14.000000000000037
238866888#0,4560,0,120,70,1.3077380952380953,0.1010959939531366,12.935607476635541
238866888#0,4680,0,120,70,0.5547619047619048,0.03970616024187468,13.971683521713214
238866888#0,4800,0,120,70,0.45833333333333337,0.03273809523809516,14.000000000000034
238866888#0,4920,0,120,70,0.6666666666666666,0.04761904761904768,13.999999999999982
238866888#0,5040,0,120,70,0.4166666666666667,0.02976190476190422,14.000000000000256
238866888#0,5160,0,120,70,0.8333333333333334,0.059523809523810464,13.99999999999978
238866888#0,5280,0,120,70,0.5928571428571429,0.15136054421768613,3.916853932584294
238866888#0,5400,0,120,70,1.1571428571428573,0.08285567736652645,13.965764253233187
238866888#0,5520,0,120,70,0.6666666666666666,0.047619047619048005,13.999999999999886
238866888#0,5640,0,120,70,1.2083333333333333,0.09846938775510157,12.271157167530282
238866888#0,5760,0,120,70,1.2273809523809525,0.11105442176870703,11.052067381317045
238866888#0,5880,0,120,70,0.6345238095238095,0.22789115646258504,2.784328358208955
238866888#0,6000,0,120,70,1.6380952380952383,0.16352040816326532,10.017680707228289
238866888#0,6120,0,120,70,0.5416666666666666,0.04098639455782344,13.21576763485467
238866888#0,6240,0,120,70,1.026190476190476,0.07867809734513335,13.042898987362857
238866888#0,6360,0,120,70,0.8488095238095238,0.06309523809523858,13.452830188679142
238866888#0,6480,0,120,70,0.763095238095238,0.054506802721088356,14.00000000000002
238866888#0,6600,0,120,70,0.4806547619047619,0.03433248299319726,14.000000000000009
238866888#0,6720,0,120,70,0.5479166666666666,0.0393778344671215,13.914342271009069
238866888#0,6840,0,120,70,0.5833333333333334,0.04779482023417349,12.20494878891181
238866888#0,6960,0,120,70,0.6392857142857142,0.04566326530612214,14.000000000000092
238866888#0,7080,0,120,70,0.06904761904761904,0.004931972789115414,14.000000000000657
238866888#4,0,0,120,70,0.7083333333333334,0.06224489795918366,11.379781420765031
238866888#4,120,0,120,70,0.45833333333333337,0.03273809523809523,14.000000000000004
238866888#4,240,0,120,70,1.0922619047619047,0.07801870748299318,14.000000000000002
238866888#4,360,0,120,70,1.4720238095238096,0.13779925431711146,10.682378629831371
238866888#4,480,0,120,70,0.5190476190476191,0.03707482993197272,14.000000000000028
238866888#4,600,0,120,70,0.5833333333333334,0.06088435374149651,9.581005586592193
238866888#4,720,0,120,70,0.45833333333333337,0.03273809523809504,14.000000000000087
238866888#4,840,0,120,70,0.2642857142857143,0.018877551020407987,14.000000000000131
238866888#4,960,0,120,70,0.319047619047619,0.02278911564625851,13.999999999999995
238866888#4,1080,0,120,70,0.625,0.04464285714285739,13.999999999999924
238866888#4,1200,0,120,70,0.75,0.053571428571428936,13.999999999999904
238866888#4,1320,0,120,70,0.75,0.0535714285714286,13.999999999999991
238866888#4,1440,0,120,70,0.9583333333333333,0.06845238095238121,13.999999999999947
238866888#4,1560,0,120,70,0.9583333333333333,0.0684523809523812,13.999999999999948
238866888#4,1680,0,120,70,0.7083333333333334,0.05282659360040313,13.408650549974663
238866888#4,1800,0,120,70,0.7083333333333334,0.0505952380952384,13.999999999999917
238866888#4,1920,0,120,70,0.6392857142857142,0.0456632653061226,13.999999999999952
238866888#4,2040,0,120,70,0.5690476190476191,0.040646258503401166,14.00000000000007
238866888#4,2160,0,120,70,1.0833333333333333,0.09783163265306026,11.073446327683724
238866888#4,2280,0,120,70,0.375,0.026785714285714236,14.000000000000027
238866888#4,2400,0,120,70,0.5416666666666666,0.06602891156462554,8.203477141017425
238866888#4,2520,0,120,70,0.6172619047619048,0.09647108843537365,6.398413397972709
238866888#4,2640,0,120,70,1.1744047619047617,0.0941751700680269,12.47042889390523
238866888#4,2760,0,120,70,0.5416666666666666,0.03872474362879484,13.987611431567892
238866888#4,2880,0,120,70,0.5416666666666666,0.03880928436083352,13.957141328102372
238866888#4,3000,0,120,70,0.4166666666666667,0.029761904761905086,13.999999999999847
238866888#4,3120,0,120,70,1.125,0.08268998456149872,13.605033378175417
238866888#4,3240,0,120,70,1.1535714285714285,0.08469387755102127,13.620481927710703
238866888#4,3360,0,120,70,0.8047619047619048,0.06003401360544148,13.4050991501418
238866888#4,3480,0,120,70,0.45833333333333337,0.03273809523809551,13.999999999999885
238866888#4,3600,0,120,70,0.32857142857142857,0.023469387755102235,13.999999999999885
238866888#4,3720,0,120,70,0.6297619047619047,0.07355442176870779,8.561849710982623
238866888#4,3840,0,120,70,0.6858630952380952,0.06144770408163259,11.161736723750227
238866888#4,3960,0,120,70,0.11294642857142857,0.00806760204081631,14.000000000000028
238866888#4,4080,0,120,70,0.7797619047619048,0.05576859776168492,13.982096306133592
238866888#4,4200,0,120,70,0.25476190476190474,0.01819727891156476,13.999999999999897
238866888#4,4320,0,120,70,0.25,0.017857142857142395,14.000000000000362
238866888#4,4440,0,120,70,0.5434523809523809,0.038818027210883475,14.000000000000316
238866888#4,4560,0,120,70,0.5815476190476191,0.04159890518707305,13.97987799035481
238866888#4,4680,0,120,70,0.4166666666666667,0.07440476190476313,5.599999999999908
238866888#4,4800,0,120,70,0.20833333333333334,0.014880952380952049,14.000000000000313
238866888#4,4920,0,120,70,0.2916666666666667,0.020833333333332406,14.000000000000624
238866888#4,5040,0,120,70,0.25,0.017857142857142082,14.000000000000608
238866888#4,5160,0,120,70,0.45803571428571427,0.032716836734693486,14.000000000000167
238866888#4,5280,0,120,70,0.25,0.017857142857142856,14.0
238866888#4,5400,0,120,70,0.6940476190476191,0.04957482993197188,14.000000000000258
238866888#4,5520,0,120,70,0.430952380952381,0.03078231292516883,14.000000000000565
238866888#4,5640,0,120,70,0.5,0.035714285714284706,14.000000000000394
238866888#4,5760,0,120,70,0.8863095238095238,0.0811649659863946,10.919853326348868
238866888#4,5880,0,120,70,0.28035714285714286,0.02300170068027226,12.188539741219884
238866888#4,6000,0,120,70,0.8476190476190476,0.06054421768707336,14.00000000000034
238866888#4,6120,0,120,70,0.6107142857142858,0.043622448979591805,14.00000000000001
238866888#4,6240,0,120,70,0.8147321428571429,0.05819515306122472,13.999999999999945
238866888#4,6360,0,120,70,0.4769345238095238,0.034121301822614934,13.977618037229192
238866888#4,6480,0,120,70,0.20833333333333334,0.014880952380952451,13.999999999999934
238866888#4,6600,0,120,70,0.3333333333333333,0.023809523809524183,13.99999999999978
238866888#4,6720,0,120,70,0.4166666666666667,0.029761904761904826,13.99999999999997
238866888#4,6840,0,120,70,0.4166666666666667,0.02976190476190422,14.000000000000256
238866888#4,6960,0,120,70,0.574404761904762,0.041028911564624446,14.000000000000481
238866888#4,7080,0,120,70,0.09226190476190475,0.006590136054421894,13.999999999999732
238866891#0,0,0,120,70,0.0,0.0,14.0
238866891#0,120,0,120,70,0.2916666666666667,0.022151360544217697,13.16698656429942
238866891#0,240,0,120,70,0.6666666666666666,0.05828815901360546,11.437428766811028
238866891#0,360,0,120,70,0.06785714285714285,0.004846938775510233,13.999999999999917
238866891#0,480,0,120,70,0.18214285714285713,0.013010204081632636,14.000000000000018
238866891#0,600,0,120,70,0.5,0.04396258503401359,11.373307543520314
238866891#0,720,0,120,70,0.2916666666666667,0.022156084656084606,13.164179104477642
238866891#0,840,0,120,70,0.4166666666666667,0.029761904761904732,14.000000000000014
238866891#0,960,0,120,70,0.5,0.03633520304146136,13.760759763182284
238866891#0,1080,0,120,70,0.041666666666666664,0.0029761904761904765,13.999999999999998
238866891#0,1200,0,120,70,0.2980654761904762,0.021426885732266553,13.910816528116454
238866891#0,1320,0,120,70,0.24360119047619047,0.01740008503401364,13.999999999999973
238866891#0,1440,0,120,70,0.45833333333333337,0.03286481259170328,13.946019988838751
238866891#0,1560,0,120,70,0.39166666666666666,0.028443877551020243,13.769805680119662
238866891#0,1680,0,120,70,0.275,0.02342687074829939,11.73865698729579
238866891#0,1800,0,120,70,0.16666666666666666,0.011904761904761942,13.999999999999956
238866891#0,1920,0,120,70,0.45833333333333337,0.03486394557823121,13.146341463414664
238866891#0,2040,0,120,70,0.45833333333333337,0.03287666918619299,13.940990516332986
238866891#0,2160,0,120,70,0.25,0.01785714285714295,13.999999999999927
238866891#0,2280,0,120,70,0.5,0.03585246598639455,13.946042099021646
238866891#0,2400,0,120,70,0.24940476190476188,0.017814625850340098,14.000000000000028
238866891#0,2520,0,120,70,0.6672619047619048,0.10250032088307028,6.509851862055144
238866891#0,2640,0,120,70,0.375,0.026785714285713934,14.000000000000185
238866891#0,2760,0,120,70,0.3333333333333333,0.02380952380952344,14.000000000000217
238866891#0,2880,0,120,70,0.5416666666666666,0.04043367346938779,13.396424815983163
238866891#0,3000,0,120,70,0.09047619047619047,0.006462585034013614,13.999999999999982
238866891#0,3120,0,120,70,0.28452380952380957,0.020323129251700822,13.999999999999904
238866891#0,3240,0,120,70,0.35833333333333334,0.027540391156462368,13.011192589733795
238866891#0,3360,0,120,70,0.26666666666666666,0.02006802721088439,13.288135593220316
238866891#0,3480,0,120,70,0.16666666666666666,0.011904761904761613,14.000000000000343
238866891#0,3600,0,120,70,0.2744047619047619,0.019600340136054495,13.999999999999947
238866891#0,3720,0,120,70,0.6005952380952381,0.05637755102040828,10.65309200603316
238866891#0,3840,0,120,70,0.5416666666666666,0.04017857142857145,13.481481481481472
238866891#0,3960,0,120,70,0.2916666666666667,0.02083333333333334,13.999999999999996
238866891#0,4080,0,120,70,0.39345238095238094,0.02823949755340663,13.932697641248133
238866891#0,4200,0,120,70,0.6065476190476191,0.047902494331064985,12.662130177515
238866891#0,4320,0,120,70,0.30476190476190473,0.021768707482993813,13.999999999999602
238866891#0,4440,0,120,70,0.47738095238095235,0.03477891156462559,13.726161369193255
238866891#0,4560,0,120,70,0.6059523809523809,0.05127551020408131,11.817578772802726
238866891#0,4680,0,120,70,0.3678571428571429,0.029940769411213302,12.286161982175864
238866891#0,4800,0,120,70,0.65,0.06633503401360537,9.79874375080119
238866891#0,4920,0,120,70,0.5523809523809523,0.04323979591836702,12.774827925270499
238866891#0,5040,0,120,70,0.11011904761904762,0.007865646258503247,14.000000000000274
238866891#0,5160,0,120,70,0.22321428571428573,0.015943877551020433,13.999999999999979
238866891#0,5280,0,120,70,0.5845238095238094,0.05272108843537397,11.087096774193585
238866891#0,5400,0,120,70,0.16547619047619047,0.011819727891156356,14.000000000000126
238866891#0,5520,0,120,70,0.375,0.026785714285713993,14.000000000000153
238866891#0,5640,0,120,70,0.75,0.053596552257266596,13.993437421122836
238866891#0,5760,0,120,70,0.375,0.026785714285713712,14.0000000000003
238866891#0,5880,0,120,70,0.9345238095238096,0.0896258503401356,10.426944971537058
238866891#0,6000,0,120,70,0.603125,0.04308035714285731,13.999999999999947
238866891#0,6120,0,120,70,0.7540178571428572,0.05401025940679402,13.960641282311789
238866891#0,6240,0,120,70,0.4166666666666667,0.032142857142856994,12.962962962963024
238866891#0,6360,0,120,70,0.8327380952380952,0.07744472789115589,10.7526763656328
238866891#0,6480,0,120,70,0.7083333333333334,0.05251989343794895,13.486952980401853
238866891#0,6600,0,120,70,0.20892857142857144,0.014923469387755151,13.999999999999954
238866891#0,6720,0,120,70,0.041666666666666664,0.00297619047619045,14.000000000000123
238866891#0,6840,0,120,70,0.2916666666666667,0.025085034013605786,11.627118644067638
238866891#0,6960,0,120,70,0.08333333333333333,0.005952380952380669,14.000000000000664
238866891#0,7080,0,120,70,0.041666666666666664,0.0029761904761906304,13.999999999999273
240299472#0,0,0,120,40,0.0,0.0,8.0
240299472#0,0,40,120,40,0.0,0.0,8.0
240299472#0,120,0,120,40,0.0,0.0,8.0
240299472#0,120,40,120,40,0.0,0.0,8.0
240299472#0,240,0,120,40,0.0,0.0,8.0
240299472#0,240,40,120,40,0.0,0.0,8.0
240299472#0,360,0,120,40,0.08333333333333334,0.010416666666666668,8.0
240299472#0,360,40,120,40,0.08333333333333334,0.010416666666666668,8.0
240299472#0,480,0,120,40,0.08333333333333334,0.013671875,6.095238095238096
240299472#0,480,40,120,40,0.08333333333333334,0.010416666666666668,8.0
240299472#0,600,0,120,40,0.0,0.0,8.0
240299472#0,600,40,120,40,0.0,0.0,8.0
240299472#0,720,0,120,40,0.0,0.0,8.0
240299472#0,720,40,120,40,0.0,0.0,8.0
240299472#0,840,0,120,40,0.08333333333333334,0.010416666666666668,8.0
240299472#0,840,40,120,40,0.06458333333333334,0.008072916666666667,8.0
240299472#0,960,0,120,40,0.20833333333333334,0.026041666666666668,8.0
240299472#0,960,40,120,40,0.22708333333333336,0.02838541666666667,8.0
240299472#0,1080,0,120,40,0.0,0.0,8.0
240299472#0,1080,40,120,40,0.0,0.0,8.0
240299472#0,1200,0,120,40,0.008184523809523813,0.00102306547619051,7.999999999999739
240299472#0,1200,40,120,40,0.0,0.0,8.0
240299472#0,1320,0,120,40,0.033482142857142856,0.004185267857142857,8.0
240299472#0,1320,40,120,40,0.04166666666666667,0.005208333333333334,8.0
240299472#0,1440,0,120,40,0.08333333333333334,0.010416666666666668,8.0
240299472#0,1440,40,120,40,0.08333333333333334,0.010416666666666668,8.0
240299472#0,1560,0,120,40,0.0,0.0,8.0
240299472#0,1560,40,120,40,0.0,0.0,8.0
240299472#0,1680,0,120,40,0.125,0.015625,8.0
240299472#0,1680,40,120,40,0.125,0.015625,8.0
240299472#0,1800,0,120,40,0.0,0.0,8.0
240299472#0,1800,40,120,40,0.0,0.0,8.0
240299472#0,1920,0,120,40,0.04166666666666667,0.005208333333333334,8.0
240299472#0,1920,40,120,40,0.04166666666666667,0.005208333333333334,8.0
240299472#0,2040,0,120,40,0.08333333333333334,0.010416666666666668,8.0
240299472#0,2040,40,120,40,0.08333333333333334,0.010416666666666668,8.0
240299472#0,2160,0,120,40,0.0,0.0,8.0
240299472#0,2160,40,120,40,0.0,0.0,8.0
240299472#0,2280,0,120,40,0.04166666666666667,0.005208333333333334,8.0
240299472#0,2280,40,120,40,0.04166666666666667,0.005208333333333334,8.0
240299472#0,2400,0,120,40,0.0,0.0,8.0
240299472#0,2400,40,120,40,0.0,0.0,8.0
240299472#0,2520,0,120,40,0.1972222222222222,0.029210069444444133,6.751857355126371
240299472#0,2520,40,120,40,0.16666666666666669,0.020833333333333336,8.0
240299472#0,2640,0,120,40,0.0527777777777778,0.0065972222222220695,8.000000000000188
240299472#0,2640,40,120,40,0.08333333333333334,0.011375195618153368,7.325881341358554
240299472#0,2760,0,120,40,0.0,0.0,8.0
240299472#0,2760,40,120,40,0.0,0.0,8.0
240299472#0,2880,0,120,40,0.125,0.018880208333333336,6.620689655172413
240299472#0,2880,40,120,40,0.125,0.015625,8.0
240299472#0,3000,0,120,40,0.057291666666666664,0.010416666666666668,5.499999999999999
240299472#0,3000,40,120,40,0.04166666666666667,0.005208333333333334,8.0
240299472#0,3120,0,120,40,0.06770833333333334,0.0084635416666668,7.999999999999876
240299472#0,3120,40,120,40,0.08333333333333334,0.010416666666666668,8.0
240299472#0,3240,0,120,40,0.125,0.0156250000000002,7.999999999999897
240299472#0,3240,40,120,40,0.125,0.015625,8.0
240299472#0,3360,0,120,40,0.08333333333333334,0.0104166666666666,8.000000000000052
240299472#0,3360,40,120,40,0.08333333333333334,0.010416666666666668,8.0
240299472#0,3480,0,120,40,0.0,0.0,8.0
240299472#0,3480,40,120,40,0.0,0.0,8.0
240299472#0,3600,0,120,40,0.0,0.0,8.0
240299472#0,3600,40,120,40,0.0,0.0,8.0
240299472#0,3720,0,120,40,0.026041666666666668,0.0032552083333333335,8.0
240299472#0,3720,40,120,40,0.0,0.0,8.0
240299472#0,3840,0,120,40,0.015625,0.001953125,8.0
240299472#0,3840,40,120,40,0.04166666666666667,0.005208333333333334,8.0
240299472#0,3960,0,120,40,0.08333333333333334,0.010416666666666668,8.0
240299472#0,3960,40,120,40,0.08333333333333334,0.010416666666666668,8.0
240299472#0,4080,0,120,40,0.0,0.0,8.0
240299472#0,4080,40,120,40,0.0,0.0,8.0
240299472#0,4200,0,120,40,0.0,0.0,8.0
240299472#0,4200,40,120,40,0.0,0.0,8.0
240299472#0,4320,0,120,40,0.0,0.0,8.0
240299472#0,4320,40,120,40,0.0,0.0,8.0
240299472#0,4440,0,120,40,0.0,0.0,8.0
240299472#0,4440,40,120,40,0.0,0.0,8.0
240299472#0,4560,0,120,40,0.0,0.0,8.0
240299472#0,4560,40,120,40,0.0,0.0,8.0
240299472#0,4680,0,120,40,0.0,0.0,8.0
240299472#0,4680,40,120,40,0.0,0.0,8.0
240299472#0,4800,0,120,40,0.25,0.03776041666666667,6.620689655172413
240299472#0,4800,40,120,40,0.25,0.03125,8.0
240299472#0,4920,0,120,40,0.003125,0.000390625,8.0
240299472#0,4920,40,120,40,0.0,0.0,8.0
240299472#0,5040,0,120,40,0.03854166666666667,0.0048177083333333336,8.0
240299472#0,5040,40,120,40,0.04166666666666667,0.005208333333333334,8.0
240299472#0,5160,0,120,40,0.20833333333333334,0.026041666666666668,8.0
240299472#0,5160,40,120,40,0.20833333333333334,0.026041666666666668,8.0
240299472#0,5280,0,120,40,0.08333333333333334,0.010416666666666668,8.0
240299472#0,5280,40,120,40,0.08333333333333334,0.010416666666666668,8.0
240299472#0,5400,0,120,40,0.0,0.0,8.0
240299472#0,5400,40,120,40,0.0,0.0,8.0
240299472#0,5520,0,120,40,0.125,0.015625,8.0
240299472#0,5520,40,120,40,0.125,0.015625,8.0
240299472#0,5640,0,120,40,0.0,0.0,8.0
240299472#0,5640,40,120,40,0.0,0.0,8.0
240299472#0,5760,0,120,40,0.125,0.015625,8.0
240299472#0,5760,40,120,40,0.125,0.015625,8.0
240299472#0,5880,0,120,40,0.04166666666666667,0.005208333333333334,8.0
240299472#0,5880,40,120,40,0.04166666666666667,0.005208333333333334,8.0
240299472#0,6000,0,120,40,0.0,0.0,8.0
240299472#0,6000,40,120,40,0.0,0.0,8.0
240299472#0,6120,0,120,40,0.08333333333333334,0.013671875,6.095238095238096
240299472#0,6120,40,120,40,0.08333333333333334,0.01058799342105263,7.870550161812299
240299472#0,6240,0,120,40,0.25,0.034895833333333334,7.164179104477612
240299472#0,6240,40,120,40,0.25,0.032212409420289856,7.760984182776801
240299472#0,6360,0,120,40,0.08333333333333334,0.010416666666666397,8.000000000000208
240299472#0,6360,40,120,40,0.08333333333333334,0.010416666666666668,8.0
240299472#0,6480,0,120,40,0.04166666666666667,0.005208333333333648,7.999999999999518
240299472#0,6480,40,120,40,0.04166666666666667,0.005208333333333334,8.0
240299472#0,6600,0,120,40,0.0,0.0,8.0
240299472#0,6600,40,120,40,0.0,0.0,8.0
240299472#0,6720,0,120,40,0.04166666666666667,0.005208333333333334,8.0
240299472#0,6720,40,120,40,0.04166666666666667,0.005208333333333334,8.0
240299472#0,6840,0,120,40,0.14791666666666667,0.018489583333333334,8.0
240299472#0,6840,40,120,40,0.125,0.015625,8.0
240299472#0,6960,0,120,40,0.18541666666666667,0.023177083333333334,8.0
240299472#0,6960,40,120,40,0.20833333333333334,0.026041666666666668,8.0
240299472#0,7080,0,120,40,0.0,0.0,8.0
240299472#0,7080,40,120,40,0.0,0.0,8.0
240299472#4,0,0,120,40,0.0,0.0,8.0
240299472#4,0,40,120,40,0.0,0.0,8.0
240299472#4,120,0,120,40,0.13333333333333333,0.018359375,7.26241134751773
240299472#4,120,40,120,40,0.125,0.015625,8.0
240299472#4,240,0,120,40,0.03333333333333333,0.004166666666666667,8.0
240299472#4,240,40,120,40,0.04166666666666667,0.005208333333333334,8.0
240299472#4,360,0,120,40,0.08333333333333334,0.01041666666666664,8.000000000000021
240299472#4,360,40,120,40,0.08333333333333334,0.010416666666666668,8.0
240299472#4,480,0,120,40,0.20833333333333334,0.03208705357142866,6.4927536231883884
240299472#4,480,40,120,40,0.17113095238095236,0.021391369047619044,8.0
240299472#4,600,0,120,40,0.25,0.03869047619047625,6.461538461538452
240299472#4,600,40,120,40,0.287202380952381,0.03590029761904762,8.0
240299472#4,720,0,120,40,0.125,0.016015625000000012,7.804878048780481
240299472#4,720,40,120,40,0.125,0.015625,8.0
240299472#4,840,0,120,40,0.10833333333333332,0.013541666666666665,8.0
240299472#4,840,40,120,40,0.08333333333333334,0.010416666666666668,8.0
240299472#4,960,0,120,40,0.30833333333333335,0.038671875,7.973063973063973
240299472#4,960,40,120,40,0.33333333333333337,0.04166666666666667,8.0
240299472#4,1080,0,120,40,0.6041666666666667,0.08723958333333294,6.925373134328391
240299472#4,1080,40,120,40,0.5697916666666667,0.07450376824116743,7.647823460717595
240299472#4,1200,0,120,40,0.10416666666666667,0.01515151515151498,6.875000000000078
240299472#4,1200,40,120,40,0.13854166666666667,0.017530776515151513,7.902768399729913
240299472#4,1320,0,120,40,0.08333333333333334,0.010416666666666699,7.999999999999976
240299472#4,1320,40,120,40,0.08333333333333334,0.010416666666666668,8.0
240299472#4,1440,0,120,40,0.08333333333333334,0.010416666666666744,7.999999999999941
240299472#4,1440,40,120,40,0.08333333333333334,0.010416666666666668,8.0
240299472#4,1560,0,120,40,0.16666666666666669,0.029017857142857206,5.743589743589732
240299472#4,1560,40,120,40,0.16666666666666669,0.020833333333333336,8.0
240299472#4,1680,0,120,40,0.04166666666666667,0.005208333333333334,8.0
240299472#4,1680,40,120,40,0.04166666666666667,0.005208333333333334,8.0
240299472#4,1800,0,120,40,0.20833333333333334,0.028218005952380894,7.382992748846423
240299472#4,1800,40,120,40,0.18229166666666669,0.022786458333333336,8.0
240299472#4,1920,0,120,40,0.12916666666666668,0.016796875,7.689922480620156
240299472#4,1920,40,120,40,0.15104166666666669,0.018880208333333336,8.0
240299472#4,2040,0,120,40,0.12083333333333332,0.015104166666666733,7.9999999999999645
240299472#4,2040,40,120,40,0.125,0.015625,8.0
240299472#4,2160,0,120,40,0.08333333333333334,0.010416666666666734,7.999999999999949
240299472#4,2160,40,120,40,0.08333333333333334,0.010416666666666668,8.0
240299472#4,2280,0,120,40,0.125,0.018619791666666507,6.713286713286771
240299472#4,2280,40,120,40,0.125,0.015625,8.0
240299472#4,2400,0,120,40,0.33229166666666665,0.04375000000000013,7.595238095238073
240299472#4,2400,40,120,40,0.29166666666666663,0.039829441391941396,7.322891220002872
240299472#4,2520,0,120,40,0.084375,0.015364583333333334,5.491525423728814
240299472#4,2520,40,120,40,0.125,0.015625,8.0
240299472#4,2640,0,120,40,0.4166666666666667,0.07371922348484848,5.6520761745720804
240299472#4,2640,40,120,40,0.3927083333333333,0.055835700757575754,7.033283866864533
240299472#4,2760,0,120,40,0.45,0.09907476300705467,4.542024490817682
240299472#4,2760,40,120,40,0.440625,0.08847360008818342,4.980299202935341
240299472#4,2880,0,120,40,0.5083333333333333,0.09110863095238095,5.579420171498571
240299472#4,2880,40,120,40,0.5416666666666667,0.07754836309523809,6.984888462461023
240299472#4,3000,0,120,40,0.4583333333333333,0.07760416666666667,5.906040268456375
240299472#4,3000,40,120,40,0.4197916666666667,0.052473958333333334,8.0
240299472#4,3120,0,120,40,0.25,0.031640624999999936,7.90123456790125
240299472#4,3120,40,120,40,0.28854166666666664,0.03606770833333333,8.0
240299472#4,3240,0,120,40,0.33333333333333337,0.048177083333333606,6.91891891891888
240299472#4,3240,40,120,40,0.3136904761904762,0.03921130952380952,8.0
240299472#4,3360,0,120,40,0.4166666666666667,0.060540197649572594,6.882479457342972
240299472#4,3360,40,120,40,0.4175595238095238,0.05557912135301053,7.512884580477558
240299472#4,3480,0,120,40,0.125,0.015624999999999997,8.000000000000002
240299472#4,3480,40,120,40,0.14375,0.01796875,8.0
240299472#4,3600,0,120,40,0.25,0.03764880952380946,6.640316205533608
240299472#4,3600,40,120,40,0.23467261904761902,0.029334077380952377,8.0
240299472#4,3720,0,120,40,0.046875,0.005859375,8.0
240299472#4,3720,40,120,40,0.056994047619047625,0.007124255952380953,8.0
240299472#4,3840,0,120,40,0.48169642857142864,0.08104538690476204,5.943539132430562
240299472#4,3840,40,120,40,0.4583333333333333,0.057291666666666664,8.0
240299472#4,3960,0,120,40,0.2328869047619047,0.029110863095237888,8.000000000000055
240299472#4,3960,40,120,40,0.25,0.03125000000000001,7.999999999999998
240299472#4,4080,0,120,40,0.196875,0.024609375000000537,7.999999999999825
240299472#4,4080,40,120,40,0.16666666666666669,0.020833333333333336,8.0
240299472#4,4200,0,120,40,0.20729166666666665,0.026041666666666935,7.959999999999917
240299472#4,4200,40,120,40,0.20833333333333334,0.026041666666666668,8.0
240299472#4,4320,0,120,40,0.042708333333333334,0.005338541666666667,8.0
240299472#4,4320,40,120,40,0.046875,0.005859375,8.0
240299472#4,4440,0,120,40,0.4583333333333333,0.06575520833333169,6.970297029703144
240299472#4,4440,40,120,40,0.4947916666666667,0.061848958333333336,8.0
240299472#4,4560,0,120,40,0.125,0.016015625,7.8048780487804885
240299472#4,4560,40,120,40,0.125,0.015625,8.0
240299472#4,4680,0,120,40,0.4583333333333333,0.08072916666666666,5.67741935483871
240299472#4,4680,40,120,40,0.4583333333333333,0.057291666666666664,8.0
240299472#4,4800,0,120,40,0.16666666666666669,0.020833333333333336,8.0
240299472#4,4800,40,120,40,0.16666666666666669,0.020833333333333336,8.0
240299472#4,4920,0,120,40,0.28125,0.038411458333332246,7.322033898305292
240299472#4,4920,40,120,40,0.25,0.03125,8.0
240299472#4,5040,0,120,40,0.09375,0.01171875,8.0
240299472#4,5040,40,120,40,0.125,0.015625,8.0
240299472#4,5160,0,120,40,0.25,0.031249999999999684,8.000000000000082
240299472#4,5160,40,120,40,0.25,0.03214285714285714,7.777777777777779
240299472#4,5280,0,120,40,0.16666666666666669,0.02408854166666698,6.91891891891883
240299472#4,5280,40,120,40,0.16666666666666669,0.020833333333333336,8.0
240299472#4,5400,0,120,40,0.3927083333333333,0.07664806547619048,5.123525700140756
240299472#4,5400,40,120,40,0.375,0.050967261904761904,7.357664233576642
240299472#4,5520,0,120,40,0.23229166666666665,0.03281250000000009,7.079365079365059
240299472#4,5520,40,120,40,0.25,0.055989583333333336,4.465116279069767
240299472#4,5640,0,120,40,0.29166666666666663,0.03712797619047551,7.855711422845834
240299472#4,5640,40,120,40,0.29166666666666663,0.03645833333333333,8.0
240299472#4,5760,0,120,40,0.378125,0.058333333333333334,6.482142857142857
240299472#4,5760,40,120,40,0.3625,0.0453125,8.0
240299472#4,5880,0,120,40,0.371875,0.06041666666666666,6.155172413793104
240299472#4,5880,40,120,40,0.3875,0.0484375,8.0
240299472#4,6000,0,120,40,0.25,0.03143601190476172,7.952662721893539
240299472#4,6000,40,120,40,0.23645833333333335,0.031956845238095236,7.399301513387662
240299472#4,6120,0,120,40,0.33333333333333337,0.048981237371369155,6.805326921532114
240299472#4,6120,40,120,40,0.346875,0.05973158954089073,5.807228681944554
240299472#4,6240,0,120,40,0.29166666666666663,0.03997395833333333,7.296416938110749
240299472#4,6240,40,120,40,0.29166666666666663,0.03645833333333333,8.0
240299472#4,6360,0,120,40,0.20833333333333334,0.026692708333333332,7.8048780487804885
240299472#4,6360,40,120,40,0.20833333333333334,0.026041666666666668,8.0
240299472#4,6480,0,120,40,0.29166666666666663,0.03984375000000027,7.320261437908447
240299472#4,6480,40,120,40,0.29166666666666663,0.03672876602564103,7.941096263976001
240299472#4,6600,0,120,40,0.16666666666666669,0.02083333333333347,7.9999999999999485
240299472#4,6600,40,120,40,0.13452380952380952,0.01681547619047619,8.0
240299472#4,6720,0,120,40,0.4342261904761906,0.07359584859584874,5.900145167980082
240299472#4,6720,40,120,40,0.4488095238095238,0.07372529380341881,6.087592204192904
240299472#4,6840,0,120,40,0.3157738095238095,0.04053199404761792,7.790729692519721
240299472#4,6840,40,120,40,0.31666666666666665,0.03958333333333333,8.0
240299472#4,6960,0,120,40,0.29166666666666663,0.054470486111111105,5.354581673306773
240299472#4,6960,40,120,40,0.30833333333333335,0.04657118055555555,6.620689655172415
240299472#4,7080,0,120,40,0.0,0.0,8.0
240299472#4,7080,40,120,40,0.0,0.0,8.0
240299472#8,0,0,120,40,0.04166666666666667,0.005208333333333334,8.0
240299472#8,0,40,120,40,0.04166666666666667,0.005208333333333334,8.0
240299472#8,120,0,120,40,0.08333333333333334,0.010416666666666668,8.0
240299472#8,120,40,120,40,0.057291666666666664,0.007161458333333333,8.0
240299472#8,240,0,120,40,0.20833333333333334,0.026041666666666713,7.999999999999986
240299472#8,240,40,120,40,0.234375,0.029296875,8.0
240299472#8,360,0,120,40,0.031101190476190484,0.003887648809523784,8.000000000000055
240299472#8,360,40,120,40,0.0,0.0,8.0
240299472#8,480,0,120,40,0.19270833333333331,0.026450892857142954,7.2855133614627015
240299472#8,480,40,120,40,0.20833333333333334,0.026041666666666668,8.0
240299472#8,600,0,120,40,0.10952380952380951,0.013690476190476242,7.999999999999969
240299472#8,600,40,120,40,0.125,0.015625,8.0
240299472#8,720,0,120,40,0.20833333333333334,0.029761904761904774,6.999999999999997
240299472#8,720,40,120,40,0.20833333333333334,0.026041666666666668,8.0
240299472#8,840,0,120,40,0.08333333333333334,0.010416666666666668,8.0
240299472#8,840,40,120,40,0.08333333333333334,0.010416666666666668,8.0
240299472#8,960,0,120,40,0.08333333333333334,0.010416666666666668,8.0
240299472#8,960,40,120,40,0.08333333333333334,0.010416666666666668,8.0
240299472#8,1080,0,120,40,0.33333333333333337,0.045275297619047486,7.362366474938396
240299472#8,1080,40,120,40,0.33333333333333337,0.04166666666666667,8.0
240299472#8,1200,0,120,40,0.04166666666666667,0.00520833333333323,8.00000000000016
240299472#8,1200,40,120,40,0.04166666666666667,0.005208333333333334,8.0
240299472#8,1320,0,120,40,0.125,0.015625000000000035,7.999999999999982
240299472#8,1320,40,120,40,0.09375,0.01171875,8.0
240299472#8,1440,0,120,40,0.16666666666666669,0.02083333333333341,7.9999999999999725
240299472#8,1440,40,120,40,0.19791666666666669,0.024739583333333336,8.0
240299472#8,1560,0,120,40,0.04166666666666667,0.005208333333333334,8.0
240299472#8,1560,40,120,40,0.04166666666666667,0.005208333333333334,8.0
240299472#8,1680,0,120,40,0.0,0.0,8.0
240299472#8,1680,40,120,40,0.0,0.0,8.0
240299472#8,1800,0,120,40,0.21145833333333336,0.02643229166666667,8.0
240299472#8,1800,40,120,40,0.20833333333333334,0.026041666666666668,8.0
240299472#8,1920,0,120,40,0.371875,0.04987931405670377,7.455495470070926
240299472#8,1920,40,120,40,0.375,0.05323036731584526,7.044850879478574
240299472#8,2040,0,120,40,0.20833333333333334,0.028813244047618796,7.230471271788314
240299472#8,2040,40,120,40,0.20833333333333334,0.026041666666666668,8.0
240299472#8,2160,0,120,40,0.08576388888888889,0.010720486111110953,8.000000000000117
240299472#8,2160,40,120,40,0.08333333333333334,0.010416666666666668,8.0
240299472#8,2280,0,120,40,0.12256944444444443,0.015321180555555394,8.000000000000083
240299472#8,2280,40,120,40,0.10763888888888891,0.013454861111111114,8.0
240299472#8,2400,0,120,40,0.5,0.08333333333333334,5.999999999999999
240299472#8,2400,40,120,40,0.4881944444444445,0.06102430555555556,8.0
240299472#8,2520,0,120,40,0.33333333333333337,0.04166666666666667,8.0
240299472#8,2520,40,120,40,0.32395833333333335,0.04049479166666667,8.0
240299472#8,2640,0,120,40,0.503125,0.07705592105263157,6.529348986125935
240299472#8,2640,40,120,40,0.5385416666666667,0.07134731359649124,7.548170204591297
240299472#8,2760,0,120,40,0.621875,0.103125,6.03030303030303
240299472#8,2760,40,120,40,0.59375,0.07421875,8.0
240299472#8,2880,0,120,40,0.5833333333333333,0.08333333333333334,6.999999999999998
240299472#8,2880,40,120,40,0.6145833333333333,0.07682291666666666,8.0
240299472#8,3000,0,120,40,0.421875,0.06640625,6.352941176470588
240299472#8,3000,40,120,40,0.4166666666666667,0.052083333333333336,8.0
240299472#8,3120,0,120,40,0.28645833333333337,0.03841145833333333,7.457627118644069
240299472#8,3120,40,120,40,0.253125,0.031640625,8.0
240299472#8,3240,0,120,40,0.29166666666666663,0.039322916666666666,7.417218543046356
240299472#8,3240,40,120,40,0.3302083333333333,0.041276041666666666,8.0
240299472#8,3360,0,120,40,0.33333333333333337,0.04427083333333354,7.5294117647058485
240299472#8,3360,40,120,40,0.303125,0.037890625,8.0
240299472#8,3480,0,120,40,0.29166666666666663,0.04022817460317415,7.2503082614057535
240299472#8,3480,40,120,40,0.321875,0.040234375,8.0
240299472#8,3600,0,120,40,0.20833333333333334,0.029296875,7.111111111111112
240299472#8,3600,40,120,40,0.20833333333333334,0.026041666666666668,8.0
240299472#8,3720,0,120,40,0.125,0.015625,8.0
240299472#8,3720,40,120,40,0.125,0.015625,8.0
240299472#8,3840,0,120,40,0.16666666666666669,0.020833333333333336,8.0
240299472#8,3840,40,120,40,0.16666666666666669,0.020833333333333336,8.0
240299472#8,3960,0,120,40,0.13333333333333333,0.016666666666666347,8.000000000000153
240299472#8,3960,40,120,40,0.11770833333333333,0.014713541666666666,8.0
240299472#8,4080,0,120,40,0.075,0.009375,8.0
240299472#8,4080,40,120,40,0.052083333333333336,0.006510416666666667,8.0
240299472#8,4200,0,120,40,0.16666666666666669,0.0208333333333336,7.999999999999899
240299472#8,4200,40,120,40,0.20520833333333335,0.02565104166666667,8.0
240299472#8,4320,0,120,40,0.08333333333333334,0.010416666666666668,8.0
240299472#8,4320,40,120,40,0.08333333333333334,0.010416666666666668,8.0
240299472#8,4440,0,120,40,0.29166666666666663,0.036458333333332926,8.000000000000089
240299472#8,4440,40,120,40,0.29166666666666663,0.03645833333333333,8.0
240299472#8,4560,0,120,40,0.048809523809523817,0.006101190476190747,7.9999999999996465
240299472#8,4560,40,120,40,0.04166666666666667,0.005208333333333334,8.0
240299472#8,4680,0,120,40,0.40952380952380957,0.052101934523809526,7.860049982149233
240299472#8,4680,40,120,40,0.38333333333333336,0.04791666666666667,8.0
240299472#8,4800,0,120,40,0.328125,0.04348958333333333,7.544910179640719
240299472#8,4800,40,120,40,0.325,0.040625,8.0
240299472#8,4920,0,120,40,0.25520833333333337,0.03645833333333333,7.000000000000002
240299472#8,4920,40,120,40,0.29166666666666663,0.03645833333333333,8.0
240299472#8,5040,0,120,40,0.0,0.0,8.0
240299472#8,5040,40,120,40,0.0,0.0,8.0
240299472#8,5160,0,120,40,0.20833333333333334,0.028645833333333332,7.272727272727273
240299472#8,5160,40,120,40,0.20833333333333334,0.026041666666666668,8.0
240299472#8,5280,0,120,40,0.25,0.0351996527777784,7.102342786682981
240299472#8,5280,40,120,40,0.25,0.03124999999999998,8.000000000000005
240299472#8,5400,0,120,40,0.4583333333333333,0.07747395833333334,5.915966386554621
240299472#8,5400,40,120,40,0.4270833333333333,0.053385416666666664,8.0
240299472#8,5520,0,120,40,0.4427083333333333,0.07421875,5.964912280701754
240299472#8,5520,40,120,40,0.4479166666666667,0.055989583333333336,8.0
240299472#8,5640,0,120,40,0.30729166666666663,0.04427083333333333,6.9411764705882355
240299472#8,5640,40,120,40,0.30729166666666663,0.03841145833333333,8.0
240299472#8,5760,0,120,40,0.30833333333333335,0.041982886904761776,7.34426229508199
240299472#8,5760,40,120,40,0.31770833333333337,0.03971354166666667,8.0
240299472#8,5880,0,120,40,0.35833333333333334,0.051562500000000636,6.949494949494864
240299472#8,5880,40,120,40,0.33854166666666663,0.04231770833333333,8.0
240299472#8,6000,0,120,40,0.125,0.018229166666666664,6.857142857142858
240299472#8,6000,40,120,40,0.16145833333333331,0.020182291666666664,8.0
240299472#8,6120,0,120,40,0.375,0.055989583333333336,6.697674418604651
240299472#8,6120,40,120,40,0.36979166666666663,0.04622395833333333,8.0
240299472#8,6240,0,120,40,0.409375,0.058203125,7.033557046979865
240299472#8,6240,40,120,40,0.38020833333333337,0.051171875,7.430025445292622
240299472#8,6360,0,120,40,0.221875,0.03098958333333333,7.159663865546219
240299472#8,6360,40,120,40,0.25,0.03125,8.0
240299472#8,6480,0,120,40,0.11875,0.017317708333333334,6.857142857142857
240299472#8,6480,40,120,40,0.125,0.016276041666666664,7.6800000000000015
240299472#8,6600,0,120,40,0.11130952380952382,0.015625000000000677,7.123809523809216
240299472#8,6600,40,120,40,0.08333333333333334,0.010416666666666668,8.0
240299472#8,6720,0,120,40,0.2947916666666667,0.045889136904762165,6.423996757194938
240299472#8,6720,40,120,40,0.29166666666666663,0.03645833333333333,8.0
240299472#8,6840,0,120,40,0.21889880952380952,0.02736235119047642,7.999999999999933
240299472#8,6840,40,120,40,0.20833333333333334,0.026041666666666668,8.0
240299472#8,6960,0,120,40,0.375,0.046875,8.0
240299472#8,6960,40,120,40,0.4166666666666667,0.052083333333333336,8.0
240299472#8,7080,0,120,40,0.0,0.0,8.0
240299472#8,7080,40,120,40,0.0,0.0,8.0
243716769#0,0,0,120,70,0.25,0.01785714285714286,13.999999999999998
243716769#0,120,0,120,70,0.041666666666666664,0.0029761904761904717,14.00000000000002
243716769#0,240,0,120,70,0.25,0.01785714285714286,13.999999999999998
243716769#0,360,0,120,70,0.041666666666666664,0.0029761904761904765,13.999999999999998
243716769#0,480,0,120,70,0.5416666666666666,0.03869047619047644,13.999999999999908
243716769#0,600,0,120,70,0.375,0.026785714285714454,13.999999999999911
243716769#0,720,0,120,70,0.5416666666666666,0.041858085759703165,12.940550358089473
243716769#0,840,0,120,70,0.0,0.0,14.0
243716769#0,960,0,120,70,0.25,0.017857142857142922,13.999999999999948
243716769#0,1080,0,120,70,0.45833333333333337,0.03287545787545778,13.941504178273023
243716769#0,1200,0,120,70,0.4166666666666667,0.02976190476190474,14.00000000000001
243716769#0,1320,0,120,70,0.16666666666666666,0.011904761904761873,14.000000000000037
243716769#0,1440,0,120,70,0.5,0.0358516483516482,13.946360153256762
243716769#0,1560,0,120,70,0.25,0.017857142857142627,14.000000000000181
243716769#0,1680,0,120,70,0.08333333333333333,0.005952380952380945,14.000000000000016
243716769#0,1800,0,120,70,0.20833333333333334,0.01488095238095248,13.999999999999908
243716769#0,1920,0,120,70,0.041666666666666664,0.00297619047619047,14.000000000000028
243716769#0,2040,0,120,70,0.30892857142857144,0.022066326530612242,14.000000000000002
243716769#0,2160,0,120,70,0.1494047619047619,0.010671768707482994,13.999999999999998
243716769#0,2280,0,120,70,0.125,0.008928571428571225,14.00000000000032
243716769#0,2400,0,120,70,0.25,0.01785714285714269,14.000000000000131
243716769#0,2520,0,120,70,0.20833333333333334,0.014880952380952151,14.000000000000217
243716769#0,2640,0,120,70,0.2916666666666667,0.020833333333333218,14.000000000000078
243716769#0,2760,0,120,70,0.2916666666666667,0.02083333333333314,14.00000000000013
243716769#0,2880,0,120,70,0.15773809523809523,0.011270930863384742,13.995125793072724
243716769#0,3000,0,120,70,0.09226190476190475,0.006590136054421701,14.000000000000142
243716769#0,3120,0,120,70,0.125,0.008928571428571288,14.00000000000022
243716769#0,3240,0,120,70,0.4166666666666667,0.029761904761904795,13.999999999999986
243716769#0,3360,0,120,70,0.125,0.008928571428571688,13.999999999999593
243716769#0,3480,0,120,70,0.08333333333333333,0.0059523809523807985,14.00000000000036
243716769#0,3600,0,120,70,0.0,0.0,14.0
243716769#0,3720,0,120,70,0.041666666666666664,0.002976190476190438,14.00000000000018
243716769#0,3840,0,120,70,0.3,0.032142857142857105,9.333333333333345
243716769#0,3960,0,120,70,0.43467261904761906,0.03402423469387736,12.775382692908538
243716769#0,4080,0,120,70,0.3069940476190476,0.02192814625850254,14.000000000000547
243716769#0,4200,0,120,70,0.0,0.0,14.0
243716769#0,4320,0,120,70,0.125,0.008928571428571275,14.00000000000024
243716769#0,4440,0,120,70,0.0,0.0,14.0
243716769#0,4560,0,120,70,0.0,0.0,14.0
243716769#0,4680,0,120,70,0.2244047619047619,0.016028911564626006,13.999999999999865
243716769#0,4800,0,120,70,0.35892857142857143,0.02563775510204091,13.99999999999995
243716769#0,4920,0,120,70,0.16666666666666666,0.011904761904761448,14.000000000000536
243716769#0,5040,0,120,70,0.375,0.02678571428571415,14.000000000000071
243716769#0,5160,0,120,70,0.21904761904761905,0.015646258503402784,13.999999999998726
243716769#0,5280,0,120,70,0.15595238095238095,0.011139455782313313,13.999999999999513
243716769#0,5400,0,120,70,0.08333333333333333,0.0059523809523807205,14.000000000000545
243716769#0,5520,0,120,70,0.375,0.026785714285713972,14.000000000000163
243716769#0,5640,0,120,70,0.16666666666666666,0.01190476190476252,13.999999999999275
243716769#0,5760,0,120,70,0.16666666666666666,0.011904761904762601,13.99999999999918
243716769#0,5880,0,120,70,0.2916666666666667,0.020833333333333454,13.99999999999992
243716769#0,6000,0,120,70,0.375,0.026785714285716408,13.999999999998892
243716769#0,6120,0,120,70,0.375,0.026854395604397382,13.964194373400609
243716769#0,6240,0,120,70,0.45833333333333337,0.03299319727891063,13.89175257731998
243716769#0,6360,0,120,70,0.2916666666666667,0.0208333333333337,13.999999999999755
243716769#0,6480,0,120,70,0.2916666666666667,0.02083333333333411,13.99999999999948
243716769#0,6600,0,120,70,0.440625,0.03158659297052279,13.94974761637634
243716769#0,6720,0,120,70,0.14270833333333335,0.010193452380952447,13.999999999999911
243716769#0,6840,0,120,70,0.27380952380952384,0.019557823129252395,13.999999999999504
243716769#0,6960,0,120,70,0.2261904761904762,0.016156462585034278,13.99999999999977
243716769#0,7080,0,120,70,0.041666666666666664,0.0029761904761907085,13.999999999998906
293858815,0,0,120,70,0.4732142857142857,0.0386904761904762,12.230769230769228
293858815,120,0,120,70,0.8601190476190477,0.08344873663751214,10.307154814760901
293858815,240,0,120,70,0.625,0.044642857142857255,13.999999999999964
293858815,360,0,120,70,1.0,0.07891156462585042,12.672413793103436
293858815,480,0,120,70,0.45833333333333337,0.03273809523809521,14.000000000000012
293858815,600,0,120,70,0.6428571428571429,0.056122448979591955,11.454545454545432
293858815,720,0,120,70,1.148809523809524,0.08442627050820328,13.607251829250231
293858815,840,0,120,70,0.3333333333333333,0.023809523809523853,13.999999999999973
293858815,960,0,120,70,0.08333333333333333,0.005952380952380991,13.999999999999908
293858815,1080,0,120,70,0.16666666666666666,0.011904761904761982,13.999999999999908
293858815,1200,0,120,70,0.7208333333333333,0.05148809523809518,14.000000000000016
293858815,1320,0,120,70,0.9875,0.07066747028481737,13.973897693238362
293858815,1440,0,120,70,1.1238095238095238,0.08340630233574911,13.473916147075654
293858815,1560,0,120,70,0.5845238095238094,0.047792265054169995,12.23051070840193
293858815,1680,0,120,70,0.5,0.038403486394557734,13.019651259341298
293858815,1800,0,120,70,0.375,0.02678571428571428,14.000000000000002
293858815,1920,0,120,70,0.5,0.03571428571428571,14.0
293858815,2040,0,120,70,0.39166666666666666,0.027976190476190852,13.999999999999812
293858815,2160,0,120,70,1.1458333333333333,0.08448902288187947,13.561919575460998
293858815,2280,0,120,70,0.5446428571428571,0.041281089155238995,13.193519557943551
293858815,2400,0,120,70,0.8761904761904762,0.06258503401360627,13.999999999999815
293858815,2520,0,120,70,0.18333333333333335,0.01309523809523833,13.999999999999751
293858815,2640,0,120,70,0.7333333333333334,0.05249298131951211,13.970121621969046
293858815,2760,0,120,70,0.3952380952380953,0.045443015353552364,8.697444308285736
293858815,2880,0,120,70,0.9380952380952382,0.14801688532555898,6.337758263403017
293858815,3000,0,120,70,0.5833333333333334,0.041666666666666796,13.999999999999957
293858815,3120,0,120,70,0.5416666666666666,0.03887542245506144,13.933396281231758
293858815,3240,0,120,70,1.082142857142857,0.08193027210884393,13.208095485210107
293858815,3360,0,120,70,0.6376488095238095,0.04554634353741465,14.000000000000098
293858815,3480,0,120,70,0.6552083333333334,0.046844615371401145,13.98684412581048
293858815,3600,0,120,70,0.4166666666666667,0.029761904761904916,13.999999999999927
293858815,3720,0,120,70,0.16666666666666666,0.011904761904761736,14.000000000000197
293858815,3840,0,120,70,0.375,0.026785714285714725,13.99999999999977
293858815,3960,0,120,70,0.2916666666666667,0.020833333333333506,13.999999999999885
293858815,4080,0,120,70,0.4166666666666667,0.029761904761904573,14.000000000000089
293858815,4200,0,120,70,0.2916666666666667,0.020833333333332944,14.000000000000263
293858815,4320,0,120,70,0.375,0.02688080557335075,13.950474771923119
293858815,4440,0,120,70,0.375,0.026785714285713972,14.000000000000163
293858815,4560,0,120,70,0.20833333333333334,0.014880952380952259,14.000000000000115
293858815,4680,0,120,70,0.625,0.044642857142856554,14.000000000000185
293858815,4800,0,120,70,0.45833333333333337,0.03273809523809458,14.000000000000282
293858815,4920,0,120,70,0.625,0.04689625850340079,13.32728921124223
293858815,5040,0,120,70,0.16666666666666666,0.01190476190476183,14.000000000000087
293858815,5160,0,120,70,0.375,0.026785714285714707,13.99999999999978
293858815,5280,0,120,70,0.4119047619047619,0.029421768707482837,14.000000000000073
293858815,5400,0,120,70,0.4837301587301588,0.03455215419501121,14.000000000000053
293858815,5520,0,120,70,0.3722222222222222,0.026587301587301104,14.000000000000252
293858815,5640,0,120,70,0.35714285714285715,0.02560719856343343,13.946971054180446
293858815,5760,0,120,70,0.6666666666666666,0.047619047619047825,13.99999999999994
293858815,5880,0,120,70,0.75,0.05357142857142642,14.000000000000563
293858815,6000,0,120,70,0.7071428571428572,0.0505102040816319,14.00000000000021
293858815,6120,0,120,70,0.6151785714285715,0.044004772451616235,13.979814850877085
293858815,6240,0,120,70,1.0110119047619046,0.08030392301484042,12.589819610370299
293858815,6360,0,120,70,0.5,0.035714285714286045,13.99999999999987
293858815,6480,0,120,70,0.375,0.02678571428571415,14.000000000000071
293858815,6600,0,120,70,0.125,0.008928571428571428,14.0
293858815,6720,0,120,70,0.6636904761904763,0.04740646258503372,14.000000000000089
293858815,6840,0,120,70,0.5446428571428571,0.03890994347379232,13.997523730912118
293858815,6960,0,120,70,0.5799603174603174,0.04142573696145183,13.999999999999801
293858815,7080,0,120,70,0.1700396825396825,0.012145691609976996,14.000000000000375
294085176#0,0,0,120,40,0.18035714285714283,0.02254464285714285,8.000000000000002
294085176#0,0,40,120,40,0.16666666666666669,0.020833333333333336,8.0
294085176#0,120,0,120,40,0.5279761904761904,0.08080357142857142,6.5340699815837935
294085176#0,120,40,120,40,0.5416666666666667,0.06770833333333334,8.0
294085176#0,240,0,120,40,0.30729166666666663,0.04166666666666668,7.374999999999997
294085176#0,240,40,120,40,0.24270833333333336,0.038585069444444446,6.29021372328459
294085176#0,360,0,120,40,0.27604166666666663,0.041015625000000056,6.7301587301587205
294085176#0,360,40,120,40,0.2989583333333333,0.04036458333333333,7.4064516129032265
294085176#0,480,0,120,40,0.20833333333333334,0.026041666666666612,8.000000000000018
294085176#0,480,40,120,40,0.25,0.03125,8.0
294085176#0,600,0,120,40,0.7274305555555556,0.13552741858237544,5.367405084259118
294085176#0,600,40,120,40,0.7083333333333333,0.10422952586206898,6.795899026449555
294085176#0,720,0,120,40,0.6475694444444444,0.08302951388888888,7.799268165185573
294085176#0,720,40,120,40,0.5833333333333333,0.07291666666666666,8.0
294085176#0,840,0,120,40,0.4583333333333333,0.07740757999378689,5.921039430119394
294085176#0,840,40,120,40,0.5416666666666667,0.1200093682044113,4.513536524449066
294085176#0,960,0,120,40,0.125,0.015625,8.0
294085176#0,960,40,120,40,0.058333333333333334,0.007291666666666667,8.0
294085176#0,1080,0,120,40,0.5833333333333333,0.09895351080246914,5.895024123982649
294085176#0,1080,40,120,40,0.65,0.0828173225308642,7.8485995457986375
294085176#0,1200,0,120,40,0.125,0.015625000000000035,7.999999999999982
294085176#0,1200,40,120,40,0.125,0.015625,8.0
294085176#0,1320,0,120,40,0.125,0.015624999999999865,8.00000000000007
294085176#0,1320,40,120,40,0.125,0.015625,8.0
294085176#0,1440,0,120,40,0.16666666666666669,0.0210193452380951,7.929203539823061
294085176#0,1440,40,120,40,0.16666666666666669,0.02650669642857143,6.287719298245614
294085176#0,1560,0,120,40,0.20833333333333334,0.026041666666666796,7.999999999999961
294085176#0,1560,40,120,40,0.20833333333333334,0.02605990312791783,7.9944016794961525
294085176#0,1680,0,120,40,0.20833333333333334,0.02604166666666675,7.999999999999974
294085176#0,1680,40,120,40,0.20833333333333334,0.026041666666666668,8.0
294085176#0,1800,0,120,40,0.30416666666666664,0.03802083333333333,8.0
294085176#0,1800,40,120,40,0.29166666666666663,0.03645833333333333,8.0
294085176#0,1920,0,120,40,0.509375,0.06848958333333324,7.4372623574144585
294085176#0,1920,40,120,40,0.5,0.06251972853535352,7.997475544335754
294085176#0,2040,0,120,40,0.4364583333333333,0.05499131944444448,7.936858721389102
294085176#0,2040,40,120,40,0.4583333333333333,0.05729166666666665,8.000000000000002
294085176#0,2160,0,120,40,0.7552083333333333,0.13007330246913568,5.806021058875876
294085176#0,2160,40,120,40,0.7239583333333333,0.10417148919753087,6.949678255636312
294085176#0,2280,0,120,40,0.615625,0.08100198412698355,7.600122473974334
294085176#0,2280,40,120,40,0.5791666666666667,0.07239583333333335,7.999999999999998
294085176#0,2400,0,120,40,0.1375,0.017447916666666667,7.880597014925374
294085176#0,2400,40,120,40,0.196875,0.024630489864864866,7.993141877411058
294085176#0,2520,0,120,40,0.075,0.009375000000000204,7.999999999999825
294085176#0,2520,40,120,40,0.08333333333333334,0.010416666666666668,8.0
294085176#0,2640,0,120,40,0.4166666666666667,0.05208333333333433,7.999999999999847
294085176#0,2640,40,120,40,0.39166666666666666,0.04895833333333333,8.0
294085176#0,2760,0,120,40,0.375,0.04776785714285715,7.850467289719625
294085176#0,2760,40,120,40,0.39880952380952384,0.04985119047619048,8.0
294085176#0,2880,0,120,40,0.33958333333333335,0.04244791666666768,7.999999999999809
294085176#0,2880,40,120,40,0.33452380952380956,0.041815476190476195,8.0
294085176#0,3000,0,120,40,0.32708333333333334,0.04131324404761912,7.917154434939202
294085176#0,3000,40,120,40,0.33333333333333337,0.04166666666666667,8.0
294085176#0,3120,0,120,40,0.375,0.05120287698412784,7.323807217243762
294085176#0,3120,40,120,40,0.375,0.04687726681174261,7.999613149503496
294085176#0,3240,0,120,40,0.16666666666666669,0.020833333333333336,8.0
294085176#0,3240,40,120,40,0.16666666666666669,0.020846688034188036,7.9948750800768735
294085176#0,3360,0,120,40,0.1938988095238095,0.03125000000000005,6.204761904761894
294085176#0,3360,40,120,40,0.16666666666666669,0.020833333333333336,8.0
294085176#0,3480,0,120,40,0.22276785714285713,0.02784598214285705,8.000000000000027
294085176#0,3480,40,120,40,0.25,0.03125,8.0
294085176#0,3600,0,120,40,0.4583333333333333,0.07010788690476191,6.537543114884584
294085176#0,3600,40,120,40,0.4583333333333333,0.06166294642857142,7.432880844645552
294085176#0,3720,0,120,40,0.3145833333333333,0.0421875,7.4567901234567895
294085176#0,3720,40,120,40,0.25,0.03125000000000001,7.999999999999998
294085176#0,3840,0,120,40,0.244047619047619,0.030505952380953133,7.999999999999802
294085176#0,3840,40,120,40,0.29166666666666663,0.03647168803418804,7.997070670084216
294085176#0,3960,0,120,40,0.15178571428571427,0.018973214285714145,8.000000000000059
294085176#0,3960,40,120,40,0.125,0.023195684523809525,5.388933440256616
294085176#0,4080,0,120,40,0.7052083333333333,0.09635416666666666,7.31891891891892
294085176#0,4080,40,120,40,0.6916666666666667,0.08645833333333333,8.0
294085176#0,4200,0,120,40,0.459375,0.06218998015873052,7.386640079760674
294085176#0,4200,40,120,40,0.5166666666666667,0.06726190476190474,7.681415929203543
294085176#0,4320,0,120,40,0.375,0.05572916666666612,6.728971962616888
294085176#0,4320,40,120,40,0.34285714285714286,0.04285714285714286,8.0
294085176#0,4440,0,120,40,0.29166666666666663,0.037104552469135396,7.860670652456545
294085176#0,4440,40,120,40,0.3081845238095238,0.07443069930049097,4.140556607769113
294085176#0,4560,0,120,40,0.33333333333333337,0.04270833333333338,7.80487804878048
294085176#0,4560,40,120,40,0.34895833333333337,0.04361979166666667,8.0
294085176#0,4680,0,120,40,0.35059523809523807,0.05163690476190462,6.789625360230565
294085176#0,4680,40,120,40,0.33333333333333337,0.04166666666666667,8.0
294085176#0,4800,0,120,40,0.10773809523809523,0.013467261904761904,8.0
294085176#0,4800,40,120,40,0.125,0.015625,8.0
294085176#0,4920,0,120,40,0.625,0.09192708333333306,6.798866855524099
294085176#0,4920,40,120,40,0.6229166666666667,0.07786458333333333,8.0
294085176#0,5040,0,120,40,0.375,0.05130208333333347,7.309644670050742
294085176#0,5040,40,120,40,0.37589285714285714,0.04698660714285714,8.0
294085176#0,5160,0,120,40,0.17604166666666668,0.028515625,6.173515981735161
294085176#0,5160,40,120,40,0.1480654761904762,0.018508184523809514,8.000000000000005
294085176#0,5280,0,120,40,0.615625,0.108203125,5.689530685920578
294085176#0,5280,40,120,40,0.6447916666666667,0.08059895833333333,8.0
294085176#0,5400,0,120,40,0.3738095238095238,0.04996279761904708,7.481757259866052
294085176#0,5400,40,120,40,0.33214285714285713,0.0415337380011293,7.996941116492481
294085176#0,5520,0,120,40,0.2511904761904762,0.032961309523809934,7.620767494356564
294085176#0,5520,40,120,40,0.29166666666666663,0.03647421419160548,7.996516803199383
294085176#0,5640,0,120,40,0.29166666666666663,0.038295028659612,7.6163062641672346
294085176#0,5640,40,120,40,0.29285714285714287,0.038174465388007034,7.671545361029403
294085176#0,5760,0,120,40,0.625,0.09854910714285661,6.342015855039672
294085176#0,5760,40,120,40,0.625,0.078125,8.0
294085176#0,5880,0,120,40,0.33333333333333337,0.06398809523809525,5.209302325581395
294085176#0,5880,40,120,40,0.33333333333333337,0.04994419642857143,6.674115456238361
294085176#0,6000,0,120,40,0.5416666666666667,0.07678571428571293,7.054263565891598
294085176#0,6000,40,120,40,0.5157738095238096,0.0644717261904762,8.0
294085176#0,6120,0,120,40,0.7916666666666667,0.1434336579150261,5.5193925761530185
294085176#0,6120,40,120,40,0.7915178571428572,0.11043266937181748,7.167424835832622
294085176#0,6240,0,120,40,0.653720238095238,0.09959077380952314,6.564064251027313
294085176#0,6240,40,120,40,0.609375,0.076171875,8.0
294085176#0,6360,0,120,40,0.42961309523809527,0.07457217261904789,5.76103766525316
294085176#0,6360,40,120,40,0.4447916666666667,0.05559895833333334,8.0
294085176#0,6480,0,120,40,0.2857142857142857,0.0357142857142849,8.000000000000181
294085176#0,6480,40,120,40,0.30520833333333336,0.03815104166666667,8.0
294085176#0,6600,0,120,40,0.255952380952381,0.031994047619047984,7.999999999999909
294085176#0,6600,40,120,40,0.20833333333333334,0.026041666666666668,8.0
294085176#0,6720,0,120,40,0.25,0.032552083333332524,7.680000000000191
294085176#0,6720,40,120,40,0.33333333333333337,0.04166666666666667,8.0
294085176#0,6840,0,120,40,0.08333333333333334,0.010416666666666127,8.000000000000416
294085176#0,6840,40,120,40,0.08333333333333334,0.010416666666666668,8.0
294085176#0,6960,0,120,40,0.08333333333333334,0.010416666666666083,8.00000000000045
294085176#0,6960,40,120,40,0.08333333333333334,0.010416666666666682,7.999999999999989
294085176#0,7080,0,120,40,0.04166666666666667,0.005208333333333378,7.9999999999999325
294085176#0,7080,40,120,40,0.04166666666666667,0.005208333333333334,8.0
294085176#3,0,0,120,40,0.08333333333333334,0.01041666666666666,8.000000000000007
294085176#3,0,40,120,40,0.08333333333333334,0.010416666666666668,8.0
294085176#3,0,80,120,40,0.08333333333333334,0.010416666666666675,7.999999999999995
294085176#3,120,0,120,40,0.29166666666666663,0.03645833333333333,8.0
294085176#3,120,40,120,40,0.29166666666666663,0.03645833333333333,8.0
294085176#3,120,80,120,40,0.29166666666666663,0.03645833333333333,8.0
294085176#3,240,0,120,40,0.08333333333333334,0.010416666666666697,7.999999999999978
294085176#3,240,40,120,40,0.08333333333333334,0.010416666666666666,8.000000000000002
294085176#3,240,80,120,40,0.08333333333333334,0.010416666666666637,8.000000000000025
294085176#3,360,0,120,40,0.4166666666666667,0.052083333333333384,7.999999999999993
294085176#3,360,40,120,40,0.375,0.046875,8.0
294085176#3,360,80,120,40,0.33333333333333337,0.041666666666666616,8.00000000000001
294085176#3,480,0,120,40,0.16666666666666669,0.020833333333333277,8.000000000000023
294085176#3,480,40,120,40,0.20833333333333334,0.026041666666666668,8.0
294085176#3,480,80,120,40,0.25,0.031250000000000056,7.999999999999986
294085176#3,600,0,120,40,0.6875,0.09765625,7.04
294085176#3,600,40,120,40,0.6354166666666667,0.08072916666666666,7.870967741935486
294085176#3,600,80,120,40,0.6145833333333333,0.078125,7.866666666666665
294085176#3,720,0,120,40,0.5895833333333333,0.07369791666666663,8.000000000000005
294085176#3,720,40,120,40,0.6145833333333333,0.07682291666666666,8.0
294085176#3,720,80,120,40,0.63125,0.07890625000000004,7.999999999999996
294085176#3,840,0,120,40,0.68125,0.112109375,6.076655052264809
294085176#3,840,40,120,40,0.6770833333333333,0.08736979166666667,7.749627421758568
294085176#3,840,80,120,40,0.6291666666666667,0.08138020833333334,7.7311999999999985
294085176#3,960,0,120,40,0.125,0.01692708333333339,7.384615384615359
294085176#3,960,40,120,40,0.15625,0.01953125,8.0
294085176#3,960,80,120,40,0.20833333333333334,0.026041666666666612,8.000000000000018
294085176#3,1080,0,120,40,0.5,0.06341145833333334,7.885010266940451
294085176#3,1080,40,120,40,0.5,0.07109375,7.032967032967033
294085176#3,1080,80,120,40,0.5,0.07109375,7.032967032967033
294085176#3,1200,0,120,40,0.20833333333333334,0.026041666666666585,8.000000000000025
294085176#3,1200,40,120,40,0.20833333333333334,0.026041666666666668,8.0
294085176#3,1200,80,120,40,0.19384920634920633,0.02926587301587308,6.623728813559307
294085176#3,1320,0,120,40,0.08333333333333334,0.010416666666666633,8.000000000000027
294085176#3,1320,40,120,40,0.08333333333333334,0.010416666666666668,8.0
294085176#3,1320,80,120,40,0.09781746031746033,0.012227182539682515,8.000000000000018
294085176#3,1440,0,120,40,0.4583333333333333,0.062499999999999764,7.333333333333361
294085176#3,1440,40,120,40,0.4583333333333333,0.057291666666666664,8.0
294085176#3,1440,80,120,40,0.4583333333333333,0.05729166666666691,7.999999999999966
294085176#3,1560,0,120,40,0.4166666666666667,0.059895833333333225,6.956521739130448
294085176#3,1560,40,120,40,0.33333333333333337,0.04166666666666667,8.0
294085176#3,1560,80,120,40,0.33333333333333337,0.04427083333333344,7.529411764705865
294085176#3,1680,0,120,40,0.29166666666666663,0.04036458333333314,7.225806451612937
294085176#3,1680,40,120,40,0.375,0.04817708333333333,7.783783783783784
294085176#3,1680,80,120,40,0.3576388888888889,0.044704861111111376,7.999999999999953
294085176#3,1800,0,120,40,0.125,0.015625000000000035,7.999999999999982
294085176#3,1800,40,120,40,0.125,0.015625,8.0
294085176#3,1800,80,120,40,0.1423611111111111,0.017795138888888777,8.00000000000005
294085176#3,1920,0,120,40,0.5416666666666667,0.0688802083333332,7.863894139886594
294085176#3,1920,40,120,40,0.5416666666666667,0.06770833333333334,8.0
294085176#3,1920,80,120,40,0.5416666666666667,0.06770833333333345,7.999999999999987
294085176#3,2040,0,120,40,0.5,0.06257440476190476,7.990487514863258
294085176#3,2040,40,120,40,0.5,0.0625,8.0
294085176#3,2040,80,120,40,0.5,0.062499999999999854,8.00000000000002
294085176#3,2160,0,120,40,0.625,0.08033854166666668,7.7795786061588315
294085176#3,2160,40,120,40,0.6145833333333333,0.07682291666666666,8.0
294085176#3,2160,80,120,40,0.5833333333333333,0.07291666666666664,8.000000000000002
294085176#3,2280,0,120,40,0.5722222222222222,0.07152777777777651,8.000000000000142
294085176#3,2280,40,120,40,0.5520833333333333,0.06901041666666666,8.0
294085176#3,2280,80,120,40,0.5555555555555556,0.06944444444444539,7.999999999999892
294085176#3,2400,0,120,40,0.34444444444444444,0.04392361111111111,7.841897233201582
294085176#3,2400,40,120,40,0.375,0.046875,8.0
294085176#3,2400,80,120,40,0.4027777777777778,0.050347222222222696,7.999999999999925
294085176#3,2520,0,120,40,0.4166666666666667,0.0546875,7.6190476190476195
294085176#3,2520,40,120,40,0.39583333333333337,0.04947916666666667,8.0
294085176#3,2520,80,120,40,0.33333333333333337,0.04166666666666667,8.0
294085176#3,2640,0,120,40,0.20833333333333334,0.028645833333333537,7.272727272727221
294085176#3,2640,40,120,40,0.20639880952380954,0.025799851190476192,8.0
294085176#3,2640,80,120,40,0.25,0.033984375,7.356321839080461
294085176#3,2760,0,120,40,0.36979166666666663,0.04687500000000056,7.888888888888793
294085176#3,2760,40,120,40,0.3279761904761905,0.04099702380952381,8.0
294085176#3,2760,80,120,40,0.33333333333333337,0.041666666666665894,8.00000000000015
294085176#3,2880,0,120,40,0.546875,0.06835937500000092,7.9999999999998925
294085176#3,2880,40,120,40,0.5782738095238096,0.0722842261904762,8.0
294085176#3,2880,80,120,40,0.5486111111111112,0.06857638888888833,8.000000000000066
294085176#3,3000,0,120,40,0.4020833333333333,0.05026041666666694,7.999999999999956
294085176#3,3000,40,120,40,0.4081845238095238,0.051023065476190475,8.0
294085176#3,3000,80,120,40,0.45138888888888884,0.05954861111111048,7.580174927113782
294085176#3,3120,0,120,40,0.7229166666666667,0.11899083646616555,6.0753978048740285
294085176#3,3120,40,120,40,0.71875,0.09161184210526316,7.845601436265709
294085176#3,3120,80,120,40,0.6980654761904762,0.08751860119047544,7.976195536663193
294085176#3,3240,0,120,40,0.29166666666666663,0.036458333333333356,7.999999999999994
294085176#3,3240,40,120,40,0.31770833333333337,0.03971354166666667,8.0
294085176#3,3240,80,120,40,0.2602678571428571,0.03253348214285692,8.000000000000053
294085176#3,3360,0,120,40,0.16666666666666669,0.020833333333333256,8.00000000000003
294085176#3,3360,40,120,40,0.171875,0.021484375,8.0
294085176#3,3360,80,120,40,0.25,0.031250000000000076,7.9999999999999805
294085176#3,3480,0,120,40,0.36319444444444443,0.04539930555555583,7.999999999999951
294085176#3,3480,40,120,40,0.33333333333333337,0.04166666666666667,8.0
294085176#3,3480,80,120,40,0.33333333333333337,0.04637276785714295,7.188126754913745
294085176#3,3600,0,120,40,0.6638888888888889,0.10577256944444462,6.276569552728755
294085176#3,3600,40,120,40,0.6353174603174604,0.07941468253968255,8.0
294085176#3,3600,80,120,40,0.625,0.07812499999999985,8.000000000000016
294085176#3,3720,0,120,40,0.19375,0.02421875,8.0
294085176#3,3720,40,120,40,0.23968253968253972,0.029960317460317465,8.0
294085176#3,3720,80,120,40,0.20952380952380953,0.026190476190476215,7.999999999999993
294085176#3,3840,0,120,40,0.6125,0.0957775297619053,6.395028160807888
294085176#3,3840,40,120,40,0.625,0.078125,8.0
294085176#3,3840,80,120,40,0.6654761904761904,0.08722098214285577,7.62977180635542
294085176#3,3960,0,120,40,0.29166666666666663,0.040364583333333516,7.225806451612869
294085176#3,3960,40,120,40,0.29166666666666663,0.03776041666666667,7.72413793103448
294085176#3,3960,80,120,40,0.29166666666666663,0.038820684523809545,7.513176808816477
294085176#3,4080,0,120,40,0.55625,0.06953125,8.0
294085176#3,4080,40,120,40,0.5416666666666667,0.06770833333333334,8.0
294085176#3,4080,80,120,40,0.5072916666666667,0.06484375,7.823293172690763
294085176#3,4200,0,120,40,0.4854166666666667,0.06653645833333378,7.29549902152637
294085176#3,4200,40,120,40,0.484375,0.060546875,8.0
294085176#3,4200,80,120,40,0.4927083333333333,0.06158854166666622,8.000000000000057
294085176#3,4320,0,120,40,0.33333333333333337,0.041666666666666255,8.00000000000008
294085176#3,4320,40,120,40,0.34895833333333337,0.04361979166666667,8.0
294085176#3,4320,80,120,40,0.375,0.04687500000000041,7.99999999999993
294085176#3,4440,0,120,40,0.38541666666666663,0.06380208333333288,6.0408163265306545
294085176#3,4440,40,120,40,0.34375,0.053385416666666664,6.439024390243903
294085176#3,4440,80,120,40,0.29166666666666663,0.04205729166666712,6.934984520123764
294085176#3,4560,0,120,40,0.59375,0.08748139880952358,6.7871571337444365
294085176#3,4560,40,120,40,0.6126488095238096,0.0765811011904762,8.0
294085176#3,4560,80,120,40,0.6145833333333333,0.0768229166666669,7.999999999999975
294085176#3,4680,0,120,40,0.4791666666666667,0.06573660714285737,7.28919071873229
294085176#3,4680,40,120,40,0.5019345238095239,0.06274181547619048,8.0
294085176#3,4680,80,120,40,0.5520833333333333,0.06901041666666603,8.000000000000073
294085176#3,4800,0,120,40,0.125,0.015624999999999866,8.00000000000007
294085176#3,4800,40,120,40,0.125,0.015625,8.0
294085176#3,4800,80,120,40,0.125,0.015625000000000132,7.9999999999999325
294085176#3,4920,0,120,40,0.5833333333333333,0.07669270833333297,7.606112054329407
294085176#3,4920,40,120,40,0.5552083333333333,0.06940104166666666,8.0
294085176#3,4920,80,120,40,0.5416666666666667,0.0677083333333337,7.999999999999957
294085176#3,5040,0,120,40,0.33333333333333337,0.04166666666666653,8.000000000000027
294085176#3,5040,40,120,40,0.3614583333333333,0.045182291666666666,8.0
294085176#3,5040,80,120,40,0.375,0.04687500000000014,7.999999999999976
294085176#3,5160,0,120,40,0.04166666666666667,0.005208333333333334,8.0
294085176#3,5160,40,120,40,0.0,0.0,8.0
294085176#3,5160,80,120,40,0.0,0.0,8.0
294085176#3,5280,0,120,40,0.33333333333333337,0.041666666666666796,7.999999999999976
294085176#3,5280,40,120,40,0.37083333333333335,0.04635416666666667,8.0
294085176#3,5280,80,120,40,0.33333333333333337,0.04166666666666653,8.000000000000027
294085176#3,5400,0,120,40,0.625,0.08723958333333248,7.1641791044776815
294085176#3,5400,40,120,40,0.5875,0.0734375,8.0
294085176#3,5400,80,120,40,0.5833333333333333,0.07291666666666752,7.999999999999906
294085176#3,5520,0,120,40,0.5,0.0703993055555557,7.102342786683093
294085176#3,5520,40,120,40,0.5416666666666667,0.06770833333333334,8.0
294085176#3,5520,80,120,40,0.5833333333333333,0.07291666666666621,8.000000000000048
294085176#3,5640,0,120,40,0.4166666666666667,0.0562872023809526,7.402511566424295
294085176#3,5640,40,120,40,0.4166666666666667,0.052083333333333336,8.0
294085176#3,5640,80,120,40,0.4166666666666667,0.05208333333333257,8.000000000000117
294085176#3,5760,0,120,40,0.5833333333333333,0.07291666666666555,8.000000000000123
294085176#3,5760,40,120,40,0.53125,0.06640625,8.0
294085176#3,5760,80,120,40,0.5,0.06250000000000112,7.999999999999856
294085176#3,5880,0,120,40,0.4166666666666667,0.072265625,5.765765765765766
294085176#3,5880,40,120,40,0.46875,0.06770833333333334,6.9230769230769225
294085176#3,5880,80,120,40,0.5,0.06640625,7.529411764705882
294085176#3,6000,0,120,40,0.5,0.06612723214285623,7.56118143459926
294085176#3,6000,40,120,40,0.46984126984126984,0.05873015873015873,8.0
294085176#3,6000,80,120,40,0.4583333333333333,0.05729166666666774,7.99999999999985
294085176#3,6120,0,120,40,0.5415178571428572,0.08203124999999946,6.601360544217731
294085176#3,6120,40,120,40,0.5718253968253968,0.07410094246031745,7.716843778763284
294085176#3,6120,80,120,40,0.5833333333333333,0.07553943452380961,7.722235902487062
294085176#3,6240,0,120,40,0.2683035714285714,0.033537946428570435,8.000000000000236
294085176#3,6240,40,120,40,0.25,0.03125,8.0
294085176#3,6240,80,120,40,0.25,0.031250000000000853,7.9999999999997815
294085176#3,6360,0,120,40,0.44002976190476195,0.06437872023809502,6.835018780699244
294085176#3,6360,40,120,40,0.4583333333333333,0.0752046130952381,6.094484293841207
294085176#3,6360,80,120,40,0.4583333333333333,0.06478794642857152,7.074361182888304
294085176#3,6480,0,120,40,0.37395833333333334,0.04674479166666662,8.000000000000009
294085176#3,6480,40,120,40,0.33333333333333337,0.04166666666666667,8.0
294085176#3,6480,80,120,40,0.31666666666666665,0.03958333333333338,7.99999999999999
294085176#3,6600,0,120,40,0.3329861111111111,0.04162326388888794,8.000000000000181
294085176#3,6600,40,120,40,0.31354166666666666,0.041028025793650794,7.642133897536648
294085176#3,6600,80,120,40,0.30833333333333335,0.043501984126984396,7.087799315849443
294085176#3,6720,0,120,40,0.16805555555555557,0.021006944444444762,7.99999999999988
294085176#3,6720,40,120,40,0.228125,0.028515625,8.0
294085176#3,6720,80,120,40,0.25,0.03125,8.0
294085176#3,6840,0,120,40,0.04166666666666667,0.005208333333333063,8.000000000000416
294085176#3,6840,40,120,40,0.04166666666666667,0.005208333333333334,8.0
294085176#3,6840,80,120,40,0.023065476190476185,0.002883184523809523,8.0
294085176#3,6960,0,120,40,0.08333333333333334,0.010416666666666536,8.000000000000101
294085176#3,6960,40,120,40,0.08333333333333334,0.010416666666666666,8.000000000000002
294085176#3,6960,80,120,40,0.10193452380952381,0.012741815476190878,7.999999999999748
294085176#3,7080,0,120,40,0.0,0.0,8.0
294085176#3,7080,40,120,40,0.0,0.0,8.0
294085176#3,7080,80,120,40,0.0,0.0,8.0
295281241#0,0,0,120,40,0.04166666666666667,0.005208333333333334,8.0
295281241#0,0,40,120,40,0.04166666666666667,0.005208333333333334,8.0
295281241#0,0,80,120,40,0.04166666666666667,0.005208333333333334,8.0
295281241#0,120,0,120,40,0.33333333333333337,0.04166666666666666,8.000000000000004
295281241#0,120,40,120,40,0.33333333333333337,0.04166666666666667,8.0
295281241#0,120,80,120,40,0.29166666666666663,0.03645833333333333,8.0
295281241#0,240,0,120,40,0.5,0.07579046828908555,6.597135646304011
295281241#0,240,40,120,40,0.5,0.06811750465304114,7.34025714163734
295281241#0,240,80,120,40,0.5416666666666667,0.09313610584351735,5.815861225470905
295281241#0,360,0,120,40,0.4166666666666667,0.07393973214285714,5.635220125786164
295281241#0,360,40,120,40,0.38020833333333337,0.05319940476190477,7.146853146853147
295281241#0,360,80,120,40,0.34375,0.048642113095238096,7.066921606118547
295281241#0,480,0,120,40,0.5364583333333333,0.17916666666666667,2.9941860465116275
295281241#0,480,40,120,40,0.5208333333333333,0.16545138888888888,3.147953830010493
295281241#0,480,80,120,40,0.53125,0.1684027777777778,3.154639175257732
295281241#0,600,0,120,40,0.234375,0.034505208333333294,6.792452830188687
295281241#0,600,40,120,40,0.265625,0.033389136904761904,7.955431754874652
295281241#0,600,80,120,40,0.265625,0.03366815476190476,7.88950276243094
295281241#0,720,0,120,40,0.890625,0.1468563988095238,6.064597846738442
295281241#0,720,40,120,40,0.875,0.11179315476190477,7.826955074875207
295281241#0,720,80,120,40,0.84375,0.1111421130952381,7.59163179916318
295281241#0,840,0,120,40,0.38020833333333337,0.073046875,5.2049910873440295
295281241#0,840,40,120,40,0.4166666666666667,0.0560763888888889,7.4303405572755405
295281241#0,840,80,120,40,0.4739583333333333,0.062282986111111105,7.609756097560976
295281241#0,960,0,120,40,0.33333333333333337,0.04817708333333333,6.91891891891892
295281241#0,960,40,120,40,0.30729166666666663,0.04166666666666667,7.374999999999998
295281241#0,960,80,120,40,0.25,0.03580729166666667,6.981818181818181
295281241#0,1080,0,120,40,0.20833333333333334,0.028645833333333332,7.272727272727273
295281241#0,1080,40,120,40,0.234375,0.029668898809523808,7.899686520376176
295281241#0,1080,80,120,40,0.29166666666666663,0.03738839285714286,7.800995024875619
295281241#0,1200,0,120,40,0.125,0.016927083333333336,7.384615384615383
295281241#0,1200,40,120,40,0.125,0.015625,8.0
295281241#0,1200,80,120,40,0.125,0.015625,8.0
295281241#0,1320,0,120,40,0.4583333333333333,0.07849702380952381,5.838862559241706
295281241#0,1320,40,120,40,0.4583333333333333,0.06166294642857142,7.432880844645552
295281241#0,1320,80,120,40,0.4583333333333333,0.06166294642857142,7.432880844645552
295281241#0,1440,0,120,40,0.16666666666666669,0.02083333333333349,7.999999999999941
295281241#0,1440,40,120,40,0.16666666666666669,0.020833333333333332,8.000000000000002
295281241#0,1440,80,120,40,0.16666666666666669,0.020833333333333322,8.000000000000005
295281241#0,1560,0,120,40,0.125,0.015625,8.0
295281241#0,1560,40,120,40,0.125,0.015625,8.0
295281241#0,1560,80,120,40,0.125,0.015625,8.0
295281241#0,1680,0,120,40,0.33333333333333337,0.04166666666666714,7.999999999999909
295281241#0,1680,40,120,40,0.29166666666666663,0.03645833333333333,8.0
295281241#0,1680,80,120,40,0.29166666666666663,0.03652286135693214,7.985865724381627
295281241#0,1800,0,120,40,0.5833333333333333,0.08147321428571427,7.159817351598174
295281241#0,1800,40,120,40,0.5625,0.08556547619047619,6.573913043478261
295281241#0,1800,80,120,40,0.5260416666666667,0.08491443452380952,6.194961664841184
295281241#0,1920,0,120,40,0.5833333333333333,0.07421875000000015,7.859649122807
295281241#0,1920,40,120,40,0.6041666666666667,0.07961309523809523,7.588785046728973
295281241#0,1920,80,120,40,0.640625,0.08054315476190474,7.953810623556584
295281241#0,2040,0,120,40,0.33333333333333337,0.04166666666666643,8.000000000000046
295281241#0,2040,40,120,40,0.375,0.046875,8.0
295281241#0,2040,80,120,40,0.29166666666666663,0.036458333333333356,7.999999999999994
295281241#0,2160,0,120,40,0.4583333333333333,0.07393973214285667,6.198742138364819
295281241#0,2160,40,120,40,0.4583333333333333,0.05775669642857142,7.93558776167472
295281241#0,2160,80,120,40,0.5416666666666667,0.0727521641031044,7.4453684415355195
295281241#0,2280,0,120,40,0.4583333333333333,0.05729166666666587,8.00000000000011
295281241#0,2280,40,120,40,0.375,0.04687499999999999,8.000000000000002
295281241#0,2280,80,120,40,0.375,0.04687500000000005,7.999999999999992
295281241#0,2400,0,120,40,0.4583333333333333,0.06677827380952381,6.8635097493036215
295281241#0,2400,40,120,40,0.5416666666666667,0.0681733630952381,7.94542974079127
295281241#0,2400,80,120,40,0.5260416666666667,0.0701264880952381,7.501326259946951
295281241#0,2520,0,120,40,0.20833333333333334,0.03125,6.666666666666667
295281241#0,2520,40,120,40,0.20833333333333334,0.026041666666666668,8.0
295281241#0,2520,80,120,40,0.22395833333333334,0.027994791666666668,8.0
295281241#0,2640,0,120,40,0.796875,0.1318824404761905,6.04231311706629
295281241#0,2640,40,120,40,0.78125,0.09812127976190475,7.9620853080568725
295281241#0,2640,80,120,40,0.7239583333333333,0.09095982142857142,7.959100204498977
295281241#0,2760,0,120,40,0.578125,0.1839657738095238,3.142568250758342
295281241#0,2760,40,120,40,0.5208333333333333,0.15997023809523808,3.255813953488372
295281241#0,2760,80,120,40,0.5364583333333333,0.17038690476190477,3.1484716157205237
295281241#0,2880,0,120,40,0.625,0.146484375,4.266666666666667
295281241#0,2880,40,120,40,0.6979166666666667,0.1323784722222222,5.272131147540985
295281241#0,2880,80,120,40,0.7395833333333333,0.1312934027777778,5.633057851239668
295281241#0,3000,0,120,40,0.20833333333333334,0.026041666666666668,8.0
295281241#0,3000,40,120,40,0.20833333333333334,0.026041666666666668,8.0
295281241#0,3000,80,120,40,0.20833333333333334,0.026041666666666668,8.0
295281241#0,3120,0,120,40,0.4958333333333333,0.07578125,6.542955326460481
295281241#0,3120,40,120,40,0.4583333333333333,0.057291666666666664,8.0
295281241#0,3120,80,120,40,0.4333333333333333,0.05416666666666666,8.0
295281241#0,3240,0,120,40,0.6291666666666667,0.10440848214285714,6.026011045786567
295281241#0,3240,40,120,40,0.6666666666666667,0.08900669642857142,7.49007314524556
295281241#0,3240,80,120,40,0.6916666666666667,0.10163690476190476,6.805270863836017
295281241#0,3360,0,120,40,0.4166666666666667,0.05468749999999952,7.619047619047686
295281241#0,3360,40,120,40,0.3618055555555556,0.04522569444444445,8.0
295281241#0,3360,80,120,40,0.33333333333333337,0.041688176007866284,7.995872337289009
295281241#0,3480,0,120,40,0.6847222222222222,0.10850694444444382,6.310400000000036
295281241#0,3480,40,120,40,0.7111111111111111,0.08899105825958702,7.990815313565541
295281241#0,3480,80,120,40,0.6951388888888889,0.08904713618485748,7.806414879483768
295281241#0,3600,0,120,40,0.3152777777777778,0.042013888888888726,7.504132231404989
295281241#0,3600,40,120,40,0.34375,0.04296875,8.0
295281241#0,3600,80,120,40,0.34652777777777777,0.057638888888888906,6.012048192771083
295281241#0,3720,0,120,40,0.5,0.07936063361155257,6.300352923684504
295281241#0,3720,40,120,40,0.49722222222222223,0.08461154168874757,5.876529517111345
295281241#0,3720,80,120,40,0.4583333333333333,0.10484234234234233,4.371643394199785
295281241#0,3840,0,120,40,0.16666666666666669,0.022482638888888726,7.413127413127468
295281241#0,3840,40,120,40,0.16944444444444443,0.021180555555555553,8.0
295281241#0,3840,80,120,40,0.25,0.031250000000000014,7.9999999999999964
295281241#0,3960,0,120,40,0.4635416666666667,0.06963330518017971,6.656895941780002
295281241#0,3960,40,120,40,0.425,0.058618384009009004,7.25028516539593
295281241#0,3960,80,120,40,0.390625,0.05434301835020864,7.188135879436301
295281241#0,4080,0,120,40,0.6197916666666667,0.10373002426372172,5.9750460010586455
295281241#0,4080,40,120,40,0.6583333333333333,0.09273552543507363,7.09904138942145
295281241#0,4080,80,120,40,0.6927083333333333,0.10257958919009372,6.752886600565849
295281241#0,4200,0,120,40,0.08333333333333334,0.010416666666666982,7.999999999999759
295281241#0,4200,40,120,40,0.08333333333333334,0.010416666666666666,8.000000000000002
295281241#0,4200,80,120,40,0.08333333333333334,0.010416666666666645,8.000000000000018
295281241#0,4320,0,120,40,0.4166666666666667,0.053385416666667615,7.804878048780349
295281241#0,4320,40,120,40,0.4166666666666667,0.052083333333333336,8.0
295281241#0,4320,80,120,40,0.4138888888888889,0.05173611111111106,8.000000000000009
295281241#0,4440,0,120,40,0.33333333333333337,0.04817708333333333,6.91891891891892
295281241#0,4440,40,120,40,0.25,0.03125,8.0
295281241#0,4440,80,120,40,0.25277777777777777,0.0315972222222222,8.000000000000005
295281241#0,4560,0,120,40,0.4166666666666667,0.059288194444445066,7.0278184480233525
295281241#0,4560,40,120,40,0.5,0.0625,8.0
295281241#0,4560,80,120,40,0.4583333333333333,0.06345486111111107,7.222982216142276
295281241#0,4680,0,120,40,0.5416666666666667,0.07942708333333395,6.819672131147489
295281241#0,4680,40,120,40,0.5416666666666667,0.06770833333333334,8.0
295281241#0,4680,80,120,40,0.5833333333333333,0.07291666666666662,8.000000000000005
295281241#0,4800,0,120,40,0.34895833333333337,0.0589657738095238,5.9179810725552064
295281241#0,4800,40,120,40,0.33333333333333337,0.04213169642857143,7.911699779249449
295281241#0,4800,80,120,40,0.28645833333333337,0.03627232142857143,7.897435897435898
295281241#0,4920,0,120,40,0.484375,0.09216889880952381,5.255297679112008
295281241#0,4920,40,120,40,0.5,0.09139384920634921,5.470827679782903
295281241#0,4920,80,120,40,0.546875,0.10354662698412698,5.2814371257485035
295281241#0,5040,0,120,40,0.04166666666666667,0.005208333333333334,8.0
295281241#0,5040,40,120,40,0.04166666666666667,0.005208333333333334,8.0
295281241#0,5040,80,120,40,0.04166666666666667,0.005208333333333334,8.0
295281241#0,5160,0,120,40,0.33333333333333337,0.04739583333333333,7.032967032967034
295281241#0,5160,40,120,40,0.33333333333333337,0.04166666666666667,8.0
295281241#0,5160,80,120,40,0.33333333333333337,0.04166666666666667,8.0
295281241#0,5280,0,120,40,0.5416666666666667,0.08637152777777872,6.27135678391953
295281241#0,5280,40,120,40,0.5416666666666667,0.06770833333333334,8.0
295281241#0,5280,80,120,40,0.5416666666666667,0.06770833333333323,8.000000000000012
295281241#0,5400,0,120,40,0.5,0.06380208333333395,7.8367346938774745
295281241#0,5400,40,120,40,0.4791666666666667,0.059998002704031474,7.986376963752992
295281241#0,5400,80,120,40,0.4166666666666667,0.052306492748279254,7.9658689538188145
295281241#0,5520,0,120,40,0.625,0.08984375,6.956521739130435
295281241#0,5520,40,120,40,0.609375,0.07961309523809525,7.6542056074766345
295281241#0,5520,80,120,40,0.625,0.08705357142857142,7.17948717948718
295281241#0,5640,0,120,40,0.7135416666666667,0.13071056547619048,5.4589440728618195
295281241#0,5640,40,120,40,0.7083333333333333,0.1005952380952381,7.041420118343194
295281241#0,5640,80,120,40,0.7239583333333333,0.1052827380952381,6.876325088339222
295281241#0,5760,0,120,40,0.84375,0.15755208333333331,5.355371900826447
295281241#0,5760,40,120,40,0.8541666666666666,0.11740451388888888,7.275415896487986
295281241#0,5760,80,120,40,0.84375,0.11697048611111112,7.213358070500927
295281241#0,5880,0,120,40,0.484375,0.07226562500000126,6.702702702702585
295281241#0,5880,40,120,40,0.5128472222222222,0.06410590277777778,8.0
295281241#0,5880,80,120,40,0.515625,0.0670572916666666,7.689320388349522
295281241#0,6000,0,120,40,0.609375,0.18419200598749857,3.3083683340815524
295281241#0,6000,40,120,40,0.5496527777777778,0.1509920086212951,3.6402772755766737
295281241#0,6000,80,120,40,0.5677083333333333,0.15476805028796176,3.6681235712219284
295281241#0,6120,0,120,40,0.6875,0.13253348214285715,5.187368421052631
295281241#0,6120,40,120,40,0.7447916666666667,0.11201016865079365,6.6493218931635765
295281241#0,6120,80,120,40,0.7083333333333333,0.10832093253968253,6.53921007441328
295281241#0,6240,0,120,40,0.328125,0.054036458333333336,6.072289156626506
295281241#0,6240,40,120,40,0.33333333333333337,0.044921875,7.420289855072465
295281241#0,6240,80,120,40,0.390625,0.055989583333333336,6.976744186046512
295281241#0,6360,0,120,40,0.6666666666666667,0.10364583333333366,6.432160804020081
295281241#0,6360,40,120,40,0.65625,0.083203125,7.887323943661972
295281241#0,6360,80,120,40,0.59375,0.0761933843411996,7.792671307802048
295281241#0,6480,0,120,40,0.7135416666666667,0.11728050595238096,6.0840602696272805
295281241#0,6480,40,120,40,0.6927083333333333,0.11486235119047619,6.03076923076923
295281241#0,6480,80,120,40,0.6979166666666667,0.1220238095238095,5.719512195121952
295281241#0,6600,0,120,40,0.6197916666666667,0.13802083333333331,4.49056603773585
295281241#0,6600,40,120,40,0.625,0.142578125,4.383561643835616
295281241#0,6600,80,120,40,0.6510416666666667,0.14713541666666669,4.424778761061947
295281241#0,6720,0,120,40,0.5677083333333333,0.16731770833333331,3.3929961089494163
295281241#0,6720,40,120,40,0.5520833333333333,0.15559895833333331,3.5481171548117154
295281241#0,6720,80,120,40,0.5520833333333333,0.1640625,3.3650793650793647
295281241#0,6840,0,120,40,0.140625,0.020833333333333336,6.749999999999999
295281241#0,6840,40,120,40,0.18229166666666669,0.022786458333333336,8.0
295281241#0,6840,80,120,40,0.21354166666666666,0.030598958333333332,6.9787234042553195
295281241#0,6960,0,120,40,0.16666666666666669,0.0234375,7.111111111111112
295281241#0,6960,40,120,40,0.16666666666666669,0.02101934523809524,7.929203539823009
295281241#0,6960,80,120,40,0.16666666666666669,0.021298363095238096,7.825327510917031
295281241#0,7080,0,120,40,0.0,0.0,8.0
295281241#0,7080,40,120,40,0.0,0.0,8.0
295281241#0,7080,80,120,40,0.0,0.0,8.0
295281241#6,0,0,120,40,0.04166666666666667,0.005208333333333334,8.0
295281241#6,120,0,120,40,0.08333333333333334,0.010416666666666664,8.000000000000004
295281241#6,240,0,120,40,0.125,0.015625000000000014,7.999999999999993
295281241#6,360,0,120,40,0.16666666666666669,0.020833333333333336,8.0
295281241#6,480,0,120,40,0.20833333333333334,0.026041666666666668,8.0
295281241#6,600,0,120,40,0.33333333333333337,0.0416666666666667,7.999999999999995
295281241#6,720,0,120,40,0.5416666666666667,0.07291666666666666,7.428571428571431
295281241#6,840,0,120,40,0.33333333333333337,0.0453125,7.356321839080461
295281241#6,960,0,120,40,0.27291666666666664,0.039322916666666666,6.940397350993377
295281241#6,1080,0,120,40,0.5760416666666667,0.12708333333333321,4.532786885245906
295281241#6,1200,0,120,40,0.35595238095238096,0.047098214285714216,7.5576619273301855
295281241#6,1320,0,120,40,0.25342261904761904,0.03167782738095241,7.999999999999993
295281241#6,1440,0,120,40,0.20833333333333334,0.026041666666666748,7.999999999999975
295281241#6,1560,0,120,40,0.20833333333333334,0.026041666666666935,7.999999999999918
295281241#6,1680,0,120,40,0.20833333333333334,0.026041666666666748,7.999999999999975
295281241#6,1800,0,120,40,0.5416666666666667,0.06770833333333331,8.000000000000004
295281241#6,1920,0,120,40,0.5,0.06250000000000008,7.999999999999989
295281241#6,2040,0,120,40,0.4583333333333333,0.05963541666666624,7.685589519650709
295281241#6,2160,0,120,40,0.36770833333333336,0.051171874999999846,7.1857506361323376
295281241#6,2280,0,120,40,0.6427083333333333,0.08294270833333253,7.748822605965538
295281241#6,2400,0,120,40,0.28125,0.03521412037037037,7.986852917009039
295281241#6,2520,0,120,40,0.20833333333333334,0.026041666666666668,8.0
295281241#6,2640,0,120,40,0.671875,0.09140625,7.350427350427351
295281241#6,2760,0,120,40,0.453125,0.08450520833333333,5.362095531587057
295281241#6,2880,0,120,40,0.7208333333333333,0.10520833333333332,6.851485148514852
295281241#6,3000,0,120,40,0.4041666666666667,0.083203125,4.857589984350548
295281241#6,3120,0,120,40,0.39895833333333336,0.04986979166666667,8.0
295281241#6,3240,0,120,40,0.6427083333333333,0.08463541666666673,7.593846153846148
295281241#6,3360,0,120,40,0.4166666666666667,0.05208333333333317,8.000000000000025
295281241#6,3480,0,120,40,0.38020833333333337,0.047526041666666324,8.000000000000059
295281241#6,3600,0,120,40,0.36979166666666663,0.046223958333333204,8.000000000000021
295281241#6,3720,0,120,40,0.253125,0.031640625,8.0
295281241#6,3840,0,120,40,0.371875,0.046484375,8.0
295281241#6,3960,0,120,40,0.28125,0.035156250000000125,7.999999999999972
295281241#6,4080,0,120,40,0.8489583333333334,0.13947649572649573,6.086748372271161
295281241#6,4200,0,120,40,0.22916666666666666,0.028645833333333332,8.0
295281241#6,4320,0,120,40,0.515625,0.06445312500000064,7.999999999999921
295281241#6,4440,0,120,40,0.29166666666666663,0.03645833333333365,7.99999999999993
295281241#6,4560,0,120,40,0.25,0.031250000000000625,7.99999999999984
295281241#6,4680,0,120,40,0.33333333333333337,0.04166666666666667,8.0
295281241#6,4800,0,120,40,0.16666666666666669,0.020833333333333336,8.0
295281241#6,4920,0,120,40,0.5416666666666667,0.0938802083333332,5.769764216366167
295281241#6,5040,0,120,40,0.125,0.015625,8.0
295281241#6,5160,0,120,40,0.33333333333333337,0.046223958333333606,7.211267605633761
295281241#6,5280,0,120,40,0.375,0.046875000000001193,7.999999999999797
295281241#6,5400,0,120,40,0.08333333333333334,0.010416666666666668,8.0
295281241#6,5520,0,120,40,0.125,0.01562500000000009,7.999999999999954
295281241#6,5640,0,120,40,0.16666666666666669,0.020833333333333336,8.0
295281241#6,5760,0,120,40,0.375,0.04687499999999986,8.000000000000023
295281241#6,5880,0,120,40,0.25,0.03125,8.0
295281241#6,6000,0,120,40,0.3904761904761905,0.04880952380952406,7.999999999999959
295281241#6,6120,0,120,40,0.8491071428571428,0.12306547619047592,6.899637243047174
295281241#6,6240,0,120,40,0.6,0.07890625,7.603960396039604
295281241#6,6360,0,120,40,0.4104166666666667,0.0513020833333336,7.999999999999959
295281241#6,6480,0,120,40,0.5833333333333333,0.07708333333333359,7.567567567567542
295281241#6,6600,0,120,40,0.08333333333333334,0.010416666666666668,8.0
295281241#6,6720,0,120,40,0.4166666666666667,0.0521036996002782,7.996872964169361
295281241#6,6840,0,120,40,0.16666666666666669,0.020833333333333873,7.999999999999794
295281241#6,6960,0,120,40,0.04166666666666667,0.005208333333333334,8.0
295281241#6,7080,0,120,40,0.04166666666666667,0.005208333333333378,7.9999999999999325
295281241#9,0,0,120,40,0.0,0.0,8.0
295281241#9,120,0,120,40,0.08333333333333334,0.010416666666666664,8.000000000000004
295281241#9,240,0,120,40,0.0829861111111111,0.010373263888888887,8.0
295281241#9,360,0,120,40,0.14791666666666667,0.02630208333333333,5.623762376237624
295281241#9,480,0,120,40,0.12083333333333332,0.015104166666666665,8.0
295281241#9,600,0,120,40,0.23125,0.02890624999999996,8.00000000000001
295281241#9,720,0,120,40,0.5833333333333333,0.07291666666666666,8.0
295281241#9,840,0,120,40,0.4583333333333333,0.057291666666666664,8.0
295281241#9,960,0,120,40,0.20833333333333334,0.026041666666666668,8.0
295281241#9,1080,0,120,40,0.4666666666666667,0.09583333333333334,4.869565217391304
295281241#9,1200,0,120,40,0.2,0.024999999999999863,8.000000000000044
295281241#9,1320,0,120,40,0.221875,0.027734375000000068,7.99999999999998
295281241#9,1440,0,120,40,0.11145833333333333,0.013932291666666666,8.0
295281241#9,1560,0,120,40,0.20833333333333334,0.026041666666666803,7.999999999999958
295281241#9,1680,0,120,40,0.125,0.015625000000000076,7.999999999999961
295281241#9,1800,0,120,40,0.3,0.0375,8.0
295281241#9,1920,0,120,40,0.4915178571428571,0.06143973214285714,8.0
295281241#9,2040,0,120,40,0.4583333333333333,0.05729166666666624,8.000000000000059
295281241#9,2160,0,120,40,0.4583333333333333,0.06853298611111094,6.687777074097546
295281241#9,2280,0,120,40,0.5833333333333333,0.07813960280373752,7.465271288855741
295281241#9,2400,0,120,40,0.33333333333333337,0.0416900373931624,7.995515335949388
295281241#9,2520,0,120,40,0.125,0.015625,8.0
295281241#9,2640,0,120,40,0.315625,0.039453125,8.0
295281241#9,2760,0,120,40,0.23020833333333335,0.02877604166666667,8.0
295281241#9,2880,0,120,40,0.4958333333333333,0.06197916666666666,8.0
295281241#9,3000,0,120,40,0.5416666666666667,0.06770833333333334,8.0
295281241#9,3120,0,120,40,0.26666666666666666,0.03333333333333333,8.0
295281241#9,3240,0,120,40,0.6083333333333333,0.0884114583333334,6.8807069219440296
295281241#9,3360,0,120,40,0.29166666666666663,0.036458333333333176,8.000000000000034
295281241#9,3480,0,120,40,0.375,0.04687499999999984,8.000000000000027
295281241#9,3600,0,120,40,0.45798611111111115,0.057248263888888894,8.0
295281241#9,3720,0,120,40,0.25,0.03359375,7.441860465116279
295281241#9,3840,0,120,40,0.05520833333333334,0.006901041666666667,8.0
295281241#9,3960,0,120,40,0.24166666666666664,0.03476562500000012,6.951310861423196
295281241#9,4080,0,120,40,0.7447916666666667,0.10377604166666668,7.1769134253450435
295281241#9,4200,0,120,40,0.16666666666666669,0.020833333333333336,8.0
295281241#9,4320,0,120,40,0.4583333333333333,0.057291666666666664,8.0
295281241#9,4440,0,120,40,0.33333333333333337,0.041666666666667296,7.99999999999988
295281241#9,4560,0,120,40,0.20833333333333334,0.026041666666667296,7.999999999999807
295281241#9,4680,0,120,40,0.29166666666666663,0.04807024572649573,6.067509376302263
295281241#9,4800,0,120,40,0.125,0.015625,8.0
295281241#9,4920,0,120,40,0.6666666666666667,0.08337928921568613,7.995590666911644
295281241#9,5040,0,120,40,0.08333333333333334,0.010416666666666668,8.0
295281241#9,5160,0,120,40,0.29166666666666663,0.04635416666666694,6.292134831460636
295281241#9,5280,0,120,40,0.44375,0.060677083333334283,7.313304721029928
295281241#9,5400,0,120,40,0.09756944444444443,0.012196180555555554,8.0
295281241#9,5520,0,120,40,0.08333333333333334,0.010416666666666668,8.0
295281241#9,5640,0,120,40,0.20833333333333334,0.026041666666666748,7.999999999999975
295281241#9,5760,0,120,40,0.28541666666666665,0.08437499999999987,3.3827160493827213
295281241#9,5880,0,120,40,0.29791666666666666,0.04088541666666667,7.286624203821656
295281241#9,6000,0,120,40,0.25,0.03125,8.0
295281241#9,6120,0,120,40,0.6270833333333333,0.11884191176470575,5.2766176849703585
295281241#9,6240,0,120,40,0.8729166666666666,0.127734375,6.833843017329254
295281241#9,6360,0,120,40,0.33333333333333337,0.04531250000000027,7.356321839080417
295281241#9,6480,0,120,40,0.5,0.0625,8.0
295281241#9,6600,0,120,40,0.04166666666666667,0.005208333333333334,8.0
295281241#9,6720,0,120,40,0.16666666666666669,0.020833333333333603,7.999999999999898
295281241#9,6840,0,120,40,0.05520833333333334,0.006901041666666936,7.999999999999688
295281241#9,6960,0,120,40,0.028125,0.003515625,8.0
295281241#9,7080,0,120,40,0.04166666666666667,0.005208333333333378,7.9999999999999325
295281481#0,0,0,120,70,0.4529761904761905,0.03235544217687076,13.999999999999995
295281481#0,120,0,120,70,0.6720238095238095,0.048045852956567235,13.987134542731699
295281481#0,240,0,120,70,0.5833333333333334,0.04665275200989491,12.503728251864116
295281481#0,360,0,120,70,0.6666666666666666,0.04761904761904758,14.00000000000001
295281481#0,480,0,120,70,0.45833333333333337,0.03276722726127493,13.987553163370718
295281481#0,600,0,120,70,0.32916666666666666,0.023511904761904765,13.999999999999998
295281481#0,720,0,120,70,0.7541666666666667,0.05393792517006803,13.982122306127918
295281481#0,840,0,120,70,0.4416666666666667,0.0315476190476189,14.000000000000066
295281481#0,960,0,120,70,0.14166666666666666,0.01011904761904762,13.999999999999998
295281481#0,1080,0,120,70,0.125,0.008928571428571482,13.999999999999917
295281481#0,1200,0,120,70,0.7083333333333334,0.05063939037153314,13.987793457551613
295281481#0,1320,0,120,70,0.8800595238095238,0.06294930252802877,13.980449162525176
295281481#0,1440,0,120,70,1.1205357142857142,0.08016113978195827,13.978540192088328
295281481#0,1560,0,120,70,0.825,0.17240973312401875,4.785112679262466
295281481#0,1680,0,120,70,0.7846726190476191,0.05604804421768698,14.000000000000025
295281481#0,1800,0,120,70,0.6809523809523809,0.048663215286114524,13.99316458948989
295281481#0,1920,0,120,70,0.5004464285714286,0.0357461734693879,13.999999999999943
295281481#0,2040,0,120,70,0.6630952380952381,0.04736394557823133,13.99999999999999
295281481#0,2160,0,120,70,0.7732142857142857,0.05522959183673509,13.999999999999899
295281481#0,2280,0,120,70,0.7303571428571428,0.05223794063079737,13.981354051054492
295281481#0,2400,0,120,70,0.9583333333333333,0.06849653322867622,13.990975720390548
295281481#0,2520,0,120,70,0.6630952380952381,0.0474695807810298,13.968845462402522
295281481#0,2640,0,120,70,0.6797619047619048,0.05119226116773897,13.278606751410432
295281481#0,2760,0,120,70,0.2857142857142857,0.19416454081632573,1.4715059944161664
295281481#0,2880,0,120,70,0.9547619047619047,0.18416710352851656,5.184215239688931
295281481#0,3000,0,120,70,0.8233630952380953,0.08571844952823472,9.605436166538318
295281481#0,3120,0,120,70,0.3849702380952381,0.027497874149659485,14.000000000000194
295281481#0,3240,0,120,70,0.5,0.035714285714286,13.99999999999989
295281481#0,3360,0,120,70,0.625,0.044712430426716104,13.978215767634866
295281481#0,3480,0,120,70,1.0398809523809525,0.07674215190115403,13.550323083464576
295281481#0,3600,0,120,70,0.29345238095238096,0.02096088435374152,13.999999999999984
295281481#0,3720,0,120,70,0.041666666666666664,0.00297619047619044,14.000000000000169
295281481#0,3840,0,120,70,0.125,0.008928571428571468,13.999999999999938
295281481#0,3960,0,120,70,0.25,0.017926716141001532,13.945666235446565
295281481#0,4080,0,120,70,0.45833333333333337,0.0327380952380944,14.000000000000359
295281481#0,4200,0,120,70,0.20833333333333334,0.014880952380952278,14.000000000000098
295281481#0,4320,0,120,70,0.3259920634920635,0.023285147392289558,14.000000000000416
295281481#0,4440,0,120,70,0.317609126984127,0.02268636621315218,13.999999999999845
295281481#0,4560,0,120,70,0.35639880952380953,0.025457057823129483,13.999999999999874
295281481#0,4680,0,120,70,0.6666666666666666,0.047619047619047984,13.999999999999892
295281481#0,4800,0,120,70,0.5416666666666666,0.03877878074306733,13.96812009783219
295281481#0,4920,0,120,70,0.4166666666666667,0.02976190476190507,13.999999999999856
295281481#0,5040,0,120,70,0.0,0.0,14.0
295281481#0,5160,0,120,70,0.3333333333333333,0.02380952380952414,13.999999999999805
295281481#0,5280,0,120,70,0.6663690476190477,0.04759778911564603,14.00000000000007
295281481#0,5400,0,120,70,0.7083333333333334,0.05059523809523899,13.999999999999753
295281481#0,5520,0,120,70,0.0,0.0,14.0
295281481#0,5640,0,120,70,0.20833333333333334,0.014880952380952401,13.999999999999982
295281481#0,5760,0,120,70,0.5833333333333334,0.04172965482489266,13.97886792452839
295281481#0,5880,0,120,70,0.5,0.03571428571428727,13.99999999999939
295281481#0,6000,0,120,70,0.4166666666666667,0.029761904761905367,13.999999999999716
295281481#0,6120,0,120,70,0.4511904761904762,0.03222789115646192,14.000000000000288
295281481#0,6240,0,120,70,0.6738095238095237,0.048129251700678666,14.000000000000465
295281481#0,6360,0,120,70,0.375,0.02678571428571374,14.000000000000286
295281481#0,6480,0,120,70,0.6666666666666666,0.047720401641725925,13.970265205893497
295281481#0,6600,0,120,70,0.16666666666666666,0.011904761904762301,13.999999999999533
295281481#0,6720,0,120,70,0.4690476190476191,0.03357227891156504,13.971277323269248
295281481#0,6840,0,120,70,0.4875,0.034900342712842924,13.968344208282105
295281481#0,6960,0,120,70,0.3767857142857143,0.02691326530612265,13.999999999999895
295281481#0,7080,0,120,70,0.20833333333333334,0.014880952380952151,14.000000000000217
31029328#0,0,0,120,70,0.20833333333333334,0.015054518642900194,13.838591473768885
31029328#0,120,0,120,70,0.5438988095238095,0.041842599108608894,12.998686054660148
31029328#0,240,0,120,70,0.2061011904761905,0.014721513605442141,14.000000000000036
31029328#0,360,0,120,70,0.625,0.044642857142857116,14.000000000000009
31029328#0,480,0,120,70,0.25,0.017857142857142846,14.000000000000009
31029328#0,600,0,120,70,0.9837797619047618,0.07544288548752853,13.04006011365234
31029328#0,720,0,120,70,0.9745535714285715,0.06963336095859689,13.99549810626014
31029328#0,840,0,120,70,1.2101190476190475,0.08670566839214203,13.956631325948216
31029328#0,960,0,120,70,0.9672619047619047,0.0792390429454226,12.206885252616248
31029328#0,1080,0,120,70,1.0726190476190476,0.07661564625850309,14.000000000000057
31029328#0,1200,0,120,70,0.20833333333333334,0.01488095238095214,14.000000000000227
31029328#0,1320,0,120,70,0.3333333333333333,0.023809523809523774,14.00000000000002
31029328#0,1440,0,120,70,0.0014880952380952382,0.00010629251700674471,14.000000000007642
31029328#0,1560,0,120,70,0.4985119047619048,0.03560799319727876,14.00000000000006
31029328#0,1680,0,120,70,0.375,0.026785714285714357,13.999999999999963
31029328#0,1800,0,120,70,0.25,0.017857142857142873,13.999999999999988
31029328#0,1920,0,120,70,0.5416666666666666,0.03869047619047558,14.00000000000022
31029328#0,2040,0,120,70,0.5833333333333334,0.04166666666666688,13.999999999999929
31029328#0,2160,0,120,70,0.2916666666666667,0.020833333333333526,13.99999999999987
31029328#0,2280,0,120,70,0.4166666666666667,0.03205782312925188,12.99734748010603
31029328#0,2400,0,120,70,1.1238095238095238,0.08040466186474654,13.976919966406308
31029328#0,2520,0,120,70,0.7910714285714285,0.05957284553165543,13.279060644351363
31029328#0,2640,0,120,70,0.2755952380952381,0.019732893157262673,13.96628643852995
31029328#0,2760,0,120,70,0.7261904761904763,0.05187074829931987,13.999999999999964
31029328#0,2880,0,120,70,0.2916666666666667,0.020833333333333315,14.000000000000014
31029328#0,3000,0,120,70,1.0416666666666667,0.1710034013605439,6.091496767777237
31029328#0,3120,0,120,70,1.0739583333333333,0.08376913265306118,12.820454257073981
31029328#0,3240,0,120,70,0.759375,0.0542410714285717,13.99999999999993
31029328#0,3360,0,120,70,0.375,0.02678571428571473,13.999999999999769
31029328#0,3480,0,120,70,0.5,0.03801020408163282,13.154362416107325
31029328#0,3600,0,120,70,1.0083333333333333,0.0721117175410941,13.98293325573222
31029328#0,3720,0,120,70,0.7,0.0526643990929714,13.29171151776081
31029328#0,3840,0,120,70,0.5047619047619047,0.03605442176870733,14.000000000000059
31029328#0,3960,0,120,70,0.731200396825397,0.16156816893424006,4.525646367404233
31029328#0,4080,0,120,70,0.6390376984126984,0.045645549886621346,13.999999999999991
31029328#0,4200,0,120,70,0.3333333333333333,0.023809523809524415,13.999999999999643
31029328#0,4320,0,120,70,0.20833333333333334,0.014957757296466851,13.928112965340294
31029328#0,4440,0,120,70,0.7017857142857142,0.05021474691571591,13.975689561149089
31029328#0,4560,0,120,70,0.9232142857142858,0.07848836162112603,11.762435431774794
31029328#0,4680,0,120,70,0.8273809523809523,0.06400226757369727,12.927369353409869
31029328#0,4800,0,120,70,0.8809523809523809,0.06978349031920578,12.624080236209188
31029328#0,4920,0,120,70,0.8476190476190476,0.06054421768707626,13.99999999999967
31029328#0,5040,0,120,70,0.5273809523809524,0.05364873222016095,9.830259365994207
31029328#0,5160,0,120,70,0.20833333333333334,0.014880952380953296,13.99999999999914
31029328#0,5280,0,120,70,0.3333333333333333,0.023809523809524655,13.999999999999503
31029328#0,5400,0,120,70,0.25,0.017857142857143415,13.999999999999563
31029328#0,5520,0,120,70,0.3333333333333333,0.023809523809524658,13.9999999999995
31029328#0,5640,0,120,70,0.08482142857142858,0.006058673469387833,13.99999999999982
31029328#0,5760,0,120,70,0.33184523809523814,0.023703231292517127,13.99999999999993
31029328#0,5880,0,120,70,0.5285714285714286,0.03797991642893802,13.917129848360972
31029328#0,6000,0,120,70,0.7333333333333334,0.05256102440976492,13.95203654358557
31029328#0,6120,0,120,70,0.4880952380952381,0.03486394557823176,13.999999999999812
31029328#0,6240,0,120,70,0.25,0.017857142857143356,13.99999999999961
31029328#0,6360,0,120,70,0.8333333333333334,0.07806122448979694,10.67538126361642
31029328#0,6480,0,120,70,0.2916666666666667,0.020833333333333353,13.999999999999988
31029328#0,6600,0,120,70,0.42797619047619045,0.030712284913967356,13.935016286644148
31029328#0,6720,0,120,70,0.48869047619047623,0.034906462585034014,14.000000000000002
31029328#0,6840,0,120,70,0.2916666666666667,0.020833333333333644,13.999999999999792
31029328#0,6960,0,120,70,0.20833333333333334,0.014880952380951972,14.000000000000385
31029328#0,7080,0,120,70,0.08333333333333333,0.005952380952381399,13.99999999999895
43802775,0,0,120,15,0.08333333333333333,0.031878306878306895,2.614107883817426
43802775,0,15,120,15,0.08333333333333333,0.02777777777777778,2.9999999999999996
43802775,0,30,120,15,0.07103174603174603,0.023677248677248675,3.0
43802775,0,45,120,15,0.041666666666666664,0.01388888888888889,2.9999999999999996
43802775,0,60,120,15,0.041666666666666664,0.0138888888888889,2.9999999999999973
43802775,120,0,120,15,0.16666666666666666,0.05555555555555553,3.0000000000000013
43802775,120,15,120,15,0.16666666666666666,0.05555555555555556,2.9999999999999996
43802775,120,30,120,15,0.1410714285714286,0.047023809523809516,3.000000000000001
43802775,120,45,120,15,0.16666666666666666,0.05555555555555556,2.9999999999999996
43802775,120,60,120,15,0.15654761904761907,0.053710853710853684,2.9146365814696504
43802775,240,0,120,15,0.125,0.049669312169312224,2.5166444740346177
43802775,240,15,120,15,0.125,0.041666666666666664,3.0
43802775,240,30,120,15,0.1628968253968254,0.05429894179894179,3.0000000000000004
43802775,240,45,120,15,0.16666666666666666,0.05555555555555556,2.9999999999999996
43802775,240,60,120,15,0.17678571428571427,0.058928571428571434,2.9999999999999996
43802775,360,0,120,15,0.16666666666666666,0.08134920634920631,2.048780487804879
43802775,360,15,120,15,0.15476190476190474,0.051587301587301584,2.9999999999999996
43802775,360,30,120,15,0.125,0.041666666666666664,3.0
43802775,360,45,120,15,0.125,0.04166666666666666,3.000000000000001
43802775,360,60,120,15,0.09920634920634923,0.03306878306878306,3.0000000000000013
43802775,480,0,120,15,0.21607142857142855,0.10310846560846566,2.0955740859525323
43802775,480,15,120,15,0.22023809523809526,0.0734126984126984,3.000000000000001
43802775,480,30,120,15,0.25,0.08333333333333333,3.0
43802775,480,45,120,15,0.25,0.08333333333333333,3.0
43802775,480,60,120,15,0.2757936507936508,0.09193121693121697,2.9999999999999987
43802775,600,0,120,15,0.3255952380952381,0.15529100529100534,2.0966780238500844
43802775,600,15,120,15,0.3333333333333333,0.11111111111111112,2.9999999999999996
43802775,600,30,120,15,0.3333333333333333,0.11111111111111112,2.9999999999999996
43802775,600,45,120,15,0.3333333333333333,0.11111111111111112,2.9999999999999996
43802775,600,60,120,15,0.3333333333333333,0.11111111111111077,3.000000000000009
43802775,720,0,120,15,0.08333333333333333,0.02777777777777796,2.99999999999998
43802775,720,15,120,15,0.08333333333333333,0.02777777777777778,2.9999999999999996
43802775,720,30,120,15,0.08333333333333333,0.02777777777777778,2.9999999999999996
43802775,720,45,120,15,0.08333333333333333,0.02777777777777778,2.9999999999999996
43802775,720,60,120,15,0.08333333333333333,0.027777777777777807,2.9999999999999964
43802775,840,0,120,15,0.16666666666666666,0.06481481481481484,2.5714285714285703
43802775,840,15,120,15,0.1388888888888889,0.046296296296296294,3.0000000000000004
43802775,840,30,120,15,0.125,0.041666666666666664,3.0
43802775,840,45,120,15,0.125,0.041666666666666664,3.0
43802775,840,60,120,15,0.08333333333333333,0.02777777777777785,2.999999999999992
43802775,960,0,120,15,0.16666666666666666,0.062235449735449595,2.678002125398518
43802775,960,15,120,15,0.19444444444444445,0.06481481481481481,3.0
43802775,960,30,120,15,0.1882936507936508,0.06276455026455027,2.9999999999999996
43802775,960,45,120,15,0.16666666666666666,0.05555555555555556,2.9999999999999996
43802775,960,60,120,15,0.20833333333333334,0.07764155693843199,2.6832709382494353
43802775,1080,0,120,15,0.041666666666666664,0.01388888888888889,2.9999999999999996
43802775,1080,15,120,15,0.041666666666666664,0.01388888888888889,2.9999999999999996
43802775,1080,30,120,15,0.0617063492063492,0.02056878306878307,2.9999999999999996
43802775,1080,45,120,15,0.08333333333333333,0.027777777777777783,2.999999999999999
43802775,1080,60,120,15,0.08333333333333333,0.02777777777777764,3.0000000000000147
43802775,1200,0,120,15,0.041666666666666664,0.013888888888888621,3.0000000000000577
43802775,1200,15,120,15,0.041666666666666664,0.01388888888888889,2.9999999999999996
43802775,1200,30,120,15,0.041666666666666664,0.01388888888888889,2.9999999999999996
43802775,1200,45,120,15,0.041666666666666664,0.01388888888888889,2.9999999999999996
43802775,1200,60,120,15,0.041666666666666664,0.013888888888888945,2.9999999999999876
43802775,1320,0,120,15,0.0,0.0,3.0
43802775,1320,15,120,15,0.0,0.0,3.0
43802775,1320,30,120,15,0.0,0.0,3.0
43802775,1320,45,120,15,0.0,0.0,3.0
43802775,1320,60,120,15,0.0,0.0,3.0
43802775,1440,0,120,15,0.2916666666666667,0.12499999999999974,2.3333333333333384
43802775,1440,15,120,15,0.2777777777777778,0.09259259259259259,3.0000000000000004
43802775,1440,30,120,15,0.25,0.08333333333333333,3.0
43802775,1440,45,120,15,0.25,0.08333333333333333,3.0
43802775,1440,60,120,15,0.22222222222222224,0.07407407407407432,2.9999999999999902
43802775,1560,0,120,15,0.08333333333333333,0.027777777777777953,2.999999999999981
43802775,1560,15,120,15,0.09722222222222222,0.032407407407407406,3.0
43802775,1560,30,120,15,0.125,0.041666666666666664,3.0
43802775,1560,45,120,15,0.125,0.041666666666666664,3.0
43802775,1560,60,120,15,0.15277777777777776,0.05092592592592617,2.9999999999999853
43802775,1680,0,120,15,0.041666666666666664,0.013888888888888708,3.000000000000039
43802775,1680,15,120,15,0.041666666666666664,0.01388888888888889,2.9999999999999996
43802775,1680,30,120,15,0.041666666666666664,0.01388888888888889,2.9999999999999996
43802775,1680,45,120,15,0.041666666666666664,0.01388888888888889,2.9999999999999996
43802775,1680,60,120,15,0.041666666666666664,0.013888888888888866,3.000000000000005
43802775,1800,0,120,15,0.1335813492063492,0.05841600529100535,2.2867251627512006
43802775,1800,15,120,15,0.125,0.041666666666666664,3.0
43802775,1800,30,120,15,0.125,0.041666666666666664,3.0
43802775,1800,45,120,15,0.125,0.041666666666666664,3.0
43802775,1800,60,120,15,0.125,0.04166666666666686,2.9999999999999862
43802775,1920,0,120,15,0.03308531746031747,0.011028439153439156,3.0
43802775,1920,15,120,15,0.041666666666666664,0.013888888888888892,2.999999999999999
43802775,1920,30,120,15,0.041666666666666664,0.01388888888888889,2.9999999999999996
43802775,1920,45,120,15,0.041666666666666664,0.01388888888888889,2.9999999999999996
43802775,1920,60,120,15,0.041666666666666664,0.013888888888888635,3.0000000000000546
43802775,2040,0,120,15,0.041666666666666664,0.01388888888888889,2.9999999999999996
43802775,2040,15,120,15,0.041666666666666664,0.01388888888888889,2.9999999999999996
43802775,2040,30,120,15,0.041666666666666664,0.01388888888888889,2.9999999999999996
43802775,2040,45,120,15,0.041666666666666664,0.01388888888888889,2.9999999999999996
43802775,2040,60,120,15,0.041666666666666664,0.01388888888888889,2.9999999999999996
43802775,2160,0,120,15,0.0,0.0,3.0
43802775,2160,15,120,15,0.0,0.0,3.0
43802775,2160,30,120,15,0.0,0.0,3.0
43802775,2160,45,120,15,0.0,0.0,3.0
43802775,2160,60,120,15,0.0,0.0,3.0
43802775,2280,0,120,15,0.2916666666666667,0.13293650793650888,2.194029850746253
43802775,2280,15,120,15,0.2916666666666667,0.09722222222222222,3.0
43802775,2280,30,120,15,0.2845238095238095,0.09484126984126985,2.9999999999999996
43802775,2280,45,120,15,0.25,0.08333333333333333,3.0
43802775,2280,60,120,15,0.25,0.08333333333333372,2.9999999999999862
43802775,2400,0,120,15,0.0,0.0,3.0
43802775,2400,15,120,15,0.0,0.0,3.0
43802775,2400,30,120,15,0.0071428571428571366,0.002380952380952379,3.0
43802775,2400,45,120,15,0.041666666666666664,0.01388888888888889,2.9999999999999996
43802775,2400,60,120,15,0.041666666666666664,0.013888888888888803,3.000000000000018
43802775,2520,0,120,15,0.125,0.05092592592592629,2.454545454545437
43802775,2520,15,120,15,0.09722222222222222,0.032407407407407406,3.0
43802775,2520,30,120,15,0.08333333333333333,0.02777777777777778,2.9999999999999996
43802775,2520,45,120,15,0.08333333333333333,0.02777777777777778,2.9999999999999996
43802775,2520,60,120,15,0.041666666666666664,0.013888888888888945,2.9999999999999876
43802775,2640,0,120,15,0.08333333333333333,0.032407407407407406,2.5714285714285716
43802775,2640,15,120,15,0.11111111111111112,0.03703703703703704,3.0
43802775,2640,30,120,15,0.125,0.041666666666666664,3.0
43802775,2640,45,120,15,0.125,0.041666666666666664,3.0
43802775,2640,60,120,15,0.16666666666666666,0.05555555555555517,3.0000000000000204
43802775,2760,0,120,15,0.16666666666666666,0.13796296296296295,1.2080536912751678
43802775,2760,15,120,15,0.16666666666666666,0.13796296296296298,1.2080536912751676
43802775,2760,30,120,15,0.1277777777777778,0.0425925925925926,3.0
43802775,2760,45,120,15,0.125,0.12407407407407409,1.007462686567164
43802775,2760,60,120,15,0.11388888888888889,0.03796296296296334,2.9999999999999702
43802775,2880,0,120,15,0.20833333333333334,0.08796296296296297,2.368421052631579
43802775,2880,15,120,15,0.18055555555555555,0.06018518518518519,2.9999999999999996
43802775,2880,30,120,15,0.20555555555555557,0.0685185185185185,3.000000000000001
43802775,2880,45,120,15,0.20833333333333334,0.09259259259259259,2.2500000000000004
43802775,2880,60,120,15,0.17777777777777776,0.06666666666666667,2.6666666666666665
43802775,3000,0,120,15,0.041666666666666664,0.01851851851851852,2.2499999999999996
43802775,3000,15,120,15,0.06944444444444445,0.023148148148148147,3.0000000000000004
43802775,3000,30,120,15,0.08333333333333333,0.02777777777777778,2.9999999999999996
43802775,3000,45,120,15,0.08333333333333333,0.02777777777777778,2.9999999999999996
43802775,3000,60,120,15,0.125,0.04166666666666629,3.000000000000027
43802775,3120,0,120,15,0.08333333333333333,0.0277777777777776,3.000000000000019
43802775,3120,15,120,15,0.08333333333333333,0.02777777777777778,2.9999999999999996
43802775,3120,30,120,15,0.08333333333333333,0.02777777777777778,2.9999999999999996
43802775,3120,45,120,15,0.08333333333333333,0.02777777777777778,2.9999999999999996
43802775,3120,60,120,15,0.08333333333333333,0.027777777777778314,2.999999999999942
43802775,3240,0,120,15,0.044642857142857144,0.01488095238095148,3.0000000000001816
43802775,3240,15,120,15,0.041666666666666664,0.013888888888888888,3.0
43802775,3240,30,120,15,0.041666666666666664,0.01388888888888889,2.9999999999999996
43802775,3240,45,120,15,0.029761904761904764,0.00992063492063492,3.0000000000000004
43802775,3240,60,120,15,0.0,0.0,3.0
43802775,3360,0,120,15,0.16369047619047622,0.06283068783068874,2.6052631578947
43802775,3360,15,120,15,0.16666666666666666,0.07944775132275132,2.097814776274714
43802775,3360,30,120,15,0.13273809523809524,0.04613743955849219,2.8770147738652105
43802775,3360,45,120,15,0.1369047619047619,0.10399483557378295,1.3164573139560358
43802775,3360,60,120,15,0.16666666666666666,0.05978392952077162,2.787817194397688
43802775,3480,0,120,15,0.20833333333333334,0.10462962962962957,1.9911504424778772
43802775,3480,15,120,15,0.20833333333333334,0.09378306878306879,2.2214386459802538
43802775,3480,30,120,15,0.24226190476190473,0.08075396825396826,2.9999999999999996
43802775,3480,45,120,15,0.25,0.13796296296296298,1.8120805369127515
43802775,3480,60,120,15,0.25,0.0833333333333338,2.999999999999983
43802775,3600,0,120,15,0.1388888888888889,0.05555555555555466,2.5000000000000404
43802775,3600,15,120,15,0.125,0.041666666666666664,3.0
43802775,3600,30,120,15,0.125,0.04166666666666667,2.9999999999999996
43802775,3600,45,120,15,0.08333333333333333,0.027777777777777776,3.0
43802775,3600,60,120,15,0.08333333333333333,0.02783948507632679,2.9933503836317557
43802775,3720,0,120,15,0.06944444444444445,0.023148148148148147,3.0000000000000004
43802775,3720,15,120,15,0.08333333333333333,0.0638888888888889,1.3043478260869563
43802775,3720,30,120,15,0.08333333333333333,0.02777777777777778,2.9999999999999996
43802775,3720,45,120,15,0.125,0.07777777777777778,1.6071428571428572
43802775,3720,60,120,15,0.125,0.04166666666666671,2.999999999999997
43802775,3840,0,120,15,0.125,0.04166666666666558,3.000000000000078
43802775,3840,15,120,15,0.125,0.041666666666666664,3.0
43802775,3840,30,120,15,0.125,0.04166666666666667,2.9999999999999996
43802775,3840,45,120,15,0.125,0.041666666666666664,3.0
43802775,3840,60,120,15,0.125,0.0416666666666661,3.000000000000041
43802775,3960,0,120,15,0.125,0.041666666666666116,3.0000000000000395
43802775,3960,15,120,15,0.08333333333333333,0.02777777777777778,2.9999999999999996
43802775,3960,30,120,15,0.08333333333333333,0.02777777777777778,2.9999999999999996
43802775,3960,45,120,15,0.08333333333333333,0.02777777777777778,2.9999999999999996
43802775,3960,60,120,15,0.041666666666666664,0.01618265775105398,2.5747727788380685
43802775,4080,0,120,15,0.16666666666666666,0.06481481481481553,2.5714285714285428
43802775,4080,15,120,15,0.20833333333333334,0.07777777777777778,2.678571428571429
43802775,4080,30,120,15,0.20833333333333334,0.06944444444444445,3.0
43802775,4080,45,120,15,0.20833333333333334,0.07777777777777778,2.678571428571429
43802775,4080,60,120,15,0.25,0.08333333333333102,3.000000000000083
43802775,4200,0,120,15,0.125,0.04166666666666583,3.00000000000006
43802775,4200,15,120,15,0.125,0.041666666666666664,3.0
43802775,4200,30,120,15,0.125,0.041666666666666664,3.0
43802775,4200,45,120,15,0.125,0.041666666666666664,3.0
43802775,4200,60,120,15,0.125,0.04166666666666587,3.0000000000000573
43802775,4320,0,120,15,0.16666666666666666,0.06706349206349244,2.485207100591702
43802775,4320,15,120,15,0.15634920634920635,0.052116402116402116,3.0
43802775,4320,30,120,15,0.125,0.041666666666666664,3.0
43802775,4320,45,120,15,0.125,0.04166666666666667,2.9999999999999996
43802775,4320,60,120,15,0.10079365079365078,0.033597883597882475,3.0000000000001
43802775,4440,0,120,15,0.041666666666666664,0.01388888888888889,2.9999999999999996
43802775,4440,15,120,15,0.051984126984126994,0.017328042328042335,2.9999999999999996
43802775,4440,30,120,15,0.08333333333333333,0.029649081854964215,2.8106547697152595
43802775,4440,45,120,15,0.08333333333333333,0.030800653594771236,2.7055702917771884
43802775,4440,60,120,15,0.10753968253968256,0.04023692810457442,2.6726613488035307
43802775,4560,0,120,15,0.16666666666666666,0.06223544973545118,2.67800212539845
43802775,4560,15,120,15,0.16666666666666666,0.05555555555555556,2.9999999999999996
43802775,4560,30,120,15,0.16666666666666666,0.05555555555555556,2.9999999999999996
43802775,4560,45,120,15,0.16666666666666666,0.05555555555555556,2.9999999999999996
43802775,4560,60,120,15,0.16666666666666666,0.0610737290085103,2.728942040585774
43802775,4680,0,120,15,0.125,0.0517030423280439,2.4176527022704732
43802775,4680,15,120,15,0.125,0.04166666666666667,2.9999999999999996
43802775,4680,30,120,15,0.125,0.04166666666666667,2.9999999999999996
43802775,4680,45,120,15,0.094890873015873,0.031630291005291,3.0
43802775,4680,60,120,15,0.08333333333333333,0.02777777777777696,3.000000000000088
43802775,4800,0,120,15,0.0,0.0,3.0
43802775,4800,15,120,15,0.0,0.0,3.0
43802775,4800,30,120,15,0.0,0.0,3.0
43802775,4800,45,120,15,0.030109126984127006,0.010036375661375668,3.0
43802775,4800,60,120,15,0.041666666666666664,0.013888888888888553,3.0000000000000724
43802775,4920,0,120,15,0.125,0.041666666666666664,3.0
43802775,4920,15,120,15,0.125,0.041666666666666664,3.0
43802775,4920,30,120,15,0.125,0.041666666666666664,3.0
43802775,4920,45,120,15,0.125,0.041666666666666664,3.0
43802775,4920,60,120,15,0.125,0.0416666666666652,3.0000000000001057
43802775,5040,0,120,15,0.0,0.0,3.0
43802775,5040,15,120,15,0.0,0.0,3.0
43802775,5040,30,120,15,0.0,0.0,3.0
43802775,5040,45,120,15,0.0,0.0,3.0
43802775,5040,60,120,15,0.0,0.0,3.0
43802775,5160,0,120,15,0.16666666666666666,0.06944444444444445,2.4
43802775,5160,15,120,15,0.16666666666666666,0.05555555555555556,2.9999999999999996
43802775,5160,30,120,15,0.16666666666666666,0.05555555555555556,2.9999999999999996
43802775,5160,45,120,15,0.16666666666666666,0.05555555555555556,2.9999999999999996
43802775,5160,60,120,15,0.16666666666666666,0.05555555555555632,2.9999999999999583
43802775,5280,0,120,15,0.125,0.041666666666668344,2.999999999999879
43802775,5280,15,120,15,0.125,0.041666666666666664,3.0
43802775,5280,30,120,15,0.125,0.04166666666666666,3.000000000000001
43802775,5280,45,120,15,0.125,0.041666666666666664,3.0
43802775,5280,60,120,15,0.125,0.041666666666667344,2.999999999999951
43802775,5400,0,120,15,0.16666666666666666,0.05555555555555604,2.999999999999974
43802775,5400,15,120,15,0.16666666666666666,0.05555555555555556,2.9999999999999996
43802775,5400,30,120,15,0.16666666666666666,0.05555555555555556,2.9999999999999996
43802775,5400,45,120,15,0.16666666666666666,0.05555555555555555,3.0
43802775,5400,60,120,15,0.1665178571428571,0.055505952380952614,2.9999999999999867
43802775,5520,0,120,15,0.0,0.0,3.0
43802775,5520,15,120,15,0.0,0.0,3.0
43802775,5520,30,120,15,0.0,0.0,3.0
43802775,5520,45,120,15,0.0,0.0,3.0
43802775,5520,60,120,15,0.00014880952380952943,4.9603174603225323e-05,2.999999999997046
43802775,5640,0,120,15,0.08333333333333333,0.03703703703703704,2.2499999999999996
43802775,5640,15,120,15,0.08333333333333333,0.02777777777777778,2.9999999999999996
43802775,5640,30,120,15,0.08333333333333333,0.02777777777777778,2.9999999999999996
43802775,5640,45,120,15,0.08333333333333333,0.02777777777777778,2.9999999999999996
43802775,5640,60,120,15,0.08333333333333333,0.031144781144781145,2.6756756756756754
43802775,5760,0,120,15,0.041666666666666664,0.01388888888888889,2.9999999999999996
43802775,5760,15,120,15,0.041666666666666664,0.01388888888888889,2.9999999999999996
43802775,5760,30,120,15,0.041666666666666664,0.01388888888888889,2.9999999999999996
43802775,5760,45,120,15,0.041666666666666664,0.01388888888888889,2.9999999999999996
43802775,5760,60,120,15,0.041666666666666664,0.01388888888888889,2.9999999999999996
43802775,5880,0,120,15,0.08333333333333333,0.02777777777777742,3.0000000000000386
43802775,5880,15,120,15,0.08333333333333333,0.027777777777777776,3.0
43802775,5880,30,120,15,0.041666666666666664,0.01388888888888889,2.9999999999999996
43802775,5880,45,120,15,0.041666666666666664,0.013888888888888888,3.0
43802775,5880,60,120,15,0.041666666666666664,0.013888888888888498,3.0000000000000844
43802775,6000,0,120,15,0.20833333333333334,0.09722222222222222,2.142857142857143
43802775,6000,15,120,15,0.19444444444444445,0.06481481481481481,3.0
43802775,6000,30,120,15,0.20833333333333334,0.06944444444444445,3.0
43802775,6000,45,120,15,0.20833333333333334,0.06944444444444445,3.0
43802775,6000,60,120,15,0.18055555555555555,0.06018518518518596,2.9999999999999614
43802775,6120,0,120,15,0.041666666666666664,0.01388888888888889,2.9999999999999996
43802775,6120,15,120,15,0.05555555555555556,0.01851851851851852,3.0
43802775,6120,30,120,15,0.08333333333333333,0.02777777777777778,2.9999999999999996
43802775,6120,45,120,15,0.08333333333333333,0.02777777777777778,2.9999999999999996
43802775,6120,60,120,15,0.11111111111111112,0.037037037037037805,2.999999999999938
43802775,6240,0,120,15,0.0,0.0,3.0
43802775,6240,15,120,15,0.0,0.0,3.0
43802775,6240,30,120,15,0.0,0.0,3.0
43802775,6240,45,120,15,0.0,0.0,3.0
43802775,6240,60,120,15,0.0,0.0,3.0
43802775,6360,0,120,15,0.08333333333333333,0.02777777777777886,2.999999999999883
43802775,6360,15,120,15,0.08333333333333333,0.02777777777777778,2.9999999999999996
43802775,6360,30,120,15,0.08333333333333333,0.02777777777777778,2.9999999999999996
43802775,6360,45,120,15,0.08333333333333333,0.02777777777777778,2.9999999999999996
43802775,6360,60,120,15,0.08333333333333333,0.027777777777778314,2.999999999999942
43802775,6480,0,120,15,0.2777777777777778,0.11111111111111197,2.499999999999981
43802775,6480,15,120,15,0.25,0.08333333333333333,3.0
43802775,6480,30,120,15,0.25,0.08333333333333333,3.0
43802775,6480,45,120,15,0.22222222222222224,0.07407407407407408,3.0
43802775,6480,60,120,15,0.20833333333333334,0.06944444444444521,2.999999999999967
43802775,6600,0,120,15,0.2638888888888889,0.10595238095238169,2.490636704119833
43802775,6600,15,120,15,0.2916666666666667,0.09722222222222222,3.0
43802775,6600,30,120,15,0.25773809523809527,0.0859126984126984,3.000000000000001
43802775,6600,45,120,15,0.2777777777777778,0.0925925925925926,3.0
43802775,6600,60,120,15,0.2916666666666667,0.0972222222222228,2.9999999999999822
43802775,6720,0,120,15,0.041666666666666664,0.02056878306878307,2.02572347266881
43802775,6720,15,120,15,0.041666666666666664,0.01388888888888889,2.9999999999999996
43802775,6720,30,120,15,0.0755952380952381,0.025198412698412703,3.0
43802775,6720,45,120,15,0.08333333333333333,0.027777777777777783,2.999999999999999
43802775,6720,60,120,15,0.08333333333333333,0.027777777777777082,3.000000000000075
43802775,6840,0,120,15,0.125,0.04166666666666703,2.999999999999974
43802775,6840,15,120,15,0.09107142857142855,0.030357142857142857,2.9999999999999996
43802775,6840,30,120,15,0.08333333333333333,0.02777777777777778,2.9999999999999996
43802775,6840,45,120,15,0.08333333333333333,0.02777777777777778,2.9999999999999996
43802775,6840,60,120,15,0.08333333333333333,0.02777777777777778,2.9999999999999996
43802775,6960,0,120,15,0.125,0.04834656084656157,2.5854993160054334
43802775,6960,15,120,15,0.15892857142857142,0.05297619047619048,2.9999999999999996
43802775,6960,30,120,15,0.16666666666666666,0.05555555555555556,2.9999999999999996
43802775,6960,45,120,15,0.16666666666666666,0.05555555555555556,2.9999999999999996
43802775,6960,60,120,15,0.16666666666666666,0.055555555555552624,3.000000000000158
43802775,7080,0,120,15,0.0,0.0,3.0
43802775,7080,15,120,15,0.0,0.0,3.0
43802775,7080,30,120,15,0.0,0.0,3.0
43802775,7080,45,120,15,0.0,0.0,3.0
43802775,7080,60,120,15,0.0,0.0,3.0
4744966#0,0,0,120,70,0.0,0.0,14.0
4744966#0,120,0,120,70,0.0,0.0,14.0
4744966#0,240,0,120,70,0.0,0.0,14.0
4744966#0,360,0,120,70,0.06547619047619047,0.004676870748299354,13.999999999999893
4744966#0,480,0,120,70,0.05952380952380953,0.004251700680272109,14.0
4744966#0,600,0,120,70,0.041666666666666664,0.002976190476190505,13.999999999999863
4744966#0,720,0,120,70,0.125,0.00892857142857142,14.000000000000014
4744966#0,840,0,120,70,0.0,0.0,14.0
4744966#0,960,0,120,70,0.0,0.0,14.0
4744966#0,1080,0,120,70,0.041666666666666664,0.0029761904761904175,14.000000000000275
4744966#0,1200,0,120,70,0.20833333333333334,0.014880952380952382,14.0
4744966#0,1320,0,120,70,0.0,0.0,14.0
4744966#0,1440,0,120,70,0.041666666666666664,0.0029761904761904765,13.999999999999998
4744966#0,1560,0,120,70,0.041666666666666664,0.002976190476190515,13.999999999999817
4744966#0,1680,0,120,70,0.041666666666666664,0.002976190476190438,14.00000000000018
4744966#0,1800,0,120,70,0.22023809523809523,0.015731292517006668,14.00000000000012
4744966#0,1920,0,120,70,0.07142857142857142,0.005102040816326473,14.000000000000158
4744966#0,2040,0,120,70,0.2916666666666667,0.020833333333333332,14.000000000000002
4744966#0,2160,0,120,70,0.041666666666666664,0.0029761904761905146,13.999999999999819
4744966#0,2280,0,120,70,0.375,0.026785714285714284,14.0
4744966#0,2400,0,120,70,0.125,0.008928571428571428,14.0
4744966#0,2520,0,120,70,0.041666666666666664,0.0029761904761905532,13.999999999999638
4744966#0,2640,0,120,70,0.0,0.0,14.0
4744966#0,2760,0,120,70,0.125,0.008928571428571428,14.0
4744966#0,2880,0,120,70,0.16666666666666666,0.011904761904761906,13.999999999999998
4744966#0,3000,0,120,70,0.0,0.0,14.0
4744966#0,3120,0,120,70,0.0,0.0,14.0
4744966#0,3240,0,120,70,0.20833333333333334,0.014880952380952382,14.0
4744966#0,3360,0,120,70,0.08333333333333333,0.00595238095238104,13.999999999999794
4744966#0,3480,0,120,70,0.041666666666666664,0.002976190476190363,14.000000000000533
4744966#0,3600,0,120,70,0.08333333333333333,0.0059523809523811845,13.999999999999453
4744966#0,3720,0,120,70,0.0,0.0,14.0
4744966#0,3840,0,120,70,0.4166666666666667,0.029761904761904885,13.999999999999943
4744966#0,3960,0,120,70,0.08333333333333333,0.005952380952380876,14.00000000000018
4744966#0,4080,0,120,70,0.041666666666666664,0.0029761904761904765,13.999999999999998
4744966#0,4200,0,120,70,0.041666666666666664,0.0029761904761904765,13.999999999999998
4744966#0,4320,0,120,70,0.25,0.01921768707482993,13.008849557522124
4744966#0,4440,0,120,70,0.08333333333333333,0.0059523809523811064,13.999999999999638
4744966#0,4560,0,120,70,0.0,0.0,14.0
4744966#0,4680,0,120,70,0.0,0.0,14.0
4744966#0,4800,0,120,70,0.0,0.0,14.0
4744966#0,4920,0,120,70,0.04702380952380952,0.003358843537414657,14.000000000001288
4744966#0,5040,0,120,70,0.28630952380952385,0.020450680272109775,13.999999999999364
4744966#0,5160,0,120,70,0.041666666666666664,0.0029761904761905532,13.999999999999638
4744966#0,5280,0,120,70,0.0,0.0,14.0
4744966#0,5400,0,120,70,0.0,0.0,14.0
4744966#0,5520,0,120,70,0.08333333333333333,0.005952380952381029,13.999999999999819
4744966#0,5640,0,120,70,0.20833333333333334,0.014880952380952458,13.999999999999927
4744966#0,5760,0,120,70,0.08333333333333333,0.005952380952380642,14.000000000000728
4744966#0,5880,0,120,70,0.0,0.0,14.0
4744966#0,6000,0,120,70,0.0,0.0,14.0
4744966#0,6120,0,120,70,0.041666666666666664,0.0029761904761907085,13.999999999998906
4744966#0,6240,0,120,70,0.125,0.008928571428571813,13.999999999999398
4744966#0,6360,0,120,70,0.20833333333333334,0.014880952380952614,13.999999999999782
4744966#0,6480,0,120,70,0.041666666666666664,0.0029761904761905532,13.999999999999638
4744966#0,6600,0,120,70,0.125,0.008928571428571275,14.00000000000024
4744966#0,6720,0,120,70,0.0,0.0,14.0
4744966#0,6840,0,120,70,0.041666666666666664,0.002976190476190321,14.000000000000728
4744966#0,6960,0,120,70,0.08333333333333333,0.005952380952381277,13.999999999999234
4744966#0,7080,0,120,70,0.041666666666666664,0.0029761904761903993,14.00000000000036
4744972#0,0,0,120,70,0.0,0.0,14.0
4744972#0,120,0,120,70,0.25,0.023384353741496597,10.690909090909091
4744972#0,240,0,120,70,0.0,0.0,14.0
4744972#0,360,0,120,70,0.08333333333333333,0.005952380952380953,13.999999999999998
4744972#0,480,0,120,70,0.0,0.0,14.0
4744972#0,600,0,120,70,0.0,0.0,14.0
4744972#0,720,0,120,70,0.0,0.0,14.0
4744972#0,840,0,120,70,0.2916666666666667,0.027636054421768735,10.553846153846145
4744972#0,960,0,120,70,0.0,0.0,14.0
4744972#0,1080,0,120,70,0.0,0.0,14.0
4744972#0,1200,0,120,70,0.16666666666666666,0.016156462585034014,10.315789473684209
4744972#0,1320,0,120,70,0.0,0.0,14.0
4744972#0,1440,0,120,70,0.16666666666666666,0.011904761904761906,13.999999999999998
4744972#0,1560,0,120,70,0.0,0.0,14.0
4744972#0,1680,0,120,70,0.0,0.0,14.0
4744972#0,1800,0,120,70,0.0,0.0,14.0
4744972#0,1920,0,120,70,0.125,0.011054421768707483,11.307692307692308
4744972#0,2040,0,120,70,0.0,0.0,14.0
4744972#0,2160,0,120,70,0.125,0.011054421768707483,11.307692307692308
4744972#0,2280,0,120,70,0.0,0.0,14.0
4744972#0,2400,0,120,70,0.08333333333333333,0.005952380952380953,13.999999999999998
4744972#0,2520,0,120,70,0.125,0.01585884353741493,7.882037533512083
4744972#0,2640,0,120,70,0.125,0.008928571428571428,14.0
4744972#0,2760,0,120,70,0.0,0.0,14.0
4744972#0,2880,0,120,70,0.20833333333333334,0.020408163265306103,10.208333333333343
4744972#0,3000,0,120,70,0.0,0.0,14.0
4744972#0,3120,0,120,70,0.0,0.0,14.0
4744972#0,3240,0,120,70,0.0,0.0,14.0
4744972#0,3360,0,120,70,0.0,0.0,14.0
4744972#0,3480,0,120,70,0.0,0.0,14.0
4744972#0,3600,0,120,70,0.0,0.0,14.0
4744972#0,3720,0,120,70,0.0,0.0,14.0
4744972#0,3840,0,120,70,0.3333333333333333,0.030612244897959145,10.888888888888902
4744972#0,3960,0,120,70,0.08333333333333333,0.005952380952380953,13.999999999999998
4744972#0,4080,0,120,70,0.0,0.0,14.0
4744972#0,4200,0,120,70,0.0,0.0,14.0
4744972#0,4320,0,120,70,0.3333333333333333,0.03524659863945587,9.457177322074765
4744972#0,4440,0,120,70,0.0,0.0,14.0
4744972#0,4560,0,120,70,0.20833333333333334,0.017006802721088437,12.25
4744972#0,4680,0,120,70,0.10714285714285714,0.011904761904761906,8.999999999999998
4744972#0,4800,0,120,70,0.2261904761904762,0.018707482993197487,12.090909090908957
4744972#0,4920,0,120,70,0.041666666666666664,0.0029761904761904765,13.999999999999998
4744972#0,5040,0,120,70,0.0,0.0,14.0
4744972#0,5160,0,120,70,0.0,0.0,14.0
4744972#0,5280,0,120,70,0.0,0.0,14.0
4744972#0,5400,0,120,70,0.0,0.0,14.0
4744972#0,5520,0,120,70,0.0,0.0,14.0
4744972#0,5640,0,120,70,0.041666666666666664,0.0029761904761904765,13.999999999999998
4744972#0,5760,0,120,70,0.0,0.0,14.0
4744972#0,5880,0,120,70,0.0,0.0,14.0
4744972#0,6000,0,120,70,0.0,0.0,14.0
4744972#0,6120,0,120,70,0.08333333333333333,0.005952380952380953,13.999999999999998
4744972#0,6240,0,120,70,0.0,0.0,14.0
4744972#0,6360,0,120,70,0.0,0.0,14.0
4744972#0,6480,0,120,70,0.041666666666666664,0.0029761904761904765,13.999999999999998
4744972#0,6600,0,120,70,0.0,0.0,14.0
4744972#0,6720,0,120,70,0.0,0.0,14.0
4744972#0,6840,0,120,70,0.0,0.0,14.0
4744972#0,6960,0,120,70,0.0,0.0,14.0
4744972#0,7080,0,120,70,0.0,0.0,14.0
4744972#3,0,0,120,70,0.0,0.0,14.0
4744972#3,120,0,120,70,0.20833333333333334,0.014880952380952378,14.000000000000004
4744972#3,240,0,120,70,0.0,0.0,14.0
4744972#3,360,0,120,70,0.0,0.0,14.0
4744972#3,480,0,120,70,0.0,0.0,14.0
4744972#3,600,0,120,70,0.0,0.0,14.0
4744972#3,720,0,120,70,0.0,0.0,14.0
4744972#3,840,0,120,70,0.0,0.0,14.0
4744972#3,960,0,120,70,0.0,0.0,14.0
4744972#3,1080,0,120,70,0.0,0.0,14.0
4744972#3,1200,0,120,70,0.25,0.01785714285714279,14.000000000000053
4744972#3,1320,0,120,70,0.0,0.0,14.0
4744972#3,1440,0,120,70,0.5,0.046229068550497174,10.815705695083114
4744972#3,1560,0,120,70,0.0,0.0,14.0
4744972#3,1680,0,120,70,0.125,0.008928571428571428,14.0
4744972#3,1800,0,120,70,0.0,0.0,14.0
4744972#3,1920,0,120,70,0.041666666666666664,0.0029761904761904765,13.999999999999998
4744972#3,2040,0,120,70,0.0,0.0,14.0
4744972#3,2160,0,120,70,0.041666666666666664,0.00297619047619036,14.000000000000547
4744972#3,2280,0,120,70,0.0,0.0,14.0
4744972#3,2400,0,120,70,0.0,0.0,14.0
4744972#3,2520,0,120,70,0.08333333333333333,0.00595238095238101,13.999999999999863
4744972#3,2640,0,120,70,0.041666666666666664,0.00297619047619036,14.000000000000547
4744972#3,2760,0,120,70,0.0,0.0,14.0
4744972#3,2880,0,120,70,0.16666666666666666,0.011904761904761632,14.00000000000032
4744972#3,3000,0,120,70,0.0,0.0,14.0
4744972#3,3120,0,120,70,0.0,0.0,14.0
4744972#3,3240,0,120,70,0.125,0.011054421768707483,11.307692307692308
4744972#3,3360,0,120,70,0.125,0.008928571428571428,14.0
4744972#3,3480,0,120,70,0.0,0.0,14.0
4744972#3,3600,0,120,70,0.0,0.0,14.0
4744972#3,3720,0,120,70,0.0,0.0,14.0
4744972#3,3840,0,120,70,0.3333333333333333,0.025935374149659438,12.852459016393652
4744972#3,3960,0,120,70,0.0,0.0,14.0
4744972#3,4080,0,120,70,0.0,0.0,14.0
4744972#3,4200,0,120,70,0.0,0.0,14.0
4744972#3,4320,0,120,70,0.20833333333333334,0.015306122448979836,13.611111111110894
4744972#3,4440,0,120,70,0.0,0.0,14.0
4744972#3,4560,0,120,70,0.125,0.008928571428571988,13.999999999999122
4744972#3,4680,0,120,70,0.0,0.0,14.0
4744972#3,4800,0,120,70,0.0,0.0,14.0
4744972#3,4920,0,120,70,0.125,0.008928571428571582,13.999999999999758
4744972#3,5040,0,120,70,0.041666666666666664,0.00510204081632653,8.166666666666666
4744972#3,5160,0,120,70,0.041666666666666664,0.0029761904761904765,13.999999999999998
4744972#3,5280,0,120,70,0.0,0.0,14.0
4744972#3,5400,0,120,70,0.08333333333333333,0.005952380952380953,13.999999999999998
4744972#3,5520,0,120,70,0.0,0.0,14.0
4744972#3,5640,0,120,70,0.041666666666666664,0.0029761904761906304,13.999999999999273
4744972#3,5760,0,120,70,0.0,0.0,14.0
4744972#3,5880,0,120,70,0.125,0.011054421768707483,11.307692307692308
4744972#3,6000,0,120,70,0.0,0.0,14.0
4744972#3,6120,0,120,70,0.0,0.0,14.0
4744972#3,6240,0,120,70,0.16666666666666666,0.016156462585034014,10.315789473684209
4744972#3,6360,0,120,70,0.0,0.0,14.0
4744972#3,6480,0,120,70,0.041666666666666664,0.0029761904761906304,13.999999999999273
4744972#3,6600,0,120,70,0.0,0.0,14.0
4744972#3,6720,0,120,70,0.0,0.0,14.0
4744972#3,6840,0,120,70,0.041666666666666664,0.0029761904761904765,13.999999999999998
4744972#3,6960,0,120,70,0.0,0.0,14.0
4744972#3,7080,0,120,70,0.0,0.0,14.0
4746923#0,0,0,120,40,0.25,0.0390625,6.4
4746923#0,0,40,120,40,0.25,0.03125,8.0
4746923#0,120,0,120,40,0.375,0.046875,8.0
4746923#0,120,40,120,40,0.375,0.046875,8.0
4746923#0,240,0,120,40,0.08333333333333334,0.010416666666666624,8.000000000000034
4746923#0,240,40,120,40,0.08333333333333334,0.010416666666666668,8.0
4746923#0,360,0,120,40,0.08933531746031745,0.011166914682539652,8.000000000000021
4746923#0,360,40,120,40,0.08333333333333334,0.010416666666666668,8.0
4746923#0,480,0,120,40,0.6026289682539683,0.09121403769841288,6.606756848616668
4746923#0,480,40,120,40,0.5833333333333333,0.07291666666666666,8.0
4746923#0,600,0,120,40,0.5163690476190477,0.08353174603174593,6.18171021377673
4746923#0,600,40,120,40,0.5416666666666667,0.0689236111111111,7.858942065491186
4746923#0,720,0,120,40,0.25,0.031584821428571455,7.915194346289746
4746923#0,720,40,120,40,0.25,0.03125,8.0
4746923#0,840,0,120,40,0.31339285714285714,0.039265682234432456,7.981342467750119
4746923#0,840,40,120,40,0.2791666666666667,0.04038461538461539,6.912698412698412
4746923#0,960,0,120,40,0.3949404761904762,0.06175595238095234,6.3951807228915705
4746923#0,960,40,120,40,0.4291666666666667,0.05364583333333334,8.0
4746923#0,1080,0,120,40,0.25,0.0325520833333332,7.680000000000033
4746923#0,1080,40,120,40,0.25,0.03125,8.0
4746923#0,1200,0,120,40,0.325,0.047042410714285374,6.908659549228995
4746923#0,1200,40,120,40,0.29166666666666663,0.036458333333333336,7.999999999999998
4746923#0,1320,0,120,40,0.5479166666666667,0.08611111111111104,6.362903225806457
4746923#0,1320,40,120,40,0.5013392857142858,0.06266741071428572,8.0
4746923#0,1440,0,120,40,0.33541666666666664,0.04306175595238051,7.789200863930965
4746923#0,1440,40,120,40,0.4153273809523809,0.051915922619047615,8.0
4746923#0,1560,0,120,40,0.375,0.051897321428571085,7.225806451612951
4746923#0,1560,40,120,40,0.2946428571428571,0.03683035714285714,8.0
4746923#0,1680,0,120,40,0.625,0.10131370907738133,6.168957840864733
4746923#0,1680,40,120,40,0.7029761904761904,0.0882138206845238,7.969002873033027
4746923#0,1800,0,120,40,0.6666666666666667,0.09759562389770682,6.83090737106637
4746923#0,1800,40,120,40,0.656547619047619,0.08220623897707231,7.986591130032516
4746923#0,1920,0,120,40,0.21324404761904764,0.02677824392809296,7.963332031468056
4746923#0,1920,40,120,40,0.17916666666666667,0.022849732262382863,7.84108385206884
4746923#0,2040,0,120,40,0.41175595238095236,0.0552269345238098,7.455708992926874
4746923#0,2040,40,120,40,0.4583333333333333,0.057291666666666664,8.0
4746923#0,2160,0,120,40,0.29156746031746034,0.03644593253968249,8.00000000000001
4746923#0,2160,40,120,40,0.29166666666666663,0.03645833333333333,8.0
4746923#0,2280,0,120,40,0.33333333333333337,0.045572916666666255,7.314285714285782
4746923#0,2280,40,120,40,0.305952380952381,0.03824404761904762,8.0
4746923#0,2400,0,120,40,0.5,0.07064732142857158,7.077409162717204
4746923#0,2400,40,120,40,0.5273809523809524,0.06592422490578966,7.999805126789383
4746923#0,2520,0,120,40,0.5604166666666667,0.11164369256474531,5.019689458422968
4746923#0,2520,40,120,40,0.51875,0.09237416457811196,5.6157476754373565
4746923#0,2640,0,120,40,0.6020833333333333,0.18958333333333333,3.1758241758241756
4746923#0,2640,40,120,40,0.58125,0.1625,3.576923076923077
4746923#0,2760,0,120,40,0.4208333333333333,0.1681423611111111,2.5028394424367577
4746923#0,2760,40,120,40,0.4833333333333333,0.14487847222222222,3.3361294188136608
4746923#0,2880,0,120,40,0.4166666666666667,0.05611979166666666,7.424593967517402
4746923#0,2880,40,120,40,0.4166666666666667,0.09049479166666666,4.604316546762591
4746923#0,3000,0,120,40,0.5,0.07007040792618122,7.1356798796825505
4746923#0,3000,40,120,40,0.5,0.06265136805186758,7.980671700353963
4746923#0,3120,0,120,40,0.25,0.03125000000000027,7.999999999999931
4746923#0,3120,40,120,40,0.25,0.03125,8.0
4746923#0,3240,0,120,40,0.125,0.01562500000000027,7.9999999999998614
4746923#0,3240,40,120,40,0.125,0.015625,8.0
4746923#0,3360,0,120,40,0.16666666666666669,0.020833333333333433,7.999999999999963
4746923#0,3360,40,120,40,0.16666666666666669,0.020833333333333336,8.0
4746923#0,3480,0,120,40,0.25,0.0325520833333336,7.6799999999999375
4746923#0,3480,40,120,40,0.25,0.031249999999999993,8.000000000000002
4746923#0,3600,0,120,40,0.08333333333333334,0.010416666666666668,8.0
4746923#0,3600,40,120,40,0.08333333333333334,0.010416666666666668,8.0
4746923#0,3720,0,120,40,0.29166666666666663,0.03645833333333381,7.999999999999895
4746923#0,3720,40,120,40,0.2845238095238095,0.03556547619047619,8.0
4746923#0,3840,0,120,40,0.125,0.015625000000000406,7.999999999999792
4746923#0,3840,40,120,40,0.13214285714285717,0.016517857142857147,8.0
4746923#0,3960,0,120,40,0.5556547619047619,0.0757812499999999,7.332351497299961
4746923#0,3960,40,120,40,0.5113095238095238,0.06391369047619047,8.0
4746923#0,4080,0,120,40,0.40267857142857133,0.052306547619048425,7.698435277382525
4746923#0,4080,40,120,40,0.4470238095238096,0.055879582048646806,7.999770097325466
4746923#0,4200,0,120,40,0.29166666666666663,0.0377604166666668,7.724137931034454
4746923#0,4200,40,120,40,0.29166666666666663,0.03645833333333333,8.0
4746923#0,4320,0,120,40,0.29166666666666663,0.036458333333333606,7.999999999999939
4746923#0,4320,40,120,40,0.29166666666666663,0.03645833333333333,8.0
4746923#0,4440,0,120,40,0.33333333333333337,0.047023809523809655,7.08860759493669
4746923#0,4440,40,120,40,0.32916666666666666,0.04114583333333333,8.0
4746923#0,4560,0,120,40,0.42857142857142866,0.06587954260651692,6.505379539915531
4746923#0,4560,40,120,40,0.40997023809523814,0.07308995144110277,5.6091190377325635
4746923#0,4680,0,120,40,0.19642857142857145,0.024553571428572063,7.999999999999794
4746923#0,4680,40,120,40,0.21919642857142857,0.02739955357142857,8.0
4746923#0,4800,0,120,40,0.20833333333333334,0.026041666666666803,7.999999999999958
4746923#0,4800,40,120,40,0.1744047619047619,0.021800595238095237,8.0
4746923#0,4920,0,120,40,0.0,0.0,8.0
4746923#0,4920,40,120,40,0.033928571428571426,0.004241071428571428,8.0
4746923#0,5040,0,120,40,0.125,0.015625000000000135,7.999999999999931
4746923#0,5040,40,120,40,0.125,0.015625,8.0
4746923#0,5160,0,120,40,0.04166666666666667,0.005208333333333334,8.0
4746923#0,5160,40,120,40,0.04166666666666667,0.005208333333333334,8.0
4746923#0,5280,0,120,40,0.125,0.015625,8.0
4746923#0,5280,40,120,40,0.125,0.015625,8.0
4746923#0,5400,0,120,40,0.08333333333333334,0.010416666666666935,7.999999999999795
4746923#0,5400,40,120,40,0.08333333333333334,0.010416666666666666,8.000000000000002
4746923#0,5520,0,120,40,0.15565476190476193,0.01945684523809573,7.999999999999799
4746923#0,5520,40,120,40,0.125,0.015624999999999997,8.000000000000002
4746923#0,5640,0,120,40,0.13601190476190475,0.017001488095238274,7.999999999999915
4746923#0,5640,40,120,40,0.16666666666666669,0.020833333333333336,8.0
4746923#0,5760,0,120,40,0.4583333333333333,0.06375248015872831,7.189262789340804
4746923#0,5760,40,120,40,0.3875,0.0484375,8.0
4746923#0,5880,0,120,40,0.20833333333333334,0.026041666666667067,7.999999999999877
4746923#0,5880,40,120,40,0.2791666666666667,0.03489583333333333,8.000000000000002
4746923#0,6000,0,120,40,0.375,0.050781249999999986,7.384615384615387
4746923#0,6000,40,120,40,0.375,0.0468777557319224,7.999529716066075
4746923#0,6120,0,120,40,0.33333333333333337,0.042001488095239084,7.93622674933551
4746923#0,6120,40,120,40,0.33333333333333337,0.04166666666666667,8.0
4746923#0,6240,0,120,40,0.375,0.04687500000000068,7.999999999999884
4746923#0,6240,40,120,40,0.375,0.046875,8.0
4746923#0,6360,0,120,40,0.5154761904761904,0.07222222222222185,7.137362637362673
4746923#0,6360,40,120,40,0.4973214285714286,0.062165178571428545,8.000000000000004
4746923#0,6480,0,120,40,0.15119047619047618,0.018898809523809613,7.999999999999962
4746923#0,6480,40,120,40,0.1693452380952381,0.021168154761904763,8.0
4746923#0,6600,0,120,40,0.125,0.015624999999999594,8.000000000000208
4746923#0,6600,40,120,40,0.125,0.015625,8.0
4746923#0,6720,0,120,40,0.5,0.1078125,4.63768115942029
4746923#0,6720,40,120,40,0.5,0.08255208333333333,6.056782334384859
4746923#0,6840,0,120,40,0.25,0.03125,8.0
4746923#0,6840,40,120,40,0.24166666666666664,0.03020833333333333,8.0
4746923#0,6960,0,120,40,0.20833333333333334,0.026041666666666262,8.000000000000124
4746923#0,6960,40,120,40,0.21666666666666665,0.03203125,6.764227642276423
4746923#0,7080,0,120,40,0.08333333333333334,0.010416666666666258,8.000000000000314
4746923#0,7080,40,120,40,0.08333333333333334,0.010416666666666668,8.0
4746923#3,0,0,120,40,0.33333333333333337,0.04166666666666667,8.0
4746923#3,0,40,120,40,0.33333333333333337,0.04635416666666667,7.191011235955057
4746923#3,120,0,120,40,0.4166666666666667,0.05208333333333335,7.999999999999998
4746923#3,120,40,120,40,0.41527777777777775,0.05190972222222222,8.0
4746923#3,240,0,120,40,0.16666666666666669,0.020833333333333336,8.0
4746923#3,240,40,120,40,0.16805555555555557,0.021006944444444446,8.0
4746923#3,360,0,120,40,0.4166666666666667,0.0567418981481481,7.343192248852633
4746923#3,360,40,120,40,0.4166666666666667,0.0572337962962963,7.280080889787664
4746923#3,480,0,120,40,0.3327380952380953,0.041592261904762104,7.999999999999963
4746923#3,480,40,120,40,0.33333333333333337,0.04166666666666667,8.0
4746923#3,600,0,120,40,0.4645833333333333,0.09591295055004724,4.84380191276583
4746923#3,600,40,120,40,0.4333333333333333,0.09100421214836538,4.761684356179736
4746923#3,720,0,120,40,0.24375,0.03046875000000001,7.999999999999997
4746923#3,720,40,120,40,0.27172619047619045,0.03396577380952381,8.0
4746923#3,840,0,120,40,0.29166666666666663,0.04129464285714301,7.063063063063036
4746923#3,840,40,120,40,0.2949404761904762,0.03686755952380952,8.000000000000002
4746923#3,960,0,120,40,0.39761904761904765,0.060081845238095274,6.617956656346745
4746923#3,960,40,120,40,0.3544642857142857,0.04430803571428571,8.0
4746923#3,1080,0,120,40,0.4303571428571429,0.06648065476190482,6.473419138220477
4746923#3,1080,40,120,40,0.43720238095238095,0.05465029761904762,8.0
4746923#3,1200,0,120,40,0.29642857142857143,0.03705357142857119,8.000000000000052
4746923#3,1200,40,120,40,0.33333333333333337,0.04166666666666667,8.0
4746923#3,1320,0,120,40,0.31592261904761904,0.0394903273809524,7.999999999999996
4746923#3,1320,40,120,40,0.29166666666666663,0.03645833333333333,8.0
4746923#3,1440,0,120,40,0.4340773809523809,0.05425967261904717,8.000000000000066
4746923#3,1440,40,120,40,0.4583333333333333,0.057291666666666664,8.0
4746923#3,1560,0,120,40,0.19464285714285717,0.026996527777777467,7.209921910886625
4746923#3,1560,40,120,40,0.16666666666666669,0.020833333333333336,8.0
4746923#3,1680,0,120,40,0.5361607142857142,0.06702008928571451,7.999999999999972
4746923#3,1680,40,120,40,0.5416666666666667,0.084375,6.419753086419753
4746923#3,1800,0,120,40,0.5608630952380953,0.08573288690476186,6.541983076589286
4746923#3,1800,40,120,40,0.56875,0.12570684523809522,4.524415507546612
4746923#3,1920,0,120,40,0.20833333333333334,0.026041666666666637,8.000000000000009
4746923#3,1920,40,120,40,0.22291666666666665,0.02786458333333333,8.0
4746923#3,2040,0,120,40,0.4771825396825397,0.06092509920634955,7.8322817016079345
4746923#3,2040,40,120,40,0.4583333333333333,0.057291666666666664,8.0
4746923#3,2160,0,120,40,0.10595238095238095,0.013244047619047416,8.000000000000123
4746923#3,2160,40,120,40,0.125,0.015625,8.0
4746923#3,2280,0,120,40,0.375,0.04984802675751911,7.522865485210701
4746923#3,2280,40,120,40,0.375,0.048081040702797964,7.7993320135888355
4746923#3,2400,0,120,40,0.5833333333333333,0.07690515350877215,7.585100695063246
4746923#3,2400,40,120,40,0.5833333333333333,0.07312225877192982,7.97750702905342
4746923#3,2520,0,120,40,0.25,0.03124999999999984,8.00000000000004
4746923#3,2520,40,120,40,0.23541666666666666,0.03125,7.533333333333333
4746923#3,2640,0,120,40,0.5,0.07864583333333333,6.357615894039736
4746923#3,2640,40,120,40,0.4729166666666667,0.06927083333333334,6.827067669172933
4746923#3,2760,0,120,40,0.6166666666666667,0.10182291666666668,6.056265984654731
4746923#3,2760,40,120,40,0.5958333333333333,0.10416666666666667,5.72
4746923#3,2880,0,120,40,0.5916666666666667,0.09921875,5.963254593175853
4746923#3,2880,40,120,40,0.6541666666666667,0.08490953947368421,7.704277643260695
4746923#3,3000,0,120,40,0.4166666666666667,0.05208333333333269,8.0000000000001
4746923#3,3000,40,120,40,0.4008928571428571,0.05011160714285714,8.0
4746923#3,3120,0,120,40,0.20833333333333334,0.026041666666666442,8.00000000000007
4746923#3,3120,40,120,40,0.19970238095238094,0.024962797619047617,8.0
4746923#3,3240,0,120,40,0.08333333333333334,0.01041666666666678,7.999999999999914
4746923#3,3240,40,120,40,0.10773809523809526,0.013467261904761907,8.0
4746923#3,3360,0,120,40,0.04474206349206343,0.005592757936508027,7.99999999999986
4746923#3,3360,40,120,40,0.04166666666666667,0.005208333333333334,8.0
4746923#3,3480,0,120,40,0.1635912698412699,0.02044890873015858,8.00000000000006
4746923#3,3480,40,120,40,0.16666666666666669,0.020833333333333336,8.0
4746923#3,3600,0,120,40,0.04166666666666667,0.005208333333333334,8.0
4746923#3,3600,40,120,40,0.04166666666666667,0.005208333333333334,8.0
4746923#3,3720,0,120,40,0.20833333333333334,0.02604166666666673,7.9999999999999805
4746923#3,3720,40,120,40,0.20833333333333334,0.026041666666666668,8.0
4746923#3,3840,0,120,40,0.16666666666666669,0.02083333333333371,7.999999999999856
4746923#3,3840,40,120,40,0.16666666666666669,0.020833333333333336,8.0
4746923#3,3960,0,120,40,0.33333333333333337,0.041666666666666456,8.00000000000004
4746923#3,3960,40,120,40,0.33333333333333337,0.04166666666666667,8.0
4746923#3,4080,0,120,40,0.375,0.04687500000000115,7.999999999999804
4746923#3,4080,40,120,40,0.375,0.046875,8.0
4746923#3,4200,0,120,40,0.29166666666666663,0.036458333333333016,8.00000000000007
4746923#3,4200,40,120,40,0.26502976190476196,0.03312872023809528,7.999999999999992
4746923#3,4320,0,120,40,0.4166666666666667,0.05303819444444521,7.855973813420509
4746923#3,4320,40,120,40,0.41413690476190473,0.05176711309523809,8.0
4746923#3,4440,0,120,40,0.41875,0.055264136904761084,7.577246718276787
4746923#3,4440,40,120,40,0.4189980158730159,0.052388458124477864,7.9979069984738524
4746923#3,4560,0,120,40,0.6645833333333333,0.13414400894538575,4.954252810529214
4746923#3,4560,40,120,40,0.6789186507936508,0.11825554462604251,5.741114743842106
4746923#3,4680,0,120,40,0.4166666666666667,0.057208848918198475,7.2832555547909745
4746923#3,4680,40,120,40,0.43125,0.08137349840081091,5.2996369638164955
4746923#3,4800,0,120,40,0.375,0.04687499999999954,8.000000000000078
4746923#3,4800,40,120,40,0.3686507936507937,0.04608134920634921,8.0
4746923#3,4920,0,120,40,0.125,0.015624999999998954,8.000000000000536
4746923#3,4920,40,120,40,0.13134920634920633,0.01641865079365079,8.0
4746923#3,5040,0,120,40,0.18333333333333332,0.022916666666666488,8.000000000000062
4746923#3,5040,40,120,40,0.16666666666666669,0.020833333333333336,8.0
4746923#3,5160,0,120,40,0.3611111111111111,0.045138888888888576,8.000000000000055
4746923#3,5160,40,120,40,0.375,0.046875,8.0
4746923#3,5280,0,120,40,0.37222222222222223,0.046527777777777515,8.000000000000046
4746923#3,5280,40,120,40,0.2964285714285714,0.03705357142857143,7.999999999999998
4746923#3,5400,0,120,40,0.33333333333333337,0.04386837121212149,7.5984889368591
4746923#3,5400,40,120,40,0.4119047619047619,0.05241139069264069,7.8590694973220625
4746923#3,5520,0,120,40,0.16964285714285718,0.02120535714285782,7.999999999999746
4746923#3,5520,40,120,40,0.16666666666666669,0.020833333333333336,8.0
4746923#3,5640,0,120,40,0.3720238095238095,0.047805059523810554,7.782101167315006
4746923#3,5640,40,120,40,0.375,0.046875,8.0
4746923#3,5760,0,120,40,0.39166666666666666,0.048958333333330724,8.000000000000426
4746923#3,5760,40,120,40,0.375,0.04687621344281547,7.999792911120357
4746923#3,5880,0,120,40,0.525,0.07994791666666708,6.566775244299641
4746923#3,5880,40,120,40,0.5327380952380952,0.0665922619047619,8.0
4746923#3,6000,0,120,40,0.625,0.10104166666666699,6.185567010309259
4746923#3,6000,40,120,40,0.6339285714285714,0.07924107142857142,8.0
4746923#3,6120,0,120,40,0.5729166666666667,0.07868303571428706,7.281323877068434
4746923#3,6120,40,120,40,0.5416666666666667,0.06770833333333334,8.0
4746923#3,6240,0,120,40,0.3576388888888889,0.0447048611111117,7.999999999999894
4746923#3,6240,40,120,40,0.375,0.046875,8.0
4746923#3,6360,0,120,40,0.5694444444444444,0.07604141899348485,7.488608865823951
4746923#3,6360,40,120,40,0.5833333333333333,0.07832617916110882,7.447488688724075
4746923#3,6480,0,120,40,0.25,0.032552083333333745,7.679999999999903
4746923#3,6480,40,120,40,0.25,0.03125,8.0
4746923#3,6600,0,120,40,0.16666666666666669,0.020833333333332565,8.000000000000297
4746923#3,6600,40,120,40,0.13482142857142856,0.016852678571428588,7.999999999999992
4746923#3,6720,0,120,40,0.475,0.059374999999999366,8.000000000000085
4746923#3,6720,40,120,40,0.49017857142857135,0.06127232142857143,7.999999999999998
4746923#3,6840,0,120,40,0.525,0.07265625,7.225806451612903
4746923#3,6840,40,120,40,0.5416666666666667,0.06770833333333334,8.0
4746923#3,6960,0,120,40,0.5416666666666667,0.07410094246031675,7.309848548238713
4746923#3,6960,40,120,40,0.5146825396825396,0.06433531746031747,7.999999999999998
4746923#3,7080,0,120,40,0.1365079365079365,0.01706349206349111,8.000000000000446
4746923#3,7080,40,120,40,0.151984126984127,0.01899801587301591,7.999999999999986
4751998#2,0,0,120,70,0.0,0.0,14.0
4751998#2,0,70,120,70,0.0,0.0,14.0
4751998#2,120,0,120,70,0.25,0.017857142857142856,14.0
4751998#2,120,70,120,70,0.25,0.018270326747720386,13.683389654276043
4751998#2,240,0,120,70,0.4177083333333333,0.029836309523809522,14.0
4751998#2,240,70,120,70,0.4020833333333333,0.028720238095238035,14.000000000000028
4751998#2,360,0,120,70,0.3322916666666667,0.023735119047619047,14.000000000000002
4751998#2,360,70,120,70,0.3354166666666667,0.023958333333333297,14.000000000000023
4751998#2,480,0,120,70,0.46354166666666663,0.039912840136054416,11.613848202396806
4751998#2,480,70,120,70,0.46041666666666664,0.03288690476190466,14.000000000000043
4751998#2,600,0,120,70,0.328125,0.0234375,14.0
4751998#2,600,70,120,70,0.34375,0.0276559674502712,12.429505516959564
4751998#2,720,0,120,70,0.3636904761904762,0.025977891156462547,14.00000000000002
4751998#2,720,70,120,70,0.3333333333333333,0.02380952380952377,14.000000000000023
4751998#2,840,0,120,70,0.2613095238095238,0.01866496598639456,14.0
4751998#2,840,70,120,70,0.2916666666666667,0.020833333333333308,14.000000000000018
4751998#2,960,0,120,70,0.4166666666666667,0.03188775510204078,13.06666666666668
4751998#2,960,70,120,70,0.40625,0.029017857142857085,14.000000000000028
4751998#2,1080,0,120,70,0.20833333333333334,0.014880952380952321,14.000000000000057
4751998#2,1080,70,120,70,0.21875,0.015625000000000125,13.999999999999888
4751998#2,1200,0,120,70,0.2916666666666667,0.020833333333333332,14.000000000000002
4751998#2,1200,70,120,70,0.2916666666666667,0.021547619047619277,13.5359116022098
4751998#2,1320,0,120,70,0.25,0.01785714285714309,13.999999999999819
4751998#2,1320,70,120,70,0.22182539682539684,0.015844671201814122,13.999999999999945
4751998#2,1440,0,120,70,0.5416666666666666,0.04081632653061224,13.270833333333334
4751998#2,1440,70,120,70,0.5698412698412699,0.04070294784580531,13.999999999999892
4751998#2,1560,0,120,70,0.2916666666666667,0.020833333333333332,14.000000000000002
4751998#2,1560,70,120,70,0.2916666666666667,0.02083333333333362,13.999999999999808
4751998#2,1680,0,120,70,0.42683531746031744,0.030488236961451008,14.00000000000011
4751998#2,1680,70,120,70,0.39618055555555554,0.028298611111111115,13.999999999999998
4751998#2,1800,0,120,70,0.44816468253968256,0.03520170238183262,12.731335481404942
4751998#2,1800,70,120,70,0.47881944444444446,0.05092993196944694,9.401533163870907
4751998#2,1920,0,120,70,0.45833333333333337,0.0329744397759103,13.899654897796681
4751998#2,1920,70,120,70,0.4333333333333333,0.033594333231972875,12.899000862470315
4751998#2,2040,0,120,70,0.5458333333333334,0.03947479257660519,13.827389523936917
4751998#2,2040,70,120,70,0.5552083333333334,0.05179994125983259,10.718319747668529
4751998#2,2160,0,120,70,0.5791666666666666,0.046896258503401365,12.349954669084314
4751998#2,2160,70,120,70,0.5769345238095238,0.04249360294576529,13.576973563429465
4751998#2,2280,0,120,70,0.5416666666666666,0.03895620748299328,13.90450204638469
4751998#2,2280,70,120,70,0.5178571428571429,0.039135087830181506,13.2325534851046
4751998#2,2400,0,120,70,0.6020833333333334,0.04300595238095238,14.000000000000002
4751998#2,2400,70,120,70,0.625,0.045936165017846,13.6058375738852
4751998#2,2520,0,120,70,0.2729166666666667,0.021619897959183492,12.623402163225279
4751998#2,2520,70,120,70,0.2916666666666667,0.02431405211079568,11.995806595197836
4751998#2,2640,0,120,70,0.3333333333333333,0.02380952380952354,14.000000000000156
4751998#2,2640,70,120,70,0.3333333333333333,0.02411786786786766,13.821011673151869
4751998#2,2760,0,120,70,0.375,0.02891156462585042,12.970588235294082
4751998#2,2760,70,120,70,0.375,0.026785714285714197,14.000000000000046
4751998#2,2880,0,120,70,0.2916666666666667,0.020833333333333412,13.999999999999948
4751998#2,2880,70,120,70,0.26875,0.020172579973633954,13.322539821443895
4751998#2,3000,0,120,70,0.1488095238095238,0.014880952380952382,10.0
4751998#2,3000,70,120,70,0.14791666666666667,0.01056547619047607,14.00000000000016
4751998#2,3120,0,120,70,0.35119047619047616,0.026360544217687073,13.32258064516129
4751998#2,3120,70,120,70,0.375,0.02678571428571421,14.000000000000039
4751998#2,3240,0,120,70,0.3333333333333333,0.02380952380952404,13.999999999999863
4751998#2,3240,70,120,70,0.3333333333333333,0.023809523809523604,14.00000000000012
4751998#2,3360,0,120,70,0.041666666666666664,0.0029761904761904765,13.999999999999998
4751998#2,3360,70,120,70,0.041666666666666664,0.002976190476190423,14.000000000000249
4751998#2,3480,0,120,70,0.20833333333333334,0.01488095238095229,14.000000000000087
4751998#2,3480,70,120,70,0.2065972222222222,0.014756944444444267,14.000000000000167
4751998#2,3600,0,120,70,0.2916666666666667,0.020833333333333332,14.000000000000002
4751998#2,3600,70,120,70,0.2934027777777778,0.020957341269840852,14.00000000000028
4751998#2,3720,0,120,70,0.08333333333333333,0.005952380952380953,13.999999999999998
4751998#2,3720,70,120,70,0.08333333333333333,0.005952380952380839,14.000000000000265
4751998#2,3840,0,120,70,0.4145833333333333,0.029613095238095095,14.000000000000068
4751998#2,3840,70,120,70,0.375,0.029646468905009816,12.64906121540264
4751998#2,3960,0,120,70,0.08541666666666667,0.006101190476190385,14.00000000000021
4751998#2,3960,70,120,70,0.08958333333333333,0.006398809523809512,14.000000000000025
4751998#2,4080,0,120,70,0.45833333333333337,0.03322704081632661,13.793985924504128
4751998#2,4080,70,120,70,0.475,0.03392857142857073,14.000000000000286
4751998#2,4200,0,120,70,0.16666666666666666,0.011904761904761906,13.999999999999998
4751998#2,4200,70,120,70,0.18541666666666665,0.013244047619047373,14.00000000000026
4751998#2,4320,0,120,70,0.21145833333333333,0.015104166666667182,13.999999999999522
4751998#2,4320,70,120,70,0.19583333333333333,0.013988095238095005,14.000000000000234
4751998#2,4440,0,120,70,0.4552083333333333,0.03251488095238111,13.999999999999932
4751998#2,4440,70,120,70,0.4708333333333334,0.03524786633960718,13.357782533471234
4751998#2,4560,0,120,70,0.4854166666666666,0.03467261904761897,14.000000000000028
4751998#2,4560,70,120,70,0.45833333333333337,0.0327380952380947,14.000000000000233
4751998#2,4680,0,120,70,0.47291666666666665,0.03377976190476191,13.999999999999998
4751998#2,4680,70,120,70,0.5,0.03571428571428513,14.00000000000023
4751998#2,4800,0,120,70,0.25,0.019982993197278913,12.51063829787234
4751998#2,4800,70,120,70,0.25,0.01785714285714266,14.000000000000156
4751998#2,4920,0,120,70,0.4166666666666667,0.030504412912757652,13.659225891621963
4751998#2,4920,70,120,70,0.39166666666666666,0.030947906914485474,12.65567547908525
4751998#2,5040,0,120,70,0.25,0.01809348739495798,13.81712626995646
4751998#2,5040,70,120,70,0.275,0.021601358897989253,12.73068056961908
4751998#2,5160,0,120,70,0.16666666666666666,0.011904761904761597,14.00000000000036
4751998#2,5160,70,120,70,0.16666666666666666,0.011904761904761913,13.99999999999999
4751998#2,5280,0,120,70,0.3333333333333333,0.023809523809523735,14.000000000000043
4751998#2,5280,70,120,70,0.3145833333333333,0.022730064247921032,13.839966746337119
4751998#2,5400,0,120,70,0.125,0.008928571428571608,13.999999999999718
4751998#2,5400,70,120,70,0.14375,0.010267857142856801,14.000000000000465
4751998#2,5520,0,120,70,0.20833333333333334,0.014880952380952382,14.0
4751998#2,5520,70,120,70,0.19375,0.013839285714285455,14.000000000000263
4751998#2,5640,0,120,70,0.2916666666666667,0.020833333333333332,14.000000000000002
4751998#2,5640,70,120,70,0.30625,0.03988548242537592,7.678232313548696
4751998#2,5760,0,120,70,0.7114583333333334,0.06825042517006795,10.424232985516287
4751998#2,5760,70,120,70,0.7083333333333334,0.0564493598930083,12.548119848938555
4751998#2,5880,0,120,70,0.371875,0.030332253982219986,12.260051634078494
4751998#2,5880,70,120,70,0.375,0.04274462038454776,8.773033813994592
4751998#2,6000,0,120,70,0.2916666666666667,0.020833333333334415,13.999999999999273
4751998#2,6000,70,120,70,0.2743055555555556,0.02318669408426639,11.830300367903199
4751998#2,6120,0,120,70,0.8035714285714286,0.06716163612135433,11.964738725534557
4751998#2,6120,70,120,70,0.8090277777777778,0.06760133020012564,11.967631041915121
4751998#2,6240,0,120,70,0.4880952380952381,0.03486394557823137,13.999999999999968
4751998#2,6240,70,120,70,0.48125,0.035309385382059244,13.62952072919751
4751998#2,6360,0,120,70,0.2916666666666667,0.020833333333333332,14.000000000000002
4751998#2,6360,70,120,70,0.3104166666666667,0.022172619047618622,14.00000000000027
4751998#2,6480,0,120,70,0.25,0.017857142857142856,14.0
4751998#2,6480,70,120,70,0.25,0.018270326747720177,13.6833896542762
4751998#2,6600,0,120,70,0.5416666666666666,0.046150085034013605,11.737067575659864
4751998#2,6600,70,120,70,0.5114583333333333,0.057750437219421615,8.85635430585673
4751998#2,6720,0,120,70,0.6639880952380952,0.05843413219988858,11.363017986931983
4751998#2,6720,70,120,70,0.6052083333333333,0.06825454266619244,8.86693119157185
4751998#2,6840,0,120,70,0.3776785714285714,0.08830880429094716,4.276794080285023
4751998#2,6840,70,120,70,0.4666666666666666,0.09109292802033424,5.122973613961501
4751998#2,6960,0,120,70,0.16666666666666666,0.011904761904761906,13.999999999999998
4751998#2,6960,70,120,70,0.13645833333333335,0.009747023809523647,14.000000000000236
4751998#2,7080,0,120,70,0.08333333333333333,0.005952380952380953,13.999999999999998
4751998#2,7080,70,120,70,0.11354166666666667,0.008110119047618857,14.000000000000329
4751998#6,0,0,120,70,0.0,0.0,14.0
4751998#6,120,0,120,70,0.45833333333333337,0.03819090136054421,12.001113275814086
4751998#6,240,0,120,70,0.7898809523809524,0.06461086143951023,12.225203855553794
4751998#6,360,0,120,70,0.41845238095238096,0.029982220160791665,13.956684285161755
4751998#6,480,0,120,70,0.7830357142857143,0.06274930426716144,12.478795158458832
4751998#6,600,0,120,70,0.6919642857142857,0.09656462585034009,7.165815427967598
4751998#6,720,0,120,70,0.32663690476190477,0.08078018707482992,4.04352746124898
4751998#6,840,0,120,70,0.5316964285714286,0.038275935374149764,13.891141349625068
4751998#6,960,0,120,70,0.45833333333333337,0.03273809523809515,14.000000000000039
4751998#6,1080,0,120,70,0.375,0.0267857142857143,13.999999999999991
4751998#6,1200,0,120,70,0.7916666666666666,0.06340306956115767,12.486251409374377
4751998#6,1320,0,120,70,0.5310515873015872,0.03929280045351467,13.515238954012643
4751998#6,1440,0,120,70,0.8022817460317461,0.07616284013605433,10.533768759129535
4751998#6,1560,0,120,70,0.5559523809523809,0.042665816326530624,13.030393622321867
4751998#6,1680,0,120,70,0.4857142857142857,0.035044642857142976,13.85987261146492
4751998#6,1800,0,120,70,0.7226190476190476,0.06730554783339628,10.736396491530998
4751998#6,1920,0,120,70,0.8241071428571428,0.07468012951539105,11.035159529112763
4751998#6,2040,0,120,70,1.1139880952380954,0.1120833333333333,9.938927243759961
4751998#6,2160,0,120,70,0.8392857142857143,0.06619897959183726,12.678227360308185
4751998#6,2280,0,120,70,0.6462797619047619,0.08857780612244905,7.29618163054695
4751998#6,2400,0,120,70,0.8066964285714285,0.06892361111111206,11.704210147534923
4751998#6,2520,0,120,70,0.7339285714285714,0.1651020408163266,4.4453028430160675
4751998#6,2640,0,120,70,0.7083333333333334,0.05296742134353778,13.373000145489481
4751998#6,2760,0,120,70,0.9547619047619047,0.10956948639984372,8.7137572341789
4751998#6,2880,0,120,70,0.9238095238095239,0.11403911564625847,8.100812765640148
4751998#6,3000,0,120,70,0.35119047619047616,0.08775935374149667,4.001744101545464
4751998#6,3120,0,120,70,0.3333333333333333,0.024659863945578092,13.51724137931042
4751998#6,3240,0,120,70,0.25,0.018282312925169904,13.674418604651285
4751998#6,3360,0,120,70,0.8333333333333334,0.08904761904761904,9.358288770053477
4751998#6,3480,0,120,70,0.3476190476190476,0.02822874983326706,12.314362119196117
4751998#6,3600,0,120,70,0.5876488095238095,0.043622448979592145,13.47124756335273
4751998#6,3720,0,120,70,0.43973214285714285,0.03140943877551051,13.999999999999865
4751998#6,3840,0,120,70,0.9166666666666667,0.09460432568958699,9.689479418461342
4751998#6,3960,0,120,70,0.25,0.017857142857143037,13.99999999999986
4751998#6,4080,0,120,70,0.5833333333333334,0.041666666666667546,13.999999999999705
4751998#6,4200,0,120,70,0.375,0.026785714285715037,13.999999999999607
4751998#6,4320,0,120,70,0.5688492063492064,0.1223720746160098,4.648521389656857
4751998#6,4440,0,120,70,0.8059523809523809,0.13317560357476393,6.051801976627981
4751998#6,4560,0,120,70,0.5898809523809524,0.05363520408163225,10.998018232263261
4751998#6,4680,0,120,70,0.40535714285714286,0.07865646258503417,5.153513513513503
4751998#6,4800,0,120,70,0.5880952380952381,0.04724489795918324,12.447804175666061
4751998#6,4920,0,120,70,0.7083333333333334,0.06238307823129243,11.35457488498894
4751998#6,5040,0,120,70,0.75,0.1165301526015815,6.436102444354143
4751998#6,5160,0,120,70,0.381547619047619,0.03477891156462423,10.970660146699776
4751998#6,5280,0,120,70,0.6880952380952381,0.19497448979591847,3.5291552182825225
4751998#6,5400,0,120,70,0.6351190476190477,0.052729591836734424,12.044831478793807
4751998#6,5520,0,120,70,0.35119047619047616,0.02733843537414903,12.84603421461927
4751998#6,5640,0,120,70,1.0297619047619047,0.13916005291005293,7.399838410721922
4751998#6,5760,0,120,70,0.6696428571428571,0.059357618833696335,11.281497982912885
4751998#6,5880,0,120,70,0.7648809523809523,0.17766091051805316,4.305285558599162
4751998#6,6000,0,120,70,1.1607142857142858,0.1156418164280631,10.037150241723566
4751998#6,6120,0,120,70,0.8190476190476191,0.09398809523809609,8.71437618746034
4751998#6,6240,0,120,70,0.625,0.09514635020674919,6.568827901878529
4751998#6,6360,0,120,70,0.7029761904761905,0.053440578817734306,13.154352105237813
4751998#6,6480,0,120,70,0.7970238095238095,0.06356292517006555,12.539130434783097
4751998#6,6600,0,120,70,1.1857142857142857,0.11996091419023817,9.884171804775837
4751998#6,6720,0,120,70,0.7476190476190476,0.12041589363017935,6.208640944982988
4751998#6,6840,0,120,70,0.7796130952380952,0.16253188775510263,4.796677784317555
4751998#6,6960,0,120,70,0.16205357142857144,0.01157525510204089,13.999999999999913
4751998#6,7080,0,120,70,0.125,0.00892857142857166,13.999999999999636
4751998#9,0,0,120,70,0.0,0.0,14.0
4751998#9,120,0,120,70,0.375,0.02678571428571429,13.999999999999996
4751998#9,240,0,120,70,0.625,0.044686778013091996,13.986239952607283
4751998#9,360,0,120,70,0.25,0.017857142857142815,14.000000000000034
4751998#9,480,0,120,70,0.6708333333333334,0.051147959183673535,13.115544472152935
4751998#9,600,0,120,70,0.5375,0.04397675736961456,12.222365452787612
4751998#9,720,0,120,70,0.5,0.037446853741496595,13.352256599489072
4751998#9,840,0,120,70,0.5099206349206349,0.03947673650237181,12.91699061521963
4751998#9,960,0,120,70,0.36507936507936506,0.02820294784580524,12.944723618090336
4751998#9,1080,0,120,70,0.3333333333333333,0.023809523809523964,13.999999999999908
4751998#9,1200,0,120,70,0.796875,0.05873370181405904,13.567593653857735
4751998#9,1320,0,120,70,0.4114583333333333,0.030197704081632564,13.625483984512535
4751998#9,1440,0,120,70,0.8746031746031746,0.07097505668934243,12.322683706070285
4751998#9,1560,0,120,70,0.5416666666666666,0.0386904761904764,13.999999999999924
4751998#9,1680,0,120,70,0.45833333333333337,0.03286564625850335,13.945666235446337
4751998#9,1800,0,120,70,0.7916666666666666,0.06904761904761919,11.465517241379287
4751998#9,1920,0,120,70,0.7916666666666666,0.056607439487422986,13.985205369385392
4751998#9,2040,0,120,70,1.0416666666666667,0.0744297719087635,13.995295698924734
4751998#9,2160,0,120,70,0.8333333333333334,0.06243894993894891,13.346370080665094
4751998#9,2280,0,120,70,0.9583333333333333,0.09481292517006801,10.107623318385652
4751998#9,2400,0,120,70,0.7898809523809524,0.05884353741496526,13.423410404624443
4751998#9,2520,0,120,70,0.8172619047619047,0.1489393125671324,5.487214159079289
4751998#9,2640,0,120,70,0.6428571428571429,0.09838435374149586,6.534140017286134
4751998#9,2760,0,120,70,0.5416666666666666,0.038762932962029234,13.973830803702695
4751998#9,2880,0,120,70,1.0125,0.07967903263000135,12.707232587795824
4751998#9,3000,0,120,70,0.6958333333333334,0.07835884353741503,8.880086814975577
4751998#9,3120,0,120,70,0.2916666666666667,0.02083333333333351,13.999999999999883
4751998#9,3240,0,120,70,0.25,0.017857142857142946,13.99999999999993
4751998#9,3360,0,120,70,0.7916666666666666,0.06672203854219272,11.865145069961313
4751998#9,3480,0,120,70,0.2916666666666667,0.020833333333333325,14.000000000000007
4751998#9,3600,0,120,70,0.5197916666666667,0.037127976190475684,14.00000000000019
4751998#9,3720,0,120,70,0.45223214285714286,0.032386168753215254,13.963743173920376
4751998#9,3840,0,120,70,0.9863095238095239,0.08988095238095242,10.97350993377483
4751998#9,3960,0,120,70,0.3333333333333333,0.02380952380952333,14.00000000000028
4751998#9,4080,0,120,70,0.5020833333333333,0.0358630952380947,14.00000000000021
4751998#9,4200,0,120,70,0.5514880952380952,0.04937499999999977,11.169379144062738
4751998#9,4320,0,120,70,0.7797619047619048,0.07326180472188969,10.643498446727753
4751998#9,4440,0,120,70,0.6666666666666666,0.04761904761904807,13.999999999999867
4751998#9,4560,0,120,70,0.25,0.017857142857142627,14.000000000000181
4751998#9,4680,0,120,70,0.5724702380952381,0.04599277210884357,12.446960942916563
4751998#9,4800,0,120,70,0.38586309523809526,0.02756164965986422,13.999999999999861
4751998#9,4920,0,120,70,0.75,0.05401077097505679,13.88611912883755
4751998#9,5040,0,120,70,0.7083333333333334,0.14891581632653092,4.756602426837963
4751998#9,5160,0,120,70,0.25,0.017857142857143182,13.999999999999746
4751998#9,5280,0,120,70,0.5297619047619048,0.037840136054421915,13.999999999999947
4751998#9,5400,0,120,70,0.4702380952380952,0.033588435374149524,14.000000000000055
4751998#9,5520,0,120,70,0.4166666666666667,0.031037414965986988,13.42465753424632
4751998#9,5640,0,120,70,1.0807539682539684,0.09644224938037216,11.20622937766031
4751998#9,5760,0,120,70,0.832936507936508,0.06426141885325547,12.961688720856987
4751998#9,5880,0,120,70,1.0601190476190476,0.13928004535147395,7.6114208962513725
4751998#9,6000,0,120,70,1.1375,0.08125000000000038,13.999999999999934
4751998#9,6120,0,120,70,0.9720238095238096,0.08320578231292661,11.682166581502099
4751998#9,6240,0,120,70,0.8613095238095237,0.07563775510204107,11.387296233839196
4751998#9,6360,0,120,70,0.5952380952380952,0.04344106716926466,13.702197805564891
4751998#9,6480,0,120,70,0.8351190476190476,0.06062074829932095,13.776125683826345
4751998#9,6600,0,120,70,1.1130952380952381,0.09416186850915904,11.821082734641871
4751998#9,6720,0,120,70,0.5952380952380952,0.049854941976790135,11.939400020066358
4751998#9,6840,0,120,70,0.7857142857142857,0.07492083040112714,10.487260772572338
4751998#9,6960,0,120,70,0.16175595238095236,0.013356815427320354,12.11036816830551
4751998#9,7080,0,120,70,0.09419642857142857,0.0067283163265305,14.000000000000233
490175814#0,0,0,120,40,0.04166666666666667,0.005208333333333337,7.999999999999995
490175814#0,0,40,120,40,0.04166666666666667,0.005208333333333334,8.0
490175814#0,120,0,120,40,0.3464285714285714,0.05314360119047621,6.518725936296812
490175814#0,120,40,120,40,0.33333333333333337,0.04166666666666667,8.0
490175814#0,240,0,120,40,0.65,0.10234374999999998,6.35114503816794
490175814#0,240,40,120,40,0.625,0.078125,8.0
490175814#0,360,0,120,40,0.12857142857142856,0.016071428571428598,7.999999999999986
490175814#0,360,40,120,40,0.16666666666666669,0.020833333333333336,8.0
490175814#0,480,0,120,40,0.20833333333333334,0.034281994047619065,6.077048290830166
490175814#0,480,40,120,40,0.20833333333333334,0.026041666666666664,8.000000000000002
490175814#0,600,0,120,40,0.0,0.0,8.0
490175814#0,600,40,120,40,0.0,0.0,8.0
490175814#0,720,0,120,40,0.0,0.0,8.0
490175814#0,720,40,120,40,0.0,0.0,8.0
490175814#0,840,0,120,40,0.04166666666666667,0.005208333333333299,8.000000000000053
490175814#0,840,40,120,40,0.04166666666666667,0.005208333333333334,8.0
490175814#0,960,0,120,40,0.125,0.015625000000000017,7.999999999999991
490175814#0,960,40,120,40,0.125,0.015625,8.0
490175814#0,1080,0,120,40,0.08333333333333334,0.010416666666666598,8.000000000000053
490175814#0,1080,40,120,40,0.08333333333333334,0.010416666666666668,8.0
490175814#0,1200,0,120,40,0.20833333333333334,0.026041666666666623,8.000000000000014
490175814#0,1200,40,120,40,0.18720238095238098,0.023400297619047623,8.0
490175814#0,1320,0,120,40,0.13005952380952382,0.016257440476190592,7.999999999999944
490175814#0,1320,40,120,40,0.14613095238095236,0.018266369047619045,8.0
490175814#0,1440,0,120,40,0.2866071428571429,0.03582589285714276,8.000000000000023
490175814#0,1440,40,120,40,0.29166666666666663,0.03645833333333333,8.0
490175814#0,1560,0,120,40,0.1875,0.023437499999999955,8.000000000000016
490175814#0,1560,40,120,40,0.125,0.015625,8.0
490175814#0,1680,0,120,40,0.1875,0.023437499999999896,8.000000000000036
490175814#0,1680,40,120,40,0.25,0.03125,8.0
490175814#0,1800,0,120,40,0.04166666666666667,0.005208333333333391,7.999999999999912
490175814#0,1800,40,120,40,0.04166666666666667,0.005208333333333334,8.0
490175814#0,1920,0,120,40,0.04166666666666667,0.00520833333333323,8.00000000000016
490175814#0,1920,40,120,40,0.04166666666666667,0.005208333333333334,8.0
490175814#0,2040,0,120,40,0.08333333333333334,0.01041666666666655,8.00000000000009
490175814#0,2040,40,120,40,0.08333333333333334,0.010416666666666668,8.0
490175814#0,2160,0,120,40,0.16666666666666669,0.020833333333332996,8.000000000000131
490175814#0,2160,40,120,40,0.16666666666666669,0.020833333333333336,8.0
490175814#0,2280,0,120,40,0.20833333333333334,0.026041666666665953,8.00000000000022
490175814#0,2280,40,120,40,0.20833333333333334,0.026041666666666668,8.0
490175814#0,2400,0,120,40,0.08333333333333334,0.010416666666666645,8.000000000000018
490175814#0,2400,40,120,40,0.08333333333333334,0.010416666666666668,8.0
490175814#0,2520,0,120,40,0.125,0.015624999999999592,8.00000000000021
490175814#0,2520,40,120,40,0.125,0.015625,8.0
490175814#0,2640,0,120,40,0.29166666666666663,0.036458333333332246,8.000000000000238
490175814#0,2640,40,120,40,0.29166666666666663,0.03645833333333333,8.0
490175814#0,2760,0,120,40,0.171875,0.021484375000000135,7.999999999999949
490175814#0,2760,40,120,40,0.125,0.015625,8.0
490175814#0,2880,0,120,40,0.4947916666666667,0.06184895833333356,7.999999999999972
490175814#0,2880,40,120,40,0.5416666666666667,0.06770833333333334,8.0
490175814#0,3000,0,120,40,0.20833333333333334,0.026041666666666914,7.9999999999999245
490175814#0,3000,40,120,40,0.20833333333333334,0.026041666666666668,8.0
490175814#0,3120,0,120,40,0.375,0.04962797619047542,7.55622188905559
490175814#0,3120,40,120,40,0.3613095238095238,0.045163690476190475,8.0
490175814#0,3240,0,120,40,0.25,0.040364583333333134,6.193548387096805
490175814#0,3240,40,120,40,0.2636904761904762,0.032961309523809525,8.0
490175814#0,3360,0,120,40,0.125,0.01562499999999939,8.000000000000313
490175814#0,3360,40,120,40,0.125,0.015625,8.0
490175814#0,3480,0,120,40,0.25,0.03125000000000007,7.999999999999982
490175814#0,3480,40,120,40,0.25,0.03125,8.0
490175814#0,3600,0,120,40,0.04166666666666667,0.005208333333333536,7.99999999999969
490175814#0,3600,40,120,40,0.04166666666666667,0.005208333333333334,8.0
490175814#0,3720,0,120,40,0.04166666666666667,0.005208333333333334,8.0
490175814#0,3720,40,120,40,0.04166666666666667,0.005208333333333334,8.0
490175814#0,3840,0,120,40,0.08333333333333334,0.010416666666666668,8.0
490175814#0,3840,40,120,40,0.08333333333333334,0.010416666666666668,8.0
490175814#0,3960,0,120,40,0.04166666666666667,0.005208333333333334,8.0
490175814#0,3960,40,120,40,0.04166666666666667,0.005208333333333334,8.0
490175814#0,4080,0,120,40,0.25,0.03124999999999824,8.000000000000451
490175814#0,4080,40,120,40,0.24761904761904763,0.03105158730158735,7.974440894568677
490175814#0,4200,0,120,40,0.41646825396825393,0.052058531746031346,8.00000000000006
490175814#0,4200,40,120,40,0.41904761904761906,0.05243055555555556,7.992431409649953
490175814#0,4320,0,120,40,0.20833333333333334,0.026041666666666623,8.000000000000014
490175814#0,4320,40,120,40,0.20833333333333334,0.026041666666666668,8.0
490175814#0,4440,0,120,40,0.16666666666666669,0.020833333333333336,8.0
490175814#0,4440,40,120,40,0.16666666666666669,0.020833333333333336,8.0
490175814#0,4560,0,120,40,0.125,0.015625000000000045,7.999999999999977
490175814#0,4560,40,120,40,0.09181547619047617,0.011476934523809521,8.0
490175814#0,4680,0,120,40,0.25,0.03125000000000037,7.999999999999906
490175814#0,4680,40,120,40,0.2828869047619048,0.0353608630952381,8.0
490175814#0,4800,0,120,40,0.125,0.01562500000000027,7.9999999999998614
490175814#0,4800,40,120,40,0.12529761904761902,0.015662202380952384,7.9999999999999964
490175814#0,4920,0,120,40,0.20833333333333334,0.026041666666666248,8.00000000000013
490175814#0,4920,40,120,40,0.20833333333333334,0.026041666666666664,8.000000000000002
490175814#0,5040,0,120,40,0.08333333333333334,0.010416666666666533,8.000000000000105
490175814#0,5040,40,120,40,0.08333333333333334,0.010416666666666668,8.0
490175814#0,5160,0,120,40,0.08313492063492064,0.010391865079364673,8.000000000000314
490175814#0,5160,40,120,40,0.08333333333333334,0.010416666666666668,8.0
490175814#0,5280,0,120,40,0.04166666666666667,0.005208333333333334,8.0
490175814#0,5280,40,120,40,0.04166666666666667,0.005208333333333334,8.0
490175814#0,5400,0,120,40,0.33333333333333337,0.041666666666665485,8.000000000000227
490175814#0,5400,40,120,40,0.33333333333333337,0.04166666666666667,8.0
490175814#0,5520,0,120,40,0.04166666666666667,0.005208333333333467,7.999999999999797
490175814#0,5520,40,120,40,0.04166666666666667,0.005208333333333334,8.0
490175814#0,5640,0,120,40,0.25,0.03125000000000004,7.999999999999989
490175814#0,5640,40,120,40,0.25,0.031249999999999962,8.00000000000001
490175814#0,5760,0,120,40,0.04166666666666667,0.005208333333333334,8.0
490175814#0,5760,40,120,40,0.04166666666666667,0.005208333333333334,8.0
490175814#0,5880,0,120,40,0.25,0.03124999999999959,8.000000000000105
490175814#0,5880,40,120,40,0.25,0.03125,8.0
490175814#0,6000,0,120,40,0.08333333333333334,0.01041666666666626,8.000000000000313
490175814#0,6000,40,120,40,0.08333333333333334,0.010416666666666666,8.000000000000002
490175814#0,6120,0,120,40,0.29166666666666663,0.037109375,7.859649122807016
490175814#0,6120,40,120,40,0.29166666666666663,0.03645833333333333,8.0
490175814#0,6240,0,120,40,0.33333333333333337,0.04166666666666775,7.999999999999794
490175814#0,6240,40,120,40,0.33333333333333337,0.041666666666666706,7.999999999999994
490175814#0,6360,0,120,40,0.20833333333333334,0.026692708333333603,7.8048780487804095
490175814#0,6360,40,120,40,0.20833333333333334,0.026041666666666668,8.0
490175814#0,6480,0,120,40,0.16875,0.02617187499999991,6.447761194029873
490175814#0,6480,40,120,40,0.16666666666666669,0.020833333333333336,8.0
490175814#0,6600,0,120,40,0.45625,0.0755146329365078,6.041875359224906
490175814#0,6600,40,120,40,0.4583333333333333,0.05729166666666667,7.999999999999999
490175814#0,6720,0,120,40,0.3488095238095238,0.04360119047619115,7.9999999999998765
490175814#0,6720,40,120,40,0.33333333333333337,0.04166666666666668,7.999999999999999
490175814#0,6840,0,120,40,0.06785714285714287,0.00848214285714245,8.000000000000384
490175814#0,6840,40,120,40,0.08333333333333334,0.010416666666666666,8.000000000000002
490175814#0,6960,0,120,40,0.04166666666666667,0.005208333333333648,7.999999999999518
490175814#0,6960,40,120,40,0.04166666666666667,0.005208333333333334,8.0
490175814#0,7080,0,120,40,0.0,0.0,8.0
490175814#0,7080,40,120,40,0.0,0.0,8.0
498269278#0,0,0,120,40,0.04166666666666667,0.005208333333333334,8.0
498269278#0,0,40,120,40,0.04166666666666667,0.005208333333333334,8.0
498269278#0,0,80,120,40,0.04166666666666667,0.005208333333333334,8.0
498269278#0,0,120,120,40,0.04166666666666667,0.005208333333333334,8.0
498269278#0,120,0,120,40,0.04166666666666667,0.005208333333333334,8.0
498269278#0,120,40,120,40,0.04166666666666667,0.005208333333333334,8.0
498269278#0,120,80,120,40,0.04166666666666667,0.005208333333333334,8.0
498269278#0,120,120,120,40,0.04166666666666667,0.005208333333333334,8.0
498269278#0,240,0,120,40,0.20833333333333334,0.026041666666666668,8.0
498269278#0,240,40,120,40,0.20729166666666665,0.02591145833333333,8.0
498269278#0,240,80,120,40,0.16666666666666669,0.020833333333333336,8.0
498269278#0,240,120,120,40,0.165625,0.020703125,8.0
498269278#0,360,0,120,40,0.25,0.03125,8.0
498269278#0,360,40,120,40,0.25,0.03134765625,7.975077881619938
498269278#0,360,80,120,40,0.25,0.03585975796568627,6.9716031056099625
498269278#0,360,120,120,40,0.25104166666666666,0.04292279411764706,5.848679514632405
498269278#0,480,0,120,40,0.16666666666666669,0.020833333333333336,8.0
498269278#0,480,40,120,40,0.16770833333333332,0.020963541666666665,8.0
498269278#0,480,80,120,40,0.20833333333333334,0.026041666666666668,8.0
498269278#0,480,120,120,40,0.20833333333333334,0.026041666666666668,8.0
498269278#0,600,0,120,40,0.0,0.0,8.0
498269278#0,600,40,120,40,0.0,0.0,8.0
498269278#0,600,80,120,40,0.0,0.0,8.0
498269278#0,600,120,120,40,0.0,0.0,8.0
498269278#0,720,0,120,40,0.04166666666666667,0.005208333333333334,8.0
498269278#0,720,40,120,40,0.04166666666666667,0.005208333333333334,8.0
498269278#0,720,80,120,40,0.04166666666666667,0.005208333333333334,8.0
498269278#0,720,120,120,40,0.04166666666666667,0.005208333333333334,8.0
498269278#0,840,0,120,40,0.303125,0.08078125,3.7524177949709863
498269278#0,840,40,120,40,0.2875,0.04934895833333333,5.825857519788918
498269278#0,840,80,120,40,0.240625,0.05768229166666666,4.1715575620767495
498269278#0,840,120,120,40,0.20833333333333334,0.046875,4.444444444444445
498269278#0,960,0,120,40,0.196875,0.04547111742424243,4.329671473941791
498269278#0,960,40,120,40,0.2125,0.08601325757575758,2.470549377958824
498269278#0,960,80,120,40,0.259375,0.16220238095238096,1.5990825688073396
498269278#0,960,120,120,40,0.29166666666666663,0.10835193452380953,2.6918454935622314
498269278#0,1080,0,120,40,0.29166666666666663,0.06515625,4.476418864908073
498269278#0,1080,40,120,40,0.2875,0.044140625,6.513274336283185
498269278#0,1080,80,120,40,0.25,0.04488467261904762,5.5698300870285955
498269278#0,1080,120,120,40,0.225,0.03725818452380952,6.038941587618573
498269278#0,1200,0,120,40,0.375,0.10495028409090909,3.5731203897949517
498269278#0,1200,40,120,40,0.359375,0.084004329004329,4.278053336768874
498269278#0,1200,80,120,40,0.3302083333333333,0.1263578869047619,2.6132783747975856
498269278#0,1200,120,120,40,0.29166666666666663,0.09622395833333333,3.031123139377537
498269278#0,1320,0,120,40,0.125,0.123203125,1.0145846544071022
498269278#0,1320,40,120,40,0.14479166666666668,0.08997395833333334,1.609261939218524
498269278#0,1320,80,120,40,0.21145833333333336,0.14553571428571427,1.4529652351738245
498269278#0,1320,120,120,40,0.275,0.09343005952380953,2.9433781954288443
498269278#0,1440,0,120,40,0.125,0.020182291666666664,6.193548387096775
498269278#0,1440,40,120,40,0.125,0.015625,8.0
498269278#0,1440,80,120,40,0.125,0.015625,8.0
498269278#0,1440,120,120,40,0.125,0.01905776515151515,6.559006211180125
498269278#0,1560,0,120,40,0.25,0.04361979166666667,5.731343283582089
498269278#0,1560,40,120,40,0.25,0.03125,8.0
498269278#0,1560,80,120,40,0.25,0.03125,8.0
498269278#0,1560,120,120,40,0.25,0.03125,8.0
498269278#0,1680,0,120,40,0.4166666666666667,0.052083333333333336,8.0
498269278#0,1680,40,120,40,0.4166666666666667,0.052083333333333336,8.0
498269278#0,1680,80,120,40,0.415625,0.051953125,8.0
498269278#0,1680,120,120,40,0.375,0.046875,8.0
498269278#0,1800,0,120,40,0.165625,0.020703125,8.0
498269278#0,1800,40,120,40,0.125,0.015625,8.0
498269278#0,1800,80,120,40,0.125,0.015625,8.0
498269278#0,1800,120,120,40,0.125,0.015625,8.0
498269278#0,1920,0,120,40,0.334375,0.05091145833333334,6.5677749360613795
498269278#0,1920,40,120,40,0.33854166666666663,0.04296409970238095,7.879640653750405
498269278#0,1920,80,120,40,0.32395833333333335,0.06098810617997199,5.311828053446242
498269278#0,1920,120,120,40,0.33333333333333337,0.06667279411764707,4.999540483411451
498269278#0,2040,0,120,40,0.16666666666666669,0.024088541666666664,6.91891891891892
498269278#0,2040,40,120,40,0.203125,0.025390625,8.0
498269278#0,2040,80,120,40,0.21875,0.02734375,8.0
498269278#0,2040,120,120,40,0.25,0.03125,8.0
498269278#0,2160,0,120,40,0.0,0.0,8.0
498269278#0,2160,40,120,40,0.0,0.0,8.0
498269278#0,2160,80,120,40,0.0,0.0,8.0
498269278#0,2160,120,120,40,0.0,0.0,8.0
498269278#0,2280,0,120,40,0.0,0.0,8.0
498269278#0,2280,40,120,40,0.0,0.0,8.0
498269278#0,2280,80,120,40,0.0,0.0,8.0
498269278#0,2280,120,120,40,0.0,0.0,8.0
498269278#0,2400,0,120,40,0.24583333333333335,0.030835700757575756,7.972360844529751
498269278#0,2400,40,120,40,0.20833333333333334,0.030409648944805197,6.850895704566244
498269278#0,2400,80,120,40,0.16354166666666667,0.038852689513305325,4.209275309259116
498269278#0,2400,120,120,40,0.125,0.03633425245098039,3.440279944348413
498269278#0,2520,0,120,40,0.2125,0.07216145833333333,2.9447852760736195
498269278#0,2520,40,120,40,0.25,0.07072544642857143,3.534795644626795
498269278#0,2520,80,120,40,0.2947916666666667,0.09785714285714285,3.012469586374696
498269278#0,2520,120,120,40,0.33333333333333337,0.08543526785714287,3.901589375136077
498269278#0,2640,0,120,40,0.0,0.0,8.0
498269278#0,2640,40,120,40,0.0,0.0,8.0
498269278#0,2640,80,120,40,0.0,0.0,8.0
498269278#0,2640,120,120,40,0.0,0.0,8.0
498269278#0,2760,0,120,40,0.0,0.0,8.0
498269278#0,2760,40,120,40,0.0,0.0,8.0
498269278#0,2760,80,120,40,0.0,0.0,8.0
498269278#0,2760,120,120,40,0.0,0.0,8.0
498269278#0,2880,0,120,40,0.0,0.0,8.0
498269278#0,2880,40,120,40,0.0,0.0,8.0
498269278#0,2880,80,120,40,0.0,0.0,8.0
498269278#0,2880,120,120,40,0.0,0.0,8.0
498269278#0,3000,0,120,40,0.057291666666666664,0.010416666666666668,5.499999999999999
498269278#0,3000,40,120,40,0.04166666666666667,0.005208333333333334,8.0
498269278#0,3000,80,120,40,0.0,0.0,8.0
498269278#0,3000,120,120,40,0.0,0.0,8.0
498269278#0,3120,0,120,40,0.19270833333333331,0.033203125,5.803921568627451
498269278#0,3120,40,120,40,0.20833333333333334,0.026041666666666668,8.0
498269278#0,3120,80,120,40,0.20520833333333335,0.041015625,5.003174603174604
498269278#0,3120,120,120,40,0.16666666666666669,0.03299479166666667,5.05130228887135
498269278#0,3240,0,120,40,0.08333333333333334,0.010416666666666668,8.0
498269278#0,3240,40,120,40,0.08333333333333334,0.010416666666666668,8.0
498269278#0,3240,80,120,40,0.128125,0.024583333333333332,5.211864406779661
498269278#0,3240,120,120,40,0.16666666666666669,0.034765625,4.794007490636704
498269278#0,3360,0,120,40,0.0,0.0,8.0
498269278#0,3360,40,120,40,0.0,0.0,8.0
498269278#0,3360,80,120,40,0.0,0.0,8.0
498269278#0,3360,120,120,40,0.0,0.0,8.0
498269278#0,3480,0,120,40,0.29166666666666663,0.051432291666666664,5.670886075949366
498269278#0,3480,40,120,40,0.265625,0.033203125,8.0
498269278#0,3480,80,120,40,0.25,0.03125,8.0
498269278#0,3480,120,120,40,0.20833333333333334,0.026041666666666668,8.0
498269278#0,3600,0,120,40,0.16666666666666669,0.022135416666666664,7.529411764705884
498269278#0,3600,40,120,40,0.19166666666666668,0.023958333333333335,8.0
498269278#0,3600,80,120,40,0.16666666666666669,0.021009497549019606,7.9329201604083135
498269278#0,3600,120,120,40,0.18333333333333332,0.028209252450980393,6.499049687754547
498269278#0,3720,0,120,40,0.125,0.015625,8.0
498269278#0,3720,40,120,40,0.12604166666666666,0.0158203125,7.967078189300412
498269278#0,3720,80,120,40,0.16666666666666669,0.024902726715686274,6.692707532371667
498269278#0,3720,120,120,40,0.19166666666666668,0.033417585784313725,5.735503094201238
498269278#0,3840,0,120,40,0.20833333333333334,0.026041666666666668,8.0
498269278#0,3840,40,120,40,0.20833333333333334,0.026041666666666668,8.0
498269278#0,3840,80,120,40,0.20833333333333334,0.026041666666666668,8.0
498269278#0,3840,120,120,40,0.20833333333333334,0.026041666666666668,8.0
498269278#0,3960,0,120,40,0.20833333333333334,0.026041666666666668,8.0
498269278#0,3960,40,120,40,0.20833333333333334,0.026041666666666668,8.0
498269278#0,3960,80,120,40,0.20833333333333334,0.027389705882352938,7.606263982102909
498269278#0,3960,120,120,40,0.19895833333333332,0.030162377450980393,6.596241747079735
498269278#0,4080,0,120,40,0.08333333333333334,0.010416666666666668,8.0
498269278#0,4080,40,120,40,0.08333333333333334,0.010416666666666668,8.0
498269278#0,4080,80,120,40,0.08333333333333334,0.010416666666666668,8.0
498269278#0,4080,120,120,40,0.09270833333333334,0.011588541666666667,8.0
498269278#0,4200,0,120,40,0.125,0.015625,8.0
498269278#0,4200,40,120,40,0.125,0.015625,8.0
498269278#0,4200,80,120,40,0.125,0.015625,8.0
498269278#0,4200,120,120,40,0.125,0.015625,8.0
498269278#0,4320,0,120,40,0.0,0.0,8.0
498269278#0,4320,40,120,40,0.0,0.0,8.0
498269278#0,4320,80,120,40,0.0,0.0,8.0
498269278#0,4320,120,120,40,0.0,0.0,8.0
498269278#0,4440,0,120,40,0.375,0.06315104166666666,5.938144329896908
498269278#0,4440,40,120,40,0.375,0.046875,8.0
498269278#0,4440,80,120,40,0.375,0.046875,8.0
498269278#0,4440,120,120,40,0.33333333333333337,0.04280073924731183,7.78802747791953
498269278#0,4560,0,120,40,0.0,0.0,8.0
498269278#0,4560,40,120,40,0.0,0.0,8.0
498269278#0,4560,80,120,40,0.0,0.0,8.0
498269278#0,4560,120,120,40,0.04166666666666667,0.005208333333333334,8.0
498269278#0,4680,0,120,40,0.25,0.03125,8.0
498269278#0,4680,40,120,40,0.24895833333333334,0.031119791666666667,8.0
498269278#0,4680,80,120,40,0.20833333333333334,0.026041666666666668,8.0
498269278#0,4680,120,120,40,0.20729166666666665,0.02591145833333333,8.0
498269278#0,4800,0,120,40,0.125,0.015625,8.0
498269278#0,4800,40,120,40,0.12604166666666666,0.015755208333333333,8.0
498269278#0,4800,80,120,40,0.16666666666666669,0.020833333333333336,8.0
498269278#0,4800,120,120,40,0.16770833333333332,0.020963541666666665,8.0
498269278#0,4920,0,120,40,0.29166666666666663,0.052734375,5.530864197530864
498269278#0,4920,40,120,40,0.26041666666666663,0.03426846590909091,7.599309153713297
498269278#0,4920,80,120,40,0.20520833333333335,0.03669507575757576,5.5922580645161295
498269278#0,4920,120,120,40,0.14166666666666666,0.035333806818181816,4.009380234505863
498269278#0,5040,0,120,40,0.29166666666666663,0.03645833333333333,8.0
498269278#0,5040,40,120,40,0.32291666666666663,0.05465494791666666,5.9082787373436565
498269278#0,5040,80,120,40,0.378125,0.06820350796568628,5.544069671463785
498269278#0,5040,120,120,40,0.4416666666666667,0.06987591911764705,6.320727830757427
498269278#0,5160,0,120,40,0.0,0.0,8.0
498269278#0,5160,40,120,40,0.0,0.0,8.0
498269278#0,5160,80,120,40,0.0,0.0,8.0
498269278#0,5160,120,120,40,0.0,0.0,8.0
498269278#0,5280,0,120,40,0.04166666666666667,0.005208333333333334,8.0
498269278#0,5280,40,120,40,0.04166666666666667,0.005208333333333334,8.0
498269278#0,5280,80,120,40,0.04166666666666667,0.005208333333333334,8.0
498269278#0,5280,120,120,40,0.04166666666666667,0.005208333333333334,8.0
498269278#0,5400,0,120,40,0.125,0.015625,8.0
498269278#0,5400,40,120,40,0.125,0.015625,8.0
498269278#0,5400,80,120,40,0.125,0.015801164215686274,7.910809500727097
498269278#0,5400,120,120,40,0.125,0.020917585784313724,5.975833028194801
498269278#0,5520,0,120,40,0.08333333333333334,0.010416666666666668,8.0
498269278#0,5520,40,120,40,0.08333333333333334,0.010416666666666668,8.0
498269278#0,5520,80,120,40,0.08229166666666667,0.010286458333333333,8.0
498269278#0,5520,120,120,40,0.04166666666666667,0.005208333333333334,8.0
498269278#0,5640,0,120,40,0.0,0.0,8.0
498269278#0,5640,40,120,40,0.0,0.0,8.0
498269278#0,5640,80,120,40,0.0010416666666666667,0.00013020833333333333,8.0
498269278#0,5640,120,120,40,0.04166666666666667,0.007682291666666667,5.423728813559323
498269278#0,5760,0,120,40,0.0,0.0,8.0
498269278#0,5760,40,120,40,0.0,0.0,8.0
498269278#0,5760,80,120,40,0.0,0.0,8.0
498269278#0,5760,120,120,40,0.0,0.0,8.0
498269278#0,5880,0,120,40,0.0,0.0,8.0
498269278#0,5880,40,120,40,0.0,0.0,8.0
498269278#0,5880,80,120,40,0.0,0.0,8.0
498269278#0,5880,120,120,40,0.0,0.0,8.0
498269278#0,6000,0,120,40,0.0,0.0,8.0
498269278#0,6000,40,120,40,0.0,0.0,8.0
498269278#0,6000,80,120,40,0.0,0.0,8.0
498269278#0,6000,120,120,40,0.0,0.0,8.0
498269278#0,6120,0,120,40,0.08333333333333334,0.013671875,6.095238095238096
498269278#0,6120,40,120,40,0.08333333333333334,0.010416666666666668,8.0
498269278#0,6120,80,120,40,0.08333333333333334,0.010416666666666668,8.0
498269278#0,6120,120,120,40,0.08333333333333334,0.01736979166666667,4.7976011994003
498269278#0,6240,0,120,40,0.0,0.0,8.0
498269278#0,6240,40,120,40,0.0,0.0,8.0
498269278#0,6240,80,120,40,0.0,0.0,8.0
498269278#0,6240,120,120,40,0.0,0.0,8.0
498269278#0,6360,0,120,40,0.4166666666666667,0.07609375,5.475701574264202
498269278#0,6360,40,120,40,0.38645833333333335,0.05599888392857142,6.901179206111943
498269278#0,6360,80,120,40,0.365625,0.06229111957282912,5.86961676892837
498269278#0,6360,120,120,40,0.33333333333333337,0.05934764530812324,5.616622725345233
498269278#0,6480,0,120,40,0.33333333333333337,0.055338541666666664,6.023529411764707
498269278#0,6480,40,120,40,0.3625,0.04724702380952381,7.67244094488189
498269278#0,6480,80,120,40,0.34270833333333334,0.04399181547619048,7.790274841437632
498269278#0,6480,120,120,40,0.37395833333333334,0.047674851190476195,7.843932891143191
498269278#0,6600,0,120,40,0.20833333333333334,0.026041666666666668,8.0
498269278#0,6600,40,120,40,0.209375,0.026171875,8.0
498269278#0,6600,80,120,40,0.25,0.031426164215686274,7.955154764806239
498269278#0,6600,120,120,40,0.25104166666666666,0.03854779411764706,6.51247814337943
498269278#0,6720,0,120,40,0.125,0.015625,8.0
498269278#0,6720,40,120,40,0.125,0.015657552083333335,7.983367983367983
498269278#0,6720,80,120,40,0.115625,0.03647173713235294,3.170263033548591
498269278#0,6720,120,120,40,0.058333333333333334,0.03862591911764706,1.5102121752924846
498269278#0,6840,0,120,40,0.0,0.0,8.0
498269278#0,6840,40,120,40,0.0,0.0,8.0
498269278#0,6840,80,120,40,0.009375,0.017499999999999998,0.5357142857142857
498269278#0,6840,120,120,40,0.06666666666666667,0.03229166666666667,2.064516129032258
498269278#0,6960,0,120,40,0.04166666666666667,0.005208333333333334,8.0
498269278#0,6960,40,120,40,0.04166666666666667,0.005208333333333334,8.0
498269278#0,6960,80,120,40,0.04166666666666667,0.005208333333333334,8.0
498269278#0,6960,120,120,40,0.04166666666666667,0.005208333333333334,8.0
498269278#0,7080,0,120,40,0.0,0.0,8.0
498269278#0,7080,40,120,40,0.0,0.0,8.0
498269278#0,7080,80,120,40,0.0,0.0,8.0
498269278#0,7080,120,120,40,0.0,0.0,8.0
526213093#0,0,0,120,70,0.041666666666666664,0.0029761904761904765,13.999999999999998
526213093#0,120,0,120,70,0.7083333333333334,0.0784438775510204,9.029810298102982
526213093#0,240,0,120,70,0.7791666666666667,0.05856671881504727,13.303915302601501
526213093#0,360,0,120,70,0.4708333333333334,0.03363095238095235,14.000000000000014
526213093#0,480,0,120,70,0.5416666666666666,0.038690476190476095,14.000000000000034
526213093#0,600,0,120,70,0.7035714285714286,0.0531543741331516,13.236378756129902
526213093#0,720,0,120,70,0.3476190476190476,0.024829931972789106,14.000000000000005
526213093#0,840,0,120,70,0.6154761904761905,0.043962585034013686,13.999999999999975
526213093#0,960,0,120,70,0.7083333333333334,0.05059523809523815,13.999999999999986
526213093#0,1080,0,120,70,0.625,0.044729558490062236,13.972863160249146
526213093#0,1200,0,120,70,0.45833333333333337,0.032738095238095226,14.000000000000007
526213093#0,1320,0,120,70,0.5416666666666666,0.04108205782312927,13.184993531694689
526213093#0,1440,0,120,70,0.08333333333333333,0.005952380952380929,14.000000000000055
526213093#0,1560,0,120,70,0.4005952380952381,0.028619166965031858,13.997445788156686
526213093#0,1680,0,120,70,0.2244047619047619,0.016058923569427713,13.973835851113584
526213093#0,1800,0,120,70,0.16666666666666666,0.01190476190476194,13.999999999999957
526213093#0,1920,0,120,70,0.16076388888888882,0.011483134920635034,13.999999999999856
526213093#0,2040,0,120,70,0.25590277777777787,0.01835306330210981,13.943327801215622
526213093#0,2160,0,120,70,0.45833333333333337,0.032738095238095316,13.999999999999968
526213093#0,2280,0,120,70,0.16666666666666666,0.01190476190476179,14.000000000000135
526213093#0,2400,0,120,70,1.0,0.0739370748299331,13.525014376078
526213093#0,2520,0,120,70,0.4166666666666667,0.029761904761904878,13.999999999999947
526213093#0,2640,0,120,70,0.7625,0.054464285714285667,14.00000000000001
526213093#0,2760,0,120,70,0.5708333333333334,0.0408038215286107,13.98970272755159
526213093#0,2880,0,120,70,0.5636904761904762,0.04026360544217682,14.000000000000018
526213093#0,3000,0,120,70,1.1946428571428571,0.13091593780369346,9.125266771828857
526213093#0,3120,0,120,70,1.1166666666666667,0.09464285714285689,11.798742138364812
526213093#0,3240,0,120,70,0.375,0.026785714285714423,13.999999999999929
526213093#0,3360,0,120,70,0.3333333333333333,0.023809523809523215,14.000000000000348
526213093#0,3480,0,120,70,0.41999007936507937,0.0301262780185819,13.940987967581968
526213093#0,3600,0,120,70,0.9550099206349206,0.06830842044496609,13.98085205914462
526213093#0,3720,0,120,70,0.6666666666666666,0.04761904761904776,13.999999999999957
526213093#0,3840,0,120,70,0.2875,0.02055933484504944,13.98391544117626
526213093#0,3960,0,120,70,0.6289186507936508,0.05027990362811783,12.50835036290609
526213093#0,4080,0,120,70,0.9583333333333333,0.0708758503401367,13.521295740851706
526213093#0,4200,0,120,70,0.23839285714285716,0.017028061224490805,13.99999999999917
526213093#0,4320,0,120,70,0.17827380952380953,0.012733843537415121,13.99999999999983
526213093#0,4440,0,120,70,0.625,0.044809802293621866,13.947841052826096
526213093#0,4560,0,120,70,0.20833333333333334,0.014880952380952182,14.000000000000188
526213093#0,4680,0,120,70,0.5266369047619048,0.03761692176870647,14.000000000000378
526213093#0,4800,0,120,70,0.9828869047619047,0.07773779154518946,12.643617540775471
526213093#0,4920,0,120,70,0.6857142857142857,0.048979591836734254,14.000000000000126
526213093#0,5040,0,120,70,0.09642857142857143,0.006887755102040724,14.000000000000188
526213093#0,5160,0,120,70,0.2916666666666667,0.020833333333333807,13.999999999999682
526213093#0,5280,0,120,70,0.125,0.00892857142857133,14.000000000000156
526213093#0,5400,0,120,70,0.08333333333333333,0.005952380952381158,13.999999999999517
526213093#0,5520,0,120,70,0.125,0.008928571428571248,14.000000000000284
526213093#0,5640,0,120,70,0.041666666666666664,0.002976190476190604,13.999999999999398
526213093#0,5760,0,120,70,0.16666666666666666,0.011904761904761906,13.999999999999998
526213093#0,5880,0,120,70,0.20833333333333334,0.014880952380952075,14.000000000000288
526213093#0,6000,0,120,70,0.45833333333333337,0.03273809523809506,14.000000000000078
526213093#0,6120,0,120,70,0.20833333333333334,0.014880952380952772,13.999999999999632
526213093#0,6240,0,120,70,0.2916666666666667,0.020833333333333332,14.000000000000002
526213093#0,6360,0,120,70,0.08333333333333333,0.005952380952380953,13.999999999999998
526213093#0,6480,0,120,70,0.4625,0.038392857142855966,12.046511627907346
526213093#0,6600,0,120,70,0.5071428571428571,0.03622448979591785,14.000000000000199
526213093#0,6720,0,120,70,0.44702380952380955,0.03198390467297985,13.976523945228529
526213093#0,6840,0,120,70,0.25,0.017857142857143248,13.999999999999693
526213093#0,6960,0,120,70,0.25,0.01785714285714368,13.999999999999357
526213093#0,7080,0,120,70,0.0,0.0,14.0
536376961#0,0,0,120,40,0.0,0.0,8.0
536376961#0,0,40,120,40,0.0,0.0,8.0
536376961#0,0,80,120,40,0.0,0.0,8.0
536376961#0,0,120,120,40,0.0,0.0,8.0
536376961#0,0,160,120,40,0.0,0.0,8.0
536376961#0,120,0,120,40,0.0,0.0,8.0
536376961#0,120,40,120,40,0.0,0.0,8.0
536376961#0,120,80,120,40,0.0,0.0,8.0
536376961#0,120,120,120,40,0.0,0.0,8.0
536376961#0,120,160,120,40,0.0,0.0,8.0
536376961#0,240,0,120,40,0.125,0.015624999999999976,8.000000000000012
536376961#0,240,40,120,40,0.125,0.015625,8.0
536376961#0,240,80,120,40,0.125,0.015625,8.0
536376961#0,240,120,120,40,0.125,0.015625,8.0
536376961#0,240,160,120,40,0.125,0.018244830827067668,6.851255634256279
536376961#0,360,0,120,40,0.0,0.0,8.0
536376961#0,360,40,120,40,0.0,0.0,8.0
536376961#0,360,80,120,40,0.0,0.0,8.0
536376961#0,360,120,120,40,0.0,0.0,8.0
536376961#0,360,160,120,40,0.0,0.0,8.0
536376961#0,480,0,120,40,0.08333333333333334,0.010416666666666668,8.0
536376961#0,480,40,120,40,0.078125,0.009765625,8.0
536376961#0,480,80,120,40,0.04166666666666667,0.005208333333333334,8.0
536376961#0,480,120,120,40,0.04166666666666667,0.005208333333333334,8.0
536376961#0,480,160,120,40,0.04166666666666667,0.005208333333333334,8.0
536376961#0,600,0,120,40,0.11979166666666667,0.014973958333333334,8.0
536376961#0,600,40,120,40,0.08854166666666666,0.011067708333333332,8.0
536376961#0,600,80,120,40,0.125,0.015625,8.0
536376961#0,600,120,120,40,0.125,0.015625,8.0
536376961#0,600,160,120,40,0.125,0.015625,8.0
536376961#0,720,0,120,40,0.005208333333333334,0.0006510416666666667,8.0
536376961#0,720,40,120,40,0.04166666666666667,0.005208333333333334,8.0
536376961#0,720,80,120,40,0.04166666666666667,0.005208333333333334,8.0
536376961#0,720,120,120,40,0.04166666666666667,0.005208333333333334,8.0
536376961#0,720,160,120,40,0.04166666666666667,0.005208333333333334,8.0
536376961#0,840,0,120,40,0.08333333333333334,0.010416666666666668,8.0
536376961#0,840,40,120,40,0.04166666666666667,0.005208333333333334,8.0
536376961#0,840,80,120,40,0.04166666666666667,0.005208333333333334,8.0
536376961#0,840,120,120,40,0.04166666666666667,0.005208333333333334,8.0
536376961#0,840,160,120,40,0.04166666666666667,0.005208333333333334,8.0
536376961#0,960,0,120,40,0.08333333333333334,0.010416666666666668,8.0
536376961#0,960,40,120,40,0.125,0.015625,8.0
536376961#0,960,80,120,40,0.125,0.015625,8.0
536376961#0,960,120,120,40,0.125,0.015625,8.0
536376961#0,960,160,120,40,0.125,0.015625,8.0
536376961#0,1080,0,120,40,0.203125,0.0253906250000001,7.999999999999968
536376961#0,1080,40,120,40,0.16666666666666669,0.020833333333333332,8.000000000000002
536376961#0,1080,80,120,40,0.16666666666666669,0.020833333333333336,8.0
536376961#0,1080,120,120,40,0.16666666666666669,0.020833333333333332,8.000000000000002
536376961#0,1080,160,120,40,0.16666666666666669,0.020833333333333308,8.00000000000001
536376961#0,1200,0,120,40,0.20833333333333334,0.026041666666666456,8.000000000000066
536376961#0,1200,40,120,40,0.20833333333333334,0.026041666666666668,8.0
536376961#0,1200,80,120,40,0.20833333333333334,0.026041666666666668,8.0
536376961#0,1200,120,120,40,0.20833333333333334,0.026041666666666668,8.0
536376961#0,1200,160,120,40,0.20833333333333334,0.026041666666666685,7.999999999999995
536376961#0,1320,0,120,40,0.08854166666666666,0.011067708333333332,8.0
536376961#0,1320,40,120,40,0.125,0.015625,8.0
536376961#0,1320,80,120,40,0.125,0.015625,8.0
536376961#0,1320,120,120,40,0.125,0.015625,8.0
536376961#0,1320,160,120,40,0.08333333333333334,0.010416666666666668,8.0
536376961#0,1440,0,120,40,0.375,0.053385416666666595,7.024390243902449
536376961#0,1440,40,120,40,0.36458333333333337,0.04557291666666667,8.0
536376961#0,1440,80,120,40,0.33333333333333337,0.04166666666666667,8.0
536376961#0,1440,120,120,40,0.30729166666666663,0.03841145833333333,8.0
536376961#0,1440,160,120,40,0.33333333333333337,0.04166666666666667,8.0
536376961#0,1560,0,120,40,0.29166666666666663,0.036458333333333225,8.000000000000023
536376961#0,1560,40,120,40,0.28125,0.03515625,8.0
536376961#0,1560,80,120,40,0.29166666666666663,0.03645833333333333,8.0
536376961#0,1560,120,120,40,0.28125,0.03515625,8.0
536376961#0,1560,160,120,40,0.28125,0.03529516527355624,7.968513472600665
536376961#0,1680,0,120,40,0.20833333333333334,0.026041666666666668,8.0
536376961#0,1680,40,120,40,0.22916666666666666,0.028645833333333332,8.0
536376961#0,1680,80,120,40,0.25,0.03125,8.0
536376961#0,1680,120,120,40,0.28645833333333337,0.03580729166666667,8.0
536376961#0,1680,160,120,40,0.30208333333333337,0.03776041666666667,8.0
536376961#0,1800,0,120,40,0.33333333333333337,0.04622395833333333,7.211267605633805
536376961#0,1800,40,120,40,0.33333333333333337,0.04166666666666667,8.0
536376961#0,1800,80,120,40,0.33333333333333337,0.04166666666666667,8.0
536376961#0,1800,120,120,40,0.33333333333333337,0.04166666666666667,8.0
536376961#0,1800,160,120,40,0.33333333333333337,0.04166666666666667,8.0
536376961#0,1920,0,120,40,0.375,0.057291666666666664,6.545454545454546
536376961#0,1920,40,120,40,0.34895833333333337,0.04361979166666667,8.0
536376961#0,1920,80,120,40,0.33333333333333337,0.04166666666666667,8.0
536376961#0,1920,120,120,40,0.30625,0.03828125,8.0
536376961#0,1920,160,120,40,0.290625,0.036328125,8.0
536376961#0,2040,0,120,40,0.25,0.03125,8.0
536376961#0,2040,40,120,40,0.27604166666666663,0.03450520833333333,8.0
536376961#0,2040,80,120,40,0.29166666666666663,0.03645833333333333,8.0
536376961#0,2040,120,120,40,0.31875,0.03984375,8.0
536376961#0,2040,160,120,40,0.334375,0.04833333333333333,6.918103448275862
536376961#0,2160,0,120,40,0.29166666666666663,0.04752604166666667,6.136986301369862
536376961#0,2160,40,120,40,0.29166666666666663,0.03645833333333333,8.0
536376961#0,2160,80,120,40,0.29166666666666663,0.03645833333333333,8.0
536376961#0,2160,120,120,40,0.29166666666666663,0.03645833333333333,8.0
536376961#0,2160,160,120,40,0.29166666666666663,0.03645833333333333,8.0
536376961#0,2280,0,120,40,0.125,0.015625,8.0
536376961#0,2280,40,120,40,0.125,0.015625,8.0
536376961#0,2280,80,120,40,0.125,0.015625,8.0
536376961#0,2280,120,120,40,0.125,0.015625,8.0
536376961#0,2280,160,120,40,0.125,0.015625,8.0
536376961#0,2400,0,120,40,0.18229166666666669,0.022786458333333336,8.0
536376961#0,2400,40,120,40,0.16666666666666669,0.020833333333333336,8.0
536376961#0,2400,80,120,40,0.16666666666666669,0.020833333333333336,8.0
536376961#0,2400,120,120,40,0.16666666666666669,0.020833333333333336,8.0
536376961#0,2400,160,120,40,0.16666666666666669,0.020833333333333336,8.0
536376961#0,2520,0,120,40,0.27604166666666663,0.03450520833333333,8.0
536376961#0,2520,40,120,40,0.29166666666666663,0.03645833333333333,8.0
536376961#0,2520,80,120,40,0.29166666666666663,0.03645833333333333,8.0
536376961#0,2520,120,120,40,0.284375,0.07469995471014493,3.8068965517241375
536376961#0,2520,160,120,40,0.25,0.07115942028985509,3.513238289205702
536376961#0,2640,0,120,40,0.08333333333333334,0.010416666666666668,8.0
536376961#0,2640,40,120,40,0.08333333333333334,0.010416666666666668,8.0
536376961#0,2640,80,120,40,0.08333333333333334,0.010416666666666668,8.0
536376961#0,2640,120,120,40,0.090625,0.011875,7.63157894736842
536376961#0,2640,160,120,40,0.125,0.023958333333333335,5.217391304347826
536376961#0,2760,0,120,40,0.125,0.015625,8.0
536376961#0,2760,40,120,40,0.09375,0.01171875,8.0
536376961#0,2760,80,120,40,0.08333333333333334,0.010416666666666668,8.0
536376961#0,2760,120,120,40,0.08333333333333334,0.010416666666666668,8.0
536376961#0,2760,160,120,40,0.08333333333333334,0.010416666666666668,8.0
536376961#0,2880,0,120,40,0.15625,0.021558779761905025,7.247627264883432
536376961#0,2880,40,120,40,0.15625,0.01953125,8.0
536376961#0,2880,80,120,40,0.1504464285714286,0.018805803571428574,8.0
536376961#0,2880,120,120,40,0.125,0.015625,8.0
536376961#0,2880,160,120,40,0.09315476190476192,0.011644345238095218,8.000000000000016
536376961#0,3000,0,120,40,0.21875,0.027343750000000066,7.9999999999999805
536376961#0,3000,40,120,40,0.21875,0.02734375,8.0
536376961#0,3000,80,120,40,0.21934523809523804,0.027418154761904755,8.0
536376961#0,3000,120,120,40,0.20833333333333334,0.026041666666666668,8.0
536376961#0,3000,160,120,40,0.2401785714285714,0.030022321428571412,8.000000000000004
536376961#0,3120,0,120,40,0.125,0.015625,8.0
536376961#0,3120,40,120,40,0.15625,0.01953125,8.0
536376961#0,3120,80,120,40,0.171875,0.021484375,8.0
536376961#0,3120,120,120,40,0.20833333333333334,0.026041666666666668,8.0
536376961#0,3120,160,120,40,0.20833333333333334,0.026041666666666668,8.0
536376961#0,3240,0,120,40,0.08333333333333334,0.010416666666666668,8.0
536376961#0,3240,40,120,40,0.08333333333333334,0.010416666666666668,8.0
536376961#0,3240,80,120,40,0.08333333333333334,0.010416666666666668,8.0
536376961#0,3240,120,120,40,0.08333333333333334,0.010416666666666668,8.0
536376961#0,3240,160,120,40,0.08333333333333334,0.010416666666666668,8.0
536376961#0,3360,0,120,40,0.04166666666666667,0.005208333333333334,8.0
536376961#0,3360,40,120,40,0.04166666666666667,0.005208333333333334,8.0
536376961#0,3360,80,120,40,0.04166666666666667,0.005208333333333334,8.0
536376961#0,3360,120,120,40,0.04166666666666667,0.005208333333333334,8.0
536376961#0,3360,160,120,40,0.04166666666666667,0.005208333333333334,8.0
536376961#0,3480,0,120,40,0.125,0.015625,8.0
536376961#0,3480,40,120,40,0.125,0.015625,8.0
536376961#0,3480,80,120,40,0.09895833333333334,0.012369791666666668,8.0
536376961#0,3480,120,120,40,0.08333333333333334,0.010416666666666668,8.0
536376961#0,3480,160,120,40,0.04166666666666667,0.005208333333333334,8.0
536376961#0,3600,0,120,40,0.04166666666666667,0.005208333333333334,8.0
536376961#0,3600,40,120,40,0.04166666666666667,0.005208333333333334,8.0
536376961#0,3600,80,120,40,0.06770833333333334,0.008463541666666668,8.0
536376961#0,3600,120,120,40,0.08333333333333334,0.010416666666666668,8.0
536376961#0,3600,160,120,40,0.125,0.015625,8.0
536376961#0,3720,0,120,40,0.125,0.015625,8.0
536376961#0,3720,40,120,40,0.125,0.015625,8.0
536376961#0,3720,80,120,40,0.125,0.015625,8.0
536376961#0,3720,120,120,40,0.125,0.015625,8.0
536376961#0,3720,160,120,40,0.125,0.015625,8.0
536376961#0,3840,0,120,40,0.16666666666666669,0.0208333333333334,7.999999999999975
536376961#0,3840,40,120,40,0.16666666666666669,0.020833333333333336,8.0
536376961#0,3840,80,120,40,0.16666666666666669,0.020833333333333336,8.0
536376961#0,3840,120,120,40,0.125,0.015625,8.0
536376961#0,3840,160,120,40,0.125,0.01562499999999999,8.000000000000005
536376961#0,3960,0,120,40,0.04166666666666667,0.005208333333333334,8.0
536376961#0,3960,40,120,40,0.04166666666666667,0.005208333333333334,8.0
536376961#0,3960,80,120,40,0.04166666666666667,0.005208333333333334,8.0
536376961#0,3960,120,120,40,0.08333333333333334,0.010416666666666668,8.0
536376961#0,3960,160,120,40,0.08333333333333334,0.010416666666666668,8.0
536376961#0,4080,0,120,40,0.04166666666666667,0.005208333333333334,8.0
536376961#0,4080,40,120,40,0.04166666666666667,0.005208333333333334,8.0
536376961#0,4080,80,120,40,0.04166666666666667,0.005208333333333334,8.0
536376961#0,4080,120,120,40,0.04166666666666667,0.005208333333333334,8.0
536376961#0,4080,160,120,40,0.04166666666666667,0.005208333333333334,8.0
536376961#0,4200,0,120,40,0.20833333333333334,0.02734375,7.6190476190476195
536376961#0,4200,40,120,40,0.19791666666666669,0.024739583333333336,8.0
536376961#0,4200,80,120,40,0.16666666666666669,0.020833333333333336,8.0
536376961#0,4200,120,120,40,0.140625,0.017578125,8.0
536376961#0,4200,160,120,40,0.125,0.015625,8.0
536376961#0,4320,0,120,40,0.04166666666666667,0.005208333333333334,8.0
536376961#0,4320,40,120,40,0.052083333333333336,0.006510416666666667,8.0
536376961#0,4320,80,120,40,0.08333333333333334,0.01045093201754386,7.973770491803279
536376961#0,4320,120,120,40,0.109375,0.03528939536340852,3.0993730233590413
536376961#0,4320,160,120,40,0.125,0.0388578869047619,3.21685016754428
536376961#0,4440,0,120,40,0.04166666666666667,0.005208333333333334,8.0
536376961#0,4440,40,120,40,0.04166666666666667,0.005208333333333334,8.0
536376961#0,4440,80,120,40,0.04166666666666667,0.005208333333333334,8.0
536376961#0,4440,120,120,40,0.04166666666666667,0.005208333333333334,8.0
536376961#0,4440,160,120,40,0.04166666666666667,0.005208333333333334,8.0
536376961#0,4560,0,120,40,0.16666666666666669,0.024088541666666664,6.91891891891892
536376961#0,4560,40,120,40,0.16666666666666669,0.020833333333333336,8.0
536376961#0,4560,80,120,40,0.16666666666666669,0.020833333333333336,8.0
536376961#0,4560,120,120,40,0.16666666666666669,0.020833333333333336,8.0
536376961#0,4560,160,120,40,0.16666666666666669,0.020833333333333336,8.0
536376961#0,4680,0,120,40,0.08333333333333334,0.010416666666666938,7.999999999999792
536376961#0,4680,40,120,40,0.08333333333333334,0.010416666666666666,8.000000000000002
536376961#0,4680,80,120,40,0.08333333333333334,0.010416666666666668,8.0
536376961#0,4680,120,120,40,0.08333333333333334,0.010416666666666668,8.0
536376961#0,4680,160,120,40,0.08333333333333334,0.010416666666666656,8.000000000000009
536376961#0,4800,0,120,40,0.04166666666666667,0.005208333333333334,8.0
536376961#0,4800,40,120,40,0.04166666666666667,0.005208333333333334,8.0
536376961#0,4800,80,120,40,0.04166666666666667,0.005208333333333334,8.0
536376961#0,4800,120,120,40,0.04166666666666667,0.005208333333333334,8.0
536376961#0,4800,160,120,40,0.04166666666666667,0.005208333333333334,8.0
536376961#0,4920,0,120,40,0.125,0.015625,8.0
536376961#0,4920,40,120,40,0.125,0.015625,8.0
536376961#0,4920,80,120,40,0.125,0.015625,8.0
536376961#0,4920,120,120,40,0.125,0.015625,8.0
536376961#0,4920,160,120,40,0.125,0.015625,8.0
536376961#0,5040,0,120,40,0.125,0.01562499999999919,8.000000000000416
536376961#0,5040,40,120,40,0.125,0.015624999999999997,8.000000000000002
536376961#0,5040,80,120,40,0.125,0.015625,8.0
536376961#0,5040,120,120,40,0.08333333333333334,0.010416666666666668,8.0
536376961#0,5040,160,120,40,0.08333333333333334,0.010416666666666742,7.999999999999943
536376961#0,5160,0,120,40,0.04166666666666667,0.005208333333333334,8.0
536376961#0,5160,40,120,40,0.04166666666666667,0.005208333333333334,8.0
536376961#0,5160,80,120,40,0.04166666666666667,0.005208333333333334,8.0
536376961#0,5160,120,120,40,0.08333333333333334,0.010416666666666668,8.0
536376961#0,5160,160,120,40,0.08333333333333334,0.010416666666666668,8.0
536376961#0,5280,0,120,40,0.20833333333333334,0.030598958333333332,6.808510638297873
536376961#0,5280,40,120,40,0.20833333333333334,0.026041666666666668,8.0
536376961#0,5280,80,120,40,0.20833333333333334,0.026041666666666668,8.0
536376961#0,5280,120,120,40,0.203125,0.025390625,8.0
536376961#0,5280,160,120,40,0.16666666666666669,0.020833333333333336,8.0
536376961#0,5400,0,120,40,0.28125,0.041015625,6.857142857142857
536376961#0,5400,40,120,40,0.25,0.03125,8.0
536376961#0,5400,80,120,40,0.22395833333333334,0.027994791666666668,8.0
536376961#0,5400,120,120,40,0.21354166666666666,0.026692708333333332,8.0
536376961#0,5400,160,120,40,0.20833333333333334,0.026041666666666668,8.0
536376961#0,5520,0,120,40,0.17708333333333331,0.029947916666666668,5.913043478260868
536376961#0,5520,40,120,40,0.20833333333333334,0.026320684523809524,7.915194346289753
536376961#0,5520,80,120,40,0.234375,0.04211309523809524,5.565371024734982
536376961#0,5520,120,120,40,0.25,0.06952008928571428,3.596082838336812
536376961#0,5520,160,120,40,0.29166666666666663,0.06945684523809524,4.199250133904659
536376961#0,5640,0,120,40,0.25,0.03125,8.0
536376961#0,5640,40,120,40,0.25,0.03125,8.0
536376961#0,5640,80,120,40,0.25,0.03125,8.0
536376961#0,5640,120,120,40,0.21875,0.02734375,8.0
536376961#0,5640,160,120,40,0.203125,0.025390625,8.0
536376961#0,5760,0,120,40,0.25,0.03580729166666667,6.981818181818181
536376961#0,5760,40,120,40,0.25,0.03125,8.0
536376961#0,5760,80,120,40,0.25,0.03125,8.0
536376961#0,5760,120,120,40,0.23958333333333334,0.029947916666666668,8.0
536376961#0,5760,160,120,40,0.25520833333333337,0.03190104166666667,8.0
536376961#0,5880,0,120,40,0.365625,0.16489955357142858,2.2172588832487308
536376961#0,5880,40,120,40,0.33125,0.15024925595238095,2.2046698194963725
536376961#0,5880,80,120,40,0.29166666666666663,0.09406622023809524,3.100652560806802
536376961#0,5880,120,120,40,0.315625,0.14931175595238094,2.113865703251526
536376961#0,5880,160,120,40,0.29166666666666663,0.09406622023809524,3.100652560806802
536376961#0,6000,0,120,40,0.17604166666666668,0.034921875000000005,5.041014168530947
536376961#0,6000,40,120,40,0.21041666666666664,0.027317708333333336,7.702573879885604
536376961#0,6000,80,120,40,0.25,0.03125,8.0
536376961#0,6000,120,120,40,0.2677083333333333,0.033463541666666666,8.0
536376961#0,6000,160,120,40,0.29166666666666663,0.03645833333333333,8.0
536376961#0,6120,0,120,40,0.25,0.03971354166666667,6.295081967213114
536376961#0,6120,40,120,40,0.20833333333333334,0.026041666666666668,8.0
536376961#0,6120,80,120,40,0.20833333333333334,0.026041666666666668,8.0
536376961#0,6120,120,120,40,0.20833333333333334,0.026041666666666668,8.0
536376961#0,6120,160,120,40,0.20833333333333334,0.026041666666666668,8.0
536376961#0,6240,0,120,40,0.16666666666666669,0.022953869047618234,7.260940032415169
536376961#0,6240,40,120,40,0.20833333333333334,0.026041666666666664,8.000000000000002
536376961#0,6240,80,120,40,0.20833333333333334,0.026041666666666668,8.0
536376961#0,6240,120,120,40,0.20833333333333334,0.026041666666666668,8.0
536376961#0,6240,160,120,40,0.20833333333333334,0.02604166666666674,7.999999999999978
536376961#0,6360,0,120,40,0.125,0.015625,8.0
536376961#0,6360,40,120,40,0.125,0.015625,8.0
536376961#0,6360,80,120,40,0.125,0.015625,8.0
536376961#0,6360,120,120,40,0.125,0.015625,8.0
536376961#0,6360,160,120,40,0.125,0.015625,8.0
536376961#0,6480,0,120,40,0.04166666666666667,0.005208333333333334,8.0
536376961#0,6480,40,120,40,0.04166666666666667,0.005208333333333334,8.0
536376961#0,6480,80,120,40,0.0,0.0,8.0
536376961#0,6480,120,120,40,0.0,0.0,8.0
536376961#0,6480,160,120,40,0.0,0.0,8.0
536376961#0,6600,0,120,40,0.16666666666666669,0.02083333333333293,8.000000000000156
536376961#0,6600,40,120,40,0.16666666666666669,0.020833333333333336,8.0
536376961#0,6600,80,120,40,0.20833333333333334,0.026041666666666668,8.0
536376961#0,6600,120,120,40,0.20833333333333334,0.026041666666666668,8.0
536376961#0,6600,160,120,40,0.20833333333333334,0.02604166666666674,7.999999999999978
536376961#0,6720,0,120,40,0.125,0.015625,8.0
536376961#0,6720,40,120,40,0.125,0.015625,8.0
536376961#0,6720,80,120,40,0.125,0.015625,8.0
536376961#0,6720,120,120,40,0.08333333333333334,0.010416666666666668,8.0
536376961#0,6720,160,120,40,0.08333333333333334,0.010416666666666668,8.0
536376961#0,6840,0,120,40,0.25,0.03125,8.0
536376961#0,6840,40,120,40,0.22395833333333334,0.027994791666666668,8.0
536376961#0,6840,80,120,40,0.20833333333333334,0.026041666666666668,8.0
536376961#0,6840,120,120,40,0.20833333333333334,0.026041666666666668,8.0
536376961#0,6840,160,120,40,0.20833333333333334,0.026041666666666668,8.0
536376961#0,6960,0,120,40,0.16666666666666669,0.0234375,7.111111111111112
536376961#0,6960,40,120,40,0.19270833333333331,0.024088541666666664,8.0
536376961#0,6960,80,120,40,0.20833333333333334,0.026041666666666668,8.0
536376961#0,6960,120,120,40,0.25,0.03125,8.0
536376961#0,6960,160,120,40,0.25,0.03125,8.0
536376961#0,7080,0,120,40,0.0,0.0,8.0
536376961#0,7080,40,120,40,0.0,0.0,8.0
536376961#0,7080,80,120,40,0.0,0.0,8.0
536376961#0,7080,120,120,40,0.0,0.0,8.0
536376961#0,7080,160,120,40,0.0,0.0,8.0
542781427#0,0,0,120,70,0.0,0.0,14.0
542781427#0,120,0,120,70,0.22083333333333335,0.015773809523809537,13.99999999999999
542781427#0,240,0,120,70,0.15416666666666665,0.011011904761904725,14.000000000000046
542781427#0,360,0,120,70,0.16666666666666666,0.01190476190476189,14.000000000000016
542781427#0,480,0,120,70,0.2916666666666667,0.02083333333333327,14.000000000000044
542781427#0,600,0,120,70,0.375,0.026785714285714395,13.999999999999943
542781427#0,720,0,120,70,0.5208333333333334,0.03720238095238097,13.999999999999993
542781427#0,840,0,120,70,0.020833333333333332,0.0014880952380952382,13.999999999999998
542781427#0,960,0,120,70,0.42559523809523814,0.03273809523809523,13.000000000000004
542781427#0,1080,0,120,70,0.03273809523809523,0.00233843537414966,13.999999999999998
542781427#0,1200,0,120,70,0.530952380952381,0.04051544029497029,13.104939180885442
542781427#0,1320,0,120,70,0.5107142857142857,0.03656462585034007,13.96744186046514
542781427#0,1440,0,120,70,0.875,0.07759297798066592,11.276793632254023
542781427#0,1560,0,120,70,0.041666666666666664,0.0029761904761904175,14.000000000000275
542781427#0,1680,0,120,70,0.25,0.01785714285714274,14.00000000000009
542781427#0,1800,0,120,70,0.041666666666666664,0.0029761904761905007,13.999999999999885
542781427#0,1920,0,120,70,0.041666666666666664,0.002976190476190438,14.00000000000018
542781427#0,2040,0,120,70,0.25,0.01785714285714294,13.999999999999936
542781427#0,2160,0,120,70,0.375,0.026785714285714454,13.999999999999911
542781427#0,2280,0,120,70,0.3333333333333333,0.02380952380952396,13.99999999999991
542781427#0,2400,0,120,70,0.25,0.01785714285714298,13.999999999999902
542781427#0,2520,0,120,70,0.08333333333333333,0.005952380952380914,14.00000000000009
542781427#0,2640,0,120,70,0.11666666666666665,0.008333333333333333,13.999999999999998
542781427#0,2760,0,120,70,0.09166666666666667,0.006547619047619017,14.000000000000066
542781427#0,2880,0,120,70,0.375,0.02678571428571423,14.00000000000003
542781427#0,3000,0,120,70,0.08333333333333333,0.005952380952381008,13.999999999999867
542781427#0,3120,0,120,70,0.20833333333333334,0.014880952380952332,14.000000000000048
542781427#0,3240,0,120,70,0.04285714285714286,0.003061224489795996,13.999999999999647
542781427#0,3360,0,120,70,0.13452380952380952,0.00960884353741482,14.000000000000213
542781427#0,3480,0,120,70,0.19761904761904764,0.014115646258503329,14.000000000000073
542781427#0,3600,0,120,70,0.125,0.008928571428571135,14.00000000000046
542781427#0,3720,0,120,70,0.45,0.03214285714285711,14.000000000000014
542781427#0,3840,0,120,70,0.7773809523809524,0.05567867772108886,13.96191476160921
542781427#0,3960,0,120,70,0.4392857142857143,0.03137755102040815,14.000000000000005
542781427#0,4080,0,120,70,0.3333333333333333,0.02380952380952364,14.000000000000098
542781427#0,4200,0,120,70,0.0,0.0,14.0
542781427#0,4320,0,120,70,0.16666666666666666,0.011904761904762121,13.999999999999744
542781427#0,4440,0,120,70,0.08333333333333333,0.005952380952381148,13.999999999999538
542781427#0,4560,0,120,70,0.08333333333333333,0.005952380952380597,14.000000000000835
542781427#0,4680,0,120,70,0.2916666666666667,0.02083333333333353,13.999999999999869
542781427#0,4800,0,120,70,0.16666666666666666,0.011904761904762058,13.999999999999819
542781427#0,4920,0,120,70,0.2916666666666667,0.020833333333333016,14.000000000000213
542781427#0,5040,0,120,70,0.5,0.03571428571428594,13.999999999999911
542781427#0,5160,0,120,70,0.20833333333333334,0.014880952380952378,14.000000000000004
542781427#0,5280,0,120,70,0.08333333333333333,0.005952380952381106,13.99999999999964
542781427#0,5400,0,120,70,0.125,0.008928571428571739,13.999999999999513
542781427#0,5520,0,120,70,0.11934523809523809,0.008524659863945707,13.999999999999787
542781427#0,5640,0,120,70,0.4639880952380952,0.03314200680272127,13.99999999999992
542781427#0,5760,0,120,70,0.08333333333333333,0.005952380952381266,13.999999999999261
542781427#0,5880,0,120,70,0.14761904761904762,0.010544217687074909,13.999999999999895
542781427#0,6000,0,120,70,0.019047619047619046,0.0013605442176870745,14.000000000000002
542781427#0,6120,0,120,70,0.16666666666666666,0.011904761904761594,14.000000000000366
542781427#0,6240,0,120,70,0.16666666666666666,0.011904761904761581,14.00000000000038
542781427#0,6360,0,120,70,0.4166666666666667,0.02987677869312829,13.946171069724485
542781427#0,6480,0,120,70,0.08333333333333333,0.005952380952380674,14.000000000000655
542781427#0,6600,0,120,70,0.25,0.017857142857143148,13.999999999999773
542781427#0,6720,0,120,70,0.0,0.0,14.0
542781427#0,6840,0,120,70,0.08333333333333333,0.005952380952381391,13.999999999998968
542781427#0,6960,0,120,70,0.125,0.008928571428571183,14.000000000000384
542781427#0,7080,0,120,70,0.041666666666666664,0.0029761904761907085,13.999999999998906
542781428#0,0,0,120,70,0.25,0.017857142857142856,14.0
542781428#0,120,0,120,70,0.16785714285714284,0.01785714285714283,9.400000000000015
542781428#0,240,0,120,70,0.45714285714285713,0.08068852541016407,5.665524990313831
542781428#0,360,0,120,70,0.25,0.017857142857142846,14.000000000000009
542781428#0,480,0,120,70,0.08333333333333333,0.00595238095238101,13.999999999999863
542781428#0,600,0,120,70,0.13988095238095238,0.009991496598639486,13.999999999999957
542781428#0,720,0,120,70,0.318452380952381,0.022746598639455908,13.999999999999924
542781428#0,840,0,120,70,0.0,0.0,14.0
542781428#0,960,0,120,70,0.25,0.017857142857142627,14.000000000000181
542781428#0,1080,0,120,70,0.2916666666666667,0.027636054421768474,10.553846153846244
542781428#0,1200,0,120,70,0.5184523809523809,0.046078772418058134,11.251436480308683
542781428#0,1320,0,120,70,0.6095238095238095,0.05459183673469354,11.165109034267982
542781428#0,1440,0,120,70,0.9553571428571429,0.08269557823129244,11.552699228791786
542781428#0,1560,0,120,70,0.0,0.0,14.0
542781428#0,1680,0,120,70,0.4166666666666667,0.03421743697478991,12.1770273727296
542781428#0,1800,0,120,70,0.20833333333333334,0.014880952380952325,14.000000000000053
542781428#0,1920,0,120,70,0.20833333333333334,0.014880952380952332,14.000000000000048
542781428#0,2040,0,120,70,0.20833333333333334,0.014880952380952528,13.999999999999863
542781428#0,2160,0,120,70,0.3369047619047619,0.02848639455782332,11.82686567164171
542781428#0,2280,0,120,70,0.45476190476190476,0.03248299319727876,14.000000000000066
542781428#0,2400,0,120,70,0.625,0.04464285714285728,13.999999999999956
542781428#0,2520,0,120,70,0.16666666666666666,0.011904761904761876,14.000000000000032
542781428#0,2640,0,120,70,0.20833333333333334,0.014880952380952458,13.999999999999927
542781428#0,2760,0,120,70,0.25,0.01800668543279396,13.883732291157676
542781428#0,2880,0,120,70,0.20833333333333334,0.01488095238095234,14.000000000000039
542781428#0,3000,0,120,70,0.08333333333333333,0.005952380952380914,14.00000000000009
542781428#0,3120,0,120,70,0.125,0.00892857142857148,13.99999999999992
542781428#0,3240,0,120,70,0.25,0.017857142857142964,13.999999999999917
542781428#0,3360,0,120,70,0.2916666666666667,0.020833333333333412,13.999999999999948
542781428#0,3480,0,120,70,0.5416666666666666,0.03869047619047607,14.000000000000044
542781428#0,3600,0,120,70,0.041666666666666664,0.002976190476190438,14.00000000000018
542781428#0,3720,0,120,70,0.16666666666666666,0.01190476190476203,13.99999999999985
542781428#0,3840,0,120,70,0.2773809523809524,0.021938775510203956,12.64341085271325
542781428#0,3960,0,120,70,0.47261904761904766,0.03828720882292331,12.344045495844066
542781428#0,4080,0,120,70,0.5416666666666666,0.040816326530612984,13.270833333333092
542781428#0,4200,0,120,70,0.041666666666666664,0.0029761904761904765,13.999999999999998
542781428#0,4320,0,120,70,0.2916666666666667,0.02083333333333347,13.999999999999908
542781428#0,4440,0,120,70,0.041666666666666664,0.0029761904761905532,13.999999999999638
542781428#0,4560,0,120,70,0.08333333333333333,0.0059523809523811064,13.999999999999638
542781428#0,4680,0,120,70,0.5416666666666666,0.05697278911564657,9.507462686567111
542781428#0,4800,0,120,70,0.125,0.008928571428571506,13.99999999999988
542781428#0,4920,0,120,70,0.08333333333333333,0.005952380952380875,14.000000000000181
542781428#0,5040,0,120,70,0.38690476190476186,0.02777246315192818,13.931236843783514
542781428#0,5160,0,120,70,0.15476190476190477,0.011054421768707516,13.99999999999996
542781428#0,5280,0,120,70,0.08333333333333333,0.005952380952380907,14.000000000000107
542781428#0,5400,0,120,70,0.4166666666666667,0.02992134353741503,13.925399644760185
542781428#0,5520,0,120,70,0.45833333333333337,0.03273809523809523,14.000000000000004
542781428#0,5640,0,120,70,0.4166666666666667,0.031887755102041976,13.066666666666192
542781428#0,5760,0,120,70,0.2916666666666667,0.029676870748299475,9.82808022922631
542781428#0,5880,0,120,70,0.38452380952380955,0.02746598639455775,14.000000000000039
542781428#0,6000,0,120,70,0.07380952380952381,0.005272108843537549,13.999999999999645
542781428#0,6120,0,120,70,0.16666666666666666,0.011904761904762322,13.999999999999508
542781428#0,6240,0,120,70,0.3708333333333333,0.026488095238095238,13.999999999999998
542781428#0,6360,0,120,70,0.2125,0.015178571428571425,14.000000000000004
542781428#0,6480,0,120,70,0.041666666666666664,0.0029761904761906066,13.999999999999385
542781428#0,6600,0,120,70,0.125,0.008928571428572125,13.999999999998908
542781428#0,6720,0,120,70,0.0,0.0,14.0
542781428#0,6840,0,120,70,0.45833333333333337,0.03779761904761872,12.12598425196861
542781428#0,6960,0,120,70,0.041666666666666664,0.0029761904761907085,13.999999999998906
542781428#0,7080,0,120,70,0.0,0.0,14.0
671282474#0,0,0,120,15,0.08333333333333333,0.027777777777777794,2.9999999999999982
671282474#0,0,15,120,15,0.08333333333333333,0.02777777777777778,2.9999999999999996
671282474#0,0,30,120,15,0.08333333333333333,0.02777777777777778,2.9999999999999996
671282474#0,0,45,120,15,0.08333333333333333,0.02777777777777778,2.9999999999999996
671282474#0,0,60,120,15,0.05347222222222223,0.017824074074074072,3.0000000000000004
671282474#0,0,75,120,15,0.041666666666666664,0.01388888888888889,2.9999999999999996
671282474#0,0,90,120,15,0.03958333333333333,0.013194444444444444,3.0
671282474#0,120,0,120,15,0.08333333333333333,0.02777777777777778,2.9999999999999996
671282474#0,120,15,120,15,0.08333333333333333,0.02777777777777778,2.9999999999999996
671282474#0,120,30,120,15,0.041666666666666664,0.01388888888888889,2.9999999999999996
671282474#0,120,45,120,15,0.041666666666666664,0.01388888888888889,2.9999999999999996
671282474#0,120,60,120,15,0.07152777777777779,0.023842592592592592,3.0000000000000004
671282474#0,120,75,120,15,0.08333333333333333,0.02777777777777778,2.9999999999999996
671282474#0,120,90,120,15,0.08541666666666667,0.02847222222222222,3.0
671282474#0,240,0,120,15,0.125,0.04166666666666672,2.999999999999996
671282474#0,240,15,120,15,0.09722222222222222,0.032407407407407406,3.0
671282474#0,240,30,120,15,0.125,0.041666666666666664,3.0
671282474#0,240,45,120,15,0.125,0.041666666666666664,3.0
671282474#0,240,60,120,15,0.08333333333333333,0.02777777777777778,2.9999999999999996
671282474#0,240,75,120,15,0.08333333333333333,0.02777777777777778,2.9999999999999996
671282474#0,240,90,120,15,0.08333333333333333,0.02777777777777778,2.9999999999999996
671282474#0,360,0,120,15,0.041666666666666664,0.01851851851851852,2.2499999999999996
671282474#0,360,15,120,15,0.06944444444444445,0.023148148148148147,3.0000000000000004
671282474#0,360,30,120,15,0.08333333333333333,0.02777777777777778,2.9999999999999996
671282474#0,360,45,120,15,0.08333333333333333,0.02777777777777778,2.9999999999999996
671282474#0,360,60,120,15,0.125,0.041666666666666664,3.0
671282474#0,360,75,120,15,0.125,0.041666666666666664,3.0
671282474#0,360,90,120,15,0.125,0.04166666666666669,2.9999999999999982
671282474#0,480,0,120,15,0.0,0.0,3.0
671282474#0,480,15,120,15,0.0,0.0,3.0
671282474#0,480,30,120,15,0.0,0.0,3.0
671282474#0,480,45,120,15,0.0,0.0,3.0
671282474#0,480,60,120,15,0.0,0.0,3.0
671282474#0,480,75,120,15,0.0,0.0,3.0
671282474#0,480,90,120,15,0.0,0.0,3.0
671282474#0,600,0,120,15,0.041666666666666664,0.01388888888888889,2.9999999999999996
671282474#0,600,15,120,15,0.041666666666666664,0.01388888888888889,2.9999999999999996
671282474#0,600,30,120,15,0.041666666666666664,0.01388888888888889,2.9999999999999996
671282474#0,600,45,120,15,0.0,0.0,3.0
671282474#0,600,60,120,15,0.0,0.0,3.0
671282474#0,600,75,120,15,0.0,0.0,3.0
671282474#0,600,90,120,15,0.0,0.0,3.0
671282474#0,720,0,120,15,0.125,0.041666666666666664,3.0
671282474#0,720,15,120,15,0.08333333333333333,0.02777777777777778,2.9999999999999996
671282474#0,720,30,120,15,0.08333333333333333,0.02777777777777778,2.9999999999999996
671282474#0,720,45,120,15,0.125,0.041666666666666664,3.0
671282474#0,720,60,120,15,0.125,0.041666666666666664,3.0
671282474#0,720,75,120,15,0.125,0.041666666666666664,3.0
671282474#0,720,90,120,15,0.125,0.041666666666666664,3.0
671282474#0,840,0,120,15,0.125,0.050925925925926034,2.4545454545454493
671282474#0,840,15,120,15,0.16666666666666666,0.05555555555555556,2.9999999999999996
671282474#0,840,30,120,15,0.16666666666666666,0.05555555555555556,2.9999999999999996
671282474#0,840,45,120,15,0.16666666666666666,0.05555555555555556,2.9999999999999996
671282474#0,840,60,120,15,0.16666666666666666,0.05555555555555556,2.9999999999999996
671282474#0,840,75,120,15,0.16666666666666666,0.05555555555555556,2.9999999999999996
671282474#0,840,90,120,15,0.16666666666666666,0.055555555555555504,3.0000000000000027
671282474#0,960,0,120,15,0.0,0.0,3.0
671282474#0,960,15,120,15,0.0,0.0,3.0
671282474#0,960,30,120,15,0.0,0.0,3.0
671282474#0,960,45,120,15,0.0,0.0,3.0
671282474#0,960,60,120,15,0.0,0.0,3.0
671282474#0,960,75,120,15,0.0,0.0,3.0
671282474#0,960,90,120,15,0.0,0.0,3.0
671282474#0,1080,0,120,15,0.08333333333333333,0.02777777777777778,2.9999999999999996
671282474#0,1080,15,120,15,0.08333333333333333,0.02777777777777778,2.9999999999999996
671282474#0,1080,30,120,15,0.08333333333333333,0.02777777777777778,2.9999999999999996
671282474#0,1080,45,120,15,0.08333333333333333,0.02777777777777778,2.9999999999999996
671282474#0,1080,60,120,15,0.08333333333333333,0.02777777777777778,2.9999999999999996
671282474#0,1080,75,120,15,0.08333333333333333,0.02777777777777778,2.9999999999999996
671282474#0,1080,90,120,15,0.08333333333333333,0.02777777777777778,2.9999999999999996
671282474#0,1200,0,120,15,0.041666666666666664,0.013888888888889098,2.9999999999999547
671282474#0,1200,15,120,15,0.041666666666666664,0.01388888888888889,2.9999999999999996
671282474#0,1200,30,120,15,0.041666666666666664,0.01388888888888889,2.9999999999999996
671282474#0,1200,45,120,15,0.041666666666666664,0.01388888888888889,2.9999999999999996
671282474#0,1200,60,120,15,0.041666666666666664,0.01388888888888889,2.9999999999999996
671282474#0,1200,75,120,15,0.041666666666666664,0.01388888888888889,2.9999999999999996
671282474#0,1200,90,120,15,0.041666666666666664,0.01388888888888886,3.000000000000006
671282474#0,1320,0,120,15,0.0,0.0,3.0
671282474#0,1320,15,120,15,0.0,0.0,3.0
671282474#0,1320,30,120,15,0.0,0.0,3.0
671282474#0,1320,45,120,15,0.0,0.0,3.0
671282474#0,1320,60,120,15,0.0,0.0,3.0
671282474#0,1320,75,120,15,0.0,0.0,3.0
671282474#0,1320,90,120,15,0.0,0.0,3.0
671282474#0,1440,0,120,15,0.0,0.0,3.0
671282474#0,1440,15,120,15,0.0,0.0,3.0
671282474#0,1440,30,120,15,0.0,0.0,3.0
671282474#0,1440,45,120,15,0.0,0.0,3.0
671282474#0,1440,60,120,15,0.0,0.0,3.0
671282474#0,1440,75,120,15,0.0,0.0,3.0
671282474#0,1440,90,120,15,0.0,0.0,3.0
671282474#0,1560,0,120,15,0.05555555555555556,0.01851851851851873,2.9999999999999662
671282474#0,1560,15,120,15,0.041666666666666664,0.01388888888888889,2.9999999999999996
671282474#0,1560,30,120,15,0.041666666666666664,0.01388888888888889,2.9999999999999996
671282474#0,1560,45,120,15,0.0,0.0,3.0
671282474#0,1560,60,120,15,0.0,0.0,3.0
671282474#0,1560,75,120,15,0.0,0.0,3.0
671282474#0,1560,90,120,15,0.0,0.0,3.0
671282474#0,1680,0,120,15,0.15277777777777776,0.050925925925925715,3.000000000000012
671282474#0,1680,15,120,15,0.16666666666666666,0.05555555555555556,2.9999999999999996
671282474#0,1680,30,120,15,0.1361111111111111,0.04537037037037037,2.9999999999999996
671282474#0,1680,45,120,15,0.16666666666666666,0.05555555555555556,2.9999999999999996
671282474#0,1680,60,120,15,0.1638888888888889,0.054629629629629625,3.0000000000000004
671282474#0,1680,75,120,15,0.125,0.041666666666666664,3.0
671282474#0,1680,90,120,15,0.125,0.04166666666666676,2.9999999999999933
671282474#0,1800,0,120,15,0.20833333333333334,0.0824074074074072,2.5280898876404563
671282474#0,1800,15,120,15,0.20833333333333334,0.06944444444444445,3.0
671282474#0,1800,30,120,15,0.2388888888888889,0.07962962962962963,3.0
671282474#0,1800,45,120,15,0.25,0.08333333333333333,3.0
671282474#0,1800,60,120,15,0.25277777777777777,0.08425925925925926,3.0
671282474#0,1800,75,120,15,0.2916666666666667,0.09722222222222222,3.0
671282474#0,1800,90,120,15,0.2916666666666667,0.09722222222222213,3.000000000000003
671282474#0,1920,0,120,15,0.041666666666666664,0.01388888888888889,2.9999999999999996
671282474#0,1920,15,120,15,0.041666666666666664,0.01388888888888889,2.9999999999999996
671282474#0,1920,30,120,15,0.041666666666666664,0.01388888888888889,2.9999999999999996
671282474#0,1920,45,120,15,0.041666666666666664,0.01388888888888889,2.9999999999999996
671282474#0,1920,60,120,15,0.041666666666666664,0.01388888888888889,2.9999999999999996
671282474#0,1920,75,120,15,0.041666666666666664,0.01388888888888889,2.9999999999999996
671282474#0,1920,90,120,15,0.041666666666666664,0.01388888888888889,2.9999999999999996
671282474#0,2040,0,120,15,0.125,0.04699074074074032,2.6600985221675115
671282474#0,2040,15,120,15,0.125,0.041666666666666664,3.0
671282474#0,2040,30,120,15,0.125,0.041666666666666664,3.0
671282474#0,2040,45,120,15,0.125,0.041666666666666664,3.0
671282474#0,2040,60,120,15,0.125,0.041666666666666664,3.0
671282474#0,2040,75,120,15,0.125,0.041666666666666664,3.0
671282474#0,2040,90,120,15,0.125,0.041666666666666456,3.000000000000015
671282474#0,2160,0,120,15,0.125,0.0416666666666654,3.000000000000091
671282474#0,2160,15,120,15,0.12222222222222222,0.04074074074074074,3.0
671282474#0,2160,30,120,15,0.08333333333333333,0.02777777777777778,2.9999999999999996
671282474#0,2160,45,120,15,0.08333333333333333,0.02777777777777778,2.9999999999999996
671282474#0,2160,60,120,15,0.08333333333333333,0.02777777777777778,2.9999999999999996
671282474#0,2160,75,120,15,0.08055555555555555,0.026851851851851852,2.9999999999999996
671282474#0,2160,90,120,15,0.041666666666666664,0.01388888888888895,2.9999999999999867
671282474#0,2280,0,120,15,0.0,0.0,3.0
671282474#0,2280,15,120,15,0.0027777777777777775,0.0009259259259259259,3.0
671282474#0,2280,30,120,15,0.041666666666666664,0.01388888888888889,2.9999999999999996
671282474#0,2280,45,120,15,0.041666666666666664,0.01388888888888889,2.9999999999999996
671282474#0,2280,60,120,15,0.041666666666666664,0.01388888888888889,2.9999999999999996
671282474#0,2280,75,120,15,0.04444444444444444,0.014814814814814815,2.9999999999999996
671282474#0,2280,90,120,15,0.08333333333333333,0.0277777777777779,2.9999999999999867
671282474#0,2400,0,120,15,0.08333333333333333,0.02777777777777778,2.9999999999999996
671282474#0,2400,15,120,15,0.08333333333333333,0.02777777777777778,2.9999999999999996
671282474#0,2400,30,120,15,0.08333333333333333,0.02777777777777778,2.9999999999999996
671282474#0,2400,45,120,15,0.08333333333333333,0.02777777777777778,2.9999999999999996
671282474#0,2400,60,120,15,0.08333333333333333,0.02777777777777778,2.9999999999999996
671282474#0,2400,75,120,15,0.08333333333333333,0.02777777777777778,2.9999999999999996
671282474#0,2400,90,120,15,0.08333333333333333,0.02777777777777778,2.9999999999999996
671282474#0,2520,0,120,15,0.0,0.0,3.0
671282474#0,2520,15,120,15,0.0,0.0,3.0
671282474#0,2520,30,120,15,0.0,0.0,3.0
671282474#0,2520,45,120,15,0.0,0.0,3.0
671282474#0,2520,60,120,15,0.0,0.0,3.0
671282474#0,2520,75,120,15,0.0,0.0,3.0
671282474#0,2520,90,120,15,0.0,0.0,3.0
671282474#0,2640,0,120,15,0.0,0.0,3.0
671282474#0,2640,15,120,15,0.0,0.0,3.0
671282474#0,2640,30,120,15,0.0,0.0,3.0
671282474#0,2640,45,120,15,0.0,0.0,3.0
671282474#0,2640,60,120,15,0.0,0.0,3.0
671282474#0,2640,75,120,15,0.0,0.0,3.0
671282474#0,2640,90,120,15,0.0,0.0,3.0
671282474#0,2760,0,120,15,0.125,0.05092592592592593,2.454545454545454
671282474#0,2760,15,120,15,0.125,0.041666666666666664,3.0
671282474#0,2760,30,120,15,0.125,0.041666666666666664,3.0
671282474#0,2760,45,120,15,0.125,0.041666666666666664,3.0
671282474#0,2760,60,120,15,0.08333333333333333,0.02777777777777778,2.9999999999999996
671282474#0,2760,75,120,15,0.08333333333333333,0.02777777777777778,2.9999999999999996
671282474#0,2760,90,120,15,0.08333333333333333,0.02777777777777778,2.9999999999999996
671282474#0,2880,0,120,15,0.041666666666666664,0.01388888888888889,2.9999999999999996
671282474#0,2880,15,120,15,0.041666666666666664,0.01388888888888889,2.9999999999999996
671282474#0,2880,30,120,15,0.041666666666666664,0.01388888888888889,2.9999999999999996
671282474#0,2880,45,120,15,0.041666666666666664,0.01388888888888889,2.9999999999999996
671282474#0,2880,60,120,15,0.08333333333333333,0.02777777777777778,2.9999999999999996
671282474#0,2880,75,120,15,0.08333333333333333,0.02777777777777778,2.9999999999999996
671282474#0,2880,90,120,15,0.08333333333333333,0.02777777777777778,2.9999999999999996
671282474#0,3000,0,120,15,0.041666666666666664,0.01388888888888889,2.9999999999999996
671282474#0,3000,15,120,15,0.0,0.0,3.0
671282474#0,3000,30,120,15,0.0,0.0,3.0
671282474#0,3000,45,120,15,0.0,0.0,3.0
671282474#0,3000,60,120,15,0.0,0.0,3.0
671282474#0,3000,75,120,15,0.0,0.0,3.0
671282474#0,3000,90,120,15,0.0,0.0,3.0
671282474#0,3120,0,120,15,0.125,0.05555555555555556,2.25
671282474#0,3120,15,120,15,0.16666666666666666,0.05555555555555556,2.9999999999999996
671282474#0,3120,30,120,15,0.16666666666666666,0.05555555555555556,2.9999999999999996
671282474#0,3120,45,120,15,0.16666666666666666,0.05555555555555556,2.9999999999999996
671282474#0,3120,60,120,15,0.16666666666666666,0.05555555555555556,2.9999999999999996
671282474#0,3120,75,120,15,0.16666666666666666,0.05555555555555556,2.9999999999999996
671282474#0,3120,90,120,15,0.16666666666666666,0.055555555555555365,3.00000000000001
671282474#0,3240,0,120,15,0.0,0.0,3.0
671282474#0,3240,15,120,15,0.0,0.0,3.0
671282474#0,3240,30,120,15,0.0,0.0,3.0
671282474#0,3240,45,120,15,0.0,0.0,3.0
671282474#0,3240,60,120,15,0.0,0.0,3.0
671282474#0,3240,75,120,15,0.0,0.0,3.0
671282474#0,3240,90,120,15,0.0,0.0,3.0
671282474#0,3360,0,120,15,0.125,0.04166666666666625,3.00000000000003
671282474#0,3360,15,120,15,0.125,0.041666666666666664,3.0
671282474#0,3360,30,120,15,0.125,0.041666666666666664,3.0
671282474#0,3360,45,120,15,0.125,0.041666666666666664,3.0
671282474#0,3360,60,120,15,0.125,0.041666666666666664,3.0
671282474#0,3360,75,120,15,0.125,0.041666666666666664,3.0
671282474#0,3360,90,120,15,0.08333333333333333,0.027777777777777842,2.999999999999993
671282474#0,3480,0,120,15,0.0,0.0,3.0
671282474#0,3480,15,120,15,0.0,0.0,3.0
671282474#0,3480,30,120,15,0.0,0.0,3.0
671282474#0,3480,45,120,15,0.0,0.0,3.0
671282474#0,3480,60,120,15,0.0,0.0,3.0
671282474#0,3480,75,120,15,0.0,0.0,3.0
671282474#0,3480,90,120,15,0.041666666666666664,0.01388888888888889,2.9999999999999996
671282474#0,3600,0,120,15,0.0,0.0,3.0
671282474#0,3600,15,120,15,0.0,0.0,3.0
671282474#0,3600,30,120,15,0.0,0.0,3.0
671282474#0,3600,45,120,15,0.0,0.0,3.0
671282474#0,3600,60,120,15,0.0,0.0,3.0
671282474#0,3600,75,120,15,0.0,0.0,3.0
671282474#0,3600,90,120,15,0.0,0.0,3.0
671282474#0,3720,0,120,15,0.041666666666666664,0.01388888888888889,2.9999999999999996
671282474#0,3720,15,120,15,0.041666666666666664,0.01388888888888889,2.9999999999999996
671282474#0,3720,30,120,15,0.041666666666666664,0.01388888888888889,2.9999999999999996
671282474#0,3720,45,120,15,0.041666666666666664,0.01388888888888889,2.9999999999999996
671282474#0,3720,60,120,15,0.041666666666666664,0.01388888888888889,2.9999999999999996
671282474#0,3720,75,120,15,0.0,0.0,3.0
671282474#0,3720,90,120,15,0.0,0.0,3.0
671282474#0,3840,0,120,15,0.125,0.050925925925926346,2.454545454545434
671282474#0,3840,15,120,15,0.125,0.041666666666666664,3.0
671282474#0,3840,30,120,15,0.125,0.041666666666666664,3.0
671282474#0,3840,45,120,15,0.125,0.041666666666666664,3.0
671282474#0,3840,60,120,15,0.125,0.041666666666666664,3.0
671282474#0,3840,75,120,15,0.16666666666666666,0.05555555555555556,2.9999999999999996
671282474#0,3840,90,120,15,0.16666666666666666,0.055555555555555365,3.00000000000001
671282474#0,3960,0,120,15,0.0,0.0,3.0
671282474#0,3960,15,120,15,0.0,0.0,3.0
671282474#0,3960,30,120,15,0.0,0.0,3.0
671282474#0,3960,45,120,15,0.0,0.0,3.0
671282474#0,3960,60,120,15,0.0,0.0,3.0
671282474#0,3960,75,120,15,0.0,0.0,3.0
671282474#0,3960,90,120,15,0.0,0.0,3.0
671282474#0,4080,0,120,15,0.041666666666666664,0.01388888888888889,2.9999999999999996
671282474#0,4080,15,120,15,0.041666666666666664,0.01388888888888889,2.9999999999999996
671282474#0,4080,30,120,15,0.041666666666666664,0.01388888888888889,2.9999999999999996
671282474#0,4080,45,120,15,0.041666666666666664,0.01388888888888889,2.9999999999999996
671282474#0,4080,60,120,15,0.0,0.0,3.0
671282474#0,4080,75,120,15,0.0,0.0,3.0
671282474#0,4080,90,120,15,0.0,0.0,3.0
671282474#0,4200,0,120,15,0.041666666666666664,0.01388888888888973,2.9999999999998184
671282474#0,4200,15,120,15,0.041666666666666664,0.01388888888888889,2.9999999999999996
671282474#0,4200,30,120,15,0.041666666666666664,0.01388888888888889,2.9999999999999996
671282474#0,4200,45,120,15,0.041666666666666664,0.01388888888888889,2.9999999999999996
671282474#0,4200,60,120,15,0.08333333333333333,0.02777777777777778,2.9999999999999996
671282474#0,4200,75,120,15,0.08333333333333333,0.02777777777777778,2.9999999999999996
671282474#0,4200,90,120,15,0.08333333333333333,0.027777777777777662,3.0000000000000124
671282474#0,4320,0,120,15,0.0,0.0,3.0
671282474#0,4320,15,120,15,0.0,0.0,3.0
671282474#0,4320,30,120,15,0.0,0.0,3.0
671282474#0,4320,45,120,15,0.0,0.0,3.0
671282474#0,4320,60,120,15,0.0,0.0,3.0
671282474#0,4320,75,120,15,0.0,0.0,3.0
671282474#0,4320,90,120,15,0.0,0.0,3.0
671282474#0,4440,0,120,15,0.041666666666666664,0.01388888888888889,2.9999999999999996
671282474#0,4440,15,120,15,0.041666666666666664,0.01388888888888889,2.9999999999999996
671282474#0,4440,30,120,15,0.041666666666666664,0.01388888888888889,2.9999999999999996
671282474#0,4440,45,120,15,0.041666666666666664,0.01388888888888889,2.9999999999999996
671282474#0,4440,60,120,15,0.041666666666666664,0.01388888888888889,2.9999999999999996
671282474#0,4440,75,120,15,0.041666666666666664,0.01388888888888889,2.9999999999999996
671282474#0,4440,90,120,15,0.041666666666666664,0.01388888888888889,2.9999999999999996
671282474#0,4560,0,120,15,0.0,0.0,3.0
671282474#0,4560,15,120,15,0.0,0.0,3.0
671282474#0,4560,30,120,15,0.0,0.0,3.0
671282474#0,4560,45,120,15,0.0,0.0,3.0
671282474#0,4560,60,120,15,0.0,0.0,3.0
671282474#0,4560,75,120,15,0.0,0.0,3.0
671282474#0,4560,90,120,15,0.0,0.0,3.0
671282474#0,4680,0,120,15,0.125,0.041666666666666664,3.0
671282474#0,4680,15,120,15,0.125,0.041666666666666664,3.0
671282474#0,4680,30,120,15,0.08333333333333333,0.02777777777777778,2.9999999999999996
671282474#0,4680,45,120,15,0.08333333333333333,0.02777777777777778,2.9999999999999996
671282474#0,4680,60,120,15,0.08333333333333333,0.02777777777777778,2.9999999999999996
671282474#0,4680,75,120,15,0.08333333333333333,0.02777777777777778,2.9999999999999996
671282474#0,4680,90,120,15,0.08333333333333333,0.02777777777777778,2.9999999999999996
671282474#0,4800,0,120,15,0.041666666666666664,0.01388888888888889,2.9999999999999996
671282474#0,4800,15,120,15,0.041666666666666664,0.01388888888888889,2.9999999999999996
671282474#0,4800,30,120,15,0.08333333333333333,0.02777777777777778,2.9999999999999996
671282474#0,4800,45,120,15,0.08333333333333333,0.02777777777777778,2.9999999999999996
671282474#0,4800,60,120,15,0.08333333333333333,0.02777777777777778,2.9999999999999996
671282474#0,4800,75,120,15,0.08333333333333333,0.02777777777777778,2.9999999999999996
671282474#0,4800,90,120,15,0.08333333333333333,0.02777777777777778,2.9999999999999996
671282474#0,4920,0,120,15,0.0,0.0,3.0
671282474#0,4920,15,120,15,0.0,0.0,3.0
671282474#0,4920,30,120,15,0.0,0.0,3.0
671282474#0,4920,45,120,15,0.0,0.0,3.0
671282474#0,4920,60,120,15,0.0,0.0,3.0
671282474#0,4920,75,120,15,0.0,0.0,3.0
671282474#0,4920,90,120,15,0.0,0.0,3.0
671282474#0,5040,0,120,15,0.08333333333333333,0.03703703703703704,2.2499999999999996
671282474#0,5040,15,120,15,0.08333333333333333,0.02777777777777778,2.9999999999999996
671282474#0,5040,30,120,15,0.08333333333333333,0.02777777777777778,2.9999999999999996
671282474#0,5040,45,120,15,0.08333333333333333,0.02777777777777778,2.9999999999999996
671282474#0,5040,60,120,15,0.08333333333333333,0.02777777777777778,2.9999999999999996
671282474#0,5040,75,120,15,0.08333333333333333,0.02777777777777778,2.9999999999999996
671282474#0,5040,90,120,15,0.08333333333333333,0.02777777777777778,2.9999999999999996
671282474#0,5160,0,120,15,0.041666666666666664,0.01388888888888889,2.9999999999999996
671282474#0,5160,15,120,15,0.041666666666666664,0.01388888888888889,2.9999999999999996
671282474#0,5160,30,120,15,0.041666666666666664,0.01388888888888889,2.9999999999999996
671282474#0,5160,45,120,15,0.041666666666666664,0.01388888888888889,2.9999999999999996
671282474#0,5160,60,120,15,0.041666666666666664,0.01388888888888889,2.9999999999999996
671282474#0,5160,75,120,15,0.041666666666666664,0.01388888888888889,2.9999999999999996
671282474#0,5160,90,120,15,0.041666666666666664,0.01388888888888889,2.9999999999999996
671282474#0,5280,0,120,15,0.0,0.0,3.0
671282474#0,5280,15,120,15,0.0,0.0,3.0
671282474#0,5280,30,120,15,0.0,0.0,3.0
671282474#0,5280,45,120,15,0.0,0.0,3.0
671282474#0,5280,60,120,15,0.0,0.0,3.0
671282474#0,5280,75,120,15,0.0,0.0,3.0
671282474#0,5280,90,120,15,0.0,0.0,3.0
671282474#0,5400,0,120,15,0.08333333333333333,0.02777777777777778,2.9999999999999996
671282474#0,5400,15,120,15,0.08333333333333333,0.02777777777777778,2.9999999999999996
671282474#0,5400,30,120,15,0.08333333333333333,0.02777777777777778,2.9999999999999996
671282474#0,5400,45,120,15,0.08333333333333333,0.02777777777777778,2.9999999999999996
671282474#0,5400,60,120,15,0.08333333333333333,0.02777777777777778,2.9999999999999996
671282474#0,5400,75,120,15,0.08333333333333333,0.02777777777777778,2.9999999999999996
671282474#0,5400,90,120,15,0.08333333333333333,0.02777777777777778,2.9999999999999996
671282474#0,5520,0,120,15,0.0,0.0,3.0
671282474#0,5520,15,120,15,0.0,0.0,3.0
671282474#0,5520,30,120,15,0.0,0.0,3.0
671282474#0,5520,45,120,15,0.0,0.0,3.0
671282474#0,5520,60,120,15,0.0,0.0,3.0
671282474#0,5520,75,120,15,0.0,0.0,3.0
671282474#0,5520,90,120,15,0.0,0.0,3.0
671282474#0,5640,0,120,15,0.041666666666666664,0.01388888888888889,2.9999999999999996
671282474#0,5640,15,120,15,0.041666666666666664,0.01388888888888889,2.9999999999999996
671282474#0,5640,30,120,15,0.0,0.0,3.0
671282474#0,5640,45,120,15,0.0,0.0,3.0
671282474#0,5640,60,120,15,0.0,0.0,3.0
671282474#0,5640,75,120,15,0.0,0.0,3.0
671282474#0,5640,90,120,15,0.0,0.0,3.0
671282474#0,5760,0,120,15,0.1638888888888889,0.06851851851851935,2.391891891891863
671282474#0,5760,15,120,15,0.125,0.041666666666666664,3.0
671282474#0,5760,30,120,15,0.16666666666666666,0.05555555555555556,2.9999999999999996
671282474#0,5760,45,120,15,0.16666666666666666,0.05555555555555556,2.9999999999999996
671282474#0,5760,60,120,15,0.16666666666666666,0.05555555555555556,2.9999999999999996
671282474#0,5760,75,120,15,0.16666666666666666,0.05555555555555556,2.9999999999999996
671282474#0,5760,90,120,15,0.16666666666666666,0.05555555555555594,2.999999999999979
671282474#0,5880,0,120,15,0.08611111111111111,0.02870370370370539,2.9999999999998237
671282474#0,5880,15,120,15,0.125,0.041666666666666664,3.0
671282474#0,5880,30,120,15,0.125,0.041666666666666664,3.0
671282474#0,5880,45,120,15,0.125,0.041666666666666664,3.0
671282474#0,5880,60,120,15,0.125,0.041666666666666664,3.0
671282474#0,5880,75,120,15,0.125,0.041666666666666664,3.0
671282474#0,5880,90,120,15,0.125,0.04166666666666631,3.0000000000000258
671282474#0,6000,0,120,15,0.0,0.0,3.0
671282474#0,6000,15,120,15,0.0,0.0,3.0
671282474#0,6000,30,120,15,0.0,0.0,3.0
671282474#0,6000,45,120,15,0.0,0.0,3.0
671282474#0,6000,60,120,15,0.0,0.0,3.0
671282474#0,6000,75,120,15,0.0,0.0,3.0
671282474#0,6000,90,120,15,0.0,0.0,3.0
671282474#0,6120,0,120,15,0.20833333333333334,0.08333333333333333,2.5000000000000004
671282474#0,6120,15,120,15,0.20833333333333334,0.06944444444444445,3.0
671282474#0,6120,30,120,15,0.20833333333333334,0.06944444444444445,3.0
671282474#0,6120,45,120,15,0.20833333333333334,0.06944444444444445,3.0
671282474#0,6120,60,120,15,0.19444444444444445,0.06481481481481481,3.0
671282474#0,6120,75,120,15,0.16666666666666666,0.05555555555555556,2.9999999999999996
671282474#0,6120,90,120,15,0.16666666666666666,0.05555555555555556,2.9999999999999996
671282474#0,6240,0,120,15,0.0,0.0,3.0
671282474#0,6240,15,120,15,0.0,0.0,3.0
671282474#0,6240,30,120,15,0.0,0.0,3.0
671282474#0,6240,45,120,15,0.0,0.0,3.0
671282474#0,6240,60,120,15,0.01388888888888889,0.00462962962962963,3.0
671282474#0,6240,75,120,15,0.041666666666666664,0.01388888888888889,2.9999999999999996
671282474#0,6240,90,120,15,0.041666666666666664,0.013888888888889275,2.9999999999999165
671282474#0,6360,0,120,15,0.125,0.05555555555555556,2.25
671282474#0,6360,15,120,15,0.125,0.041666666666666664,3.0
671282474#0,6360,30,120,15,0.125,0.041666666666666664,3.0
671282474#0,6360,45,120,15,0.125,0.041666666666666664,3.0
671282474#0,6360,60,120,15,0.125,0.041666666666666664,3.0
671282474#0,6360,75,120,15,0.125,0.041666666666666664,3.0
671282474#0,6360,90,120,15,0.125,0.04166666666666705,2.999999999999972
671282474#0,6480,0,120,15,0.0,0.0,3.0
671282474#0,6480,15,120,15,0.0,0.0,3.0
671282474#0,6480,30,120,15,0.0,0.0,3.0
671282474#0,6480,45,120,15,0.0,0.0,3.0
671282474#0,6480,60,120,15,0.0,0.0,3.0
671282474#0,6480,75,120,15,0.0,0.0,3.0
671282474#0,6480,90,120,15,0.0,0.0,3.0
671282474#0,6600,0,120,15,0.16666666666666666,0.06944444444444445,2.4
671282474#0,6600,15,120,15,0.16666666666666666,0.05555555555555556,2.9999999999999996
671282474#0,6600,30,120,15,0.16666666666666666,0.05555555555555556,2.9999999999999996
671282474#0,6600,45,120,15,0.16666666666666666,0.05555555555555556,2.9999999999999996
671282474#0,6600,60,120,15,0.16666666666666666,0.05555555555555556,2.9999999999999996
671282474#0,6600,75,120,15,0.125,0.041666666666666664,3.0
671282474#0,6600,90,120,15,0.125,0.04166666666666705,2.999999999999972
671282474#0,6720,0,120,15,0.0,0.0,3.0
671282474#0,6720,15,120,15,0.0,0.0,3.0
671282474#0,6720,30,120,15,0.0,0.0,3.0
671282474#0,6720,45,120,15,0.0,0.0,3.0
671282474#0,6720,60,120,15,0.0,0.0,3.0
671282474#0,6720,75,120,15,0.041666666666666664,0.01388888888888889,2.9999999999999996
671282474#0,6720,90,120,15,0.041666666666666664,0.01388888888888889,2.9999999999999996
671282474#0,6840,0,120,15,0.0,0.0,3.0
671282474#0,6840,15,120,15,0.0,0.0,3.0
671282474#0,6840,30,120,15,0.0,0.0,3.0
671282474#0,6840,45,120,15,0.0,0.0,3.0
671282474#0,6840,60,120,15,0.0,0.0,3.0
671282474#0,6840,75,120,15,0.0,0.0,3.0
671282474#0,6840,90,120,15,0.0,0.0,3.0
671282474#0,6960,0,120,15,0.0,0.0,3.0
671282474#0,6960,15,120,15,0.0,0.0,3.0
671282474#0,6960,30,120,15,0.0,0.0,3.0
671282474#0,6960,45,120,15,0.0,0.0,3.0
671282474#0,6960,60,120,15,0.0,0.0,3.0
671282474#0,6960,75,120,15,0.0,0.0,3.0
671282474#0,6960,90,120,15,0.0,0.0,3.0
671282474#0,7080,0,120,15,0.0,0.0,3.0
671282474#0,7080,15,120,15,0.0,0.0,3.0
671282474#0,7080,30,120,15,0.0,0.0,3.0
671282474#0,7080,45,120,15,0.0,0.0,3.0
671282474#0,7080,60,120,15,0.0,0.0,3.0
671282474#0,7080,75,120,15,0.0,0.0,3.0
671282474#0,7080,90,120,15,0.0,0.0,3.0
673080415#0,0,0,120,40,0.0,0.0,8.0
673080415#0,0,40,120,40,0.0,0.0,8.0
673080415#0,120,0,120,40,0.4084821428571429,0.07328869047619048,5.573604060913706
673080415#0,120,40,120,40,0.375,0.046875,8.0
673080415#0,240,0,120,40,0.04985119047619048,0.01050967261904762,4.743362831858407
673080415#0,240,40,120,40,0.08333333333333334,0.010416666666666668,8.0
673080415#0,360,0,120,40,0.08333333333333334,0.010416666666666668,8.0
673080415#0,360,40,120,40,0.08333333333333334,0.010416666666666666,8.000000000000002
673080415#0,480,0,120,40,0.16666666666666669,0.022228422619047734,7.497907949790757
673080415#0,480,40,120,40,0.12797619047619047,0.01599702380952381,7.999999999999998
673080415#0,600,0,120,40,0.5,0.09319196428571427,5.365269461077845
673080415#0,600,40,120,40,0.5386904761904762,0.0673363095238095,8.000000000000002
673080415#0,720,0,120,40,0.33333333333333337,0.054078336423367054,6.16389769692141
673080415#0,720,40,120,40,0.33333333333333337,0.04270131976971116,7.806159976576952
673080415#0,840,0,120,40,0.20833333333333334,0.02853422619047628,7.3011734028682955
673080415#0,840,40,120,40,0.20833333333333334,0.026041666666666668,8.0
673080415#0,960,0,120,40,0.16666666666666669,0.020833333333333287,8.00000000000002
673080415#0,960,40,120,40,0.16666666666666669,0.020833333333333332,8.000000000000002
673080415#0,1080,0,120,40,0.29166666666666663,0.04319196428571425,6.75279931093885
673080415#0,1080,40,120,40,0.29166666666666663,0.03645833333333333,8.0
673080415#0,1200,0,120,40,0.20833333333333334,0.028534226190476207,7.301173402868314
673080415#0,1200,40,120,40,0.20833333333333334,0.026041666666666668,8.0
673080415#0,1320,0,120,40,0.421875,0.0729724702380953,5.781289829212332
673080415#0,1320,40,120,40,0.40625,0.05078125,8.0
673080415#0,1440,0,120,40,0.6197916666666667,0.10807291666666667,5.734939759036145
673080415#0,1440,40,120,40,0.609375,0.076171875,8.0
673080415#0,1560,0,120,40,0.5416666666666667,0.08660714285714277,6.254295532646055
673080415#0,1560,40,120,40,0.5407738095238096,0.0675967261904762,8.0
673080415#0,1680,0,120,40,0.6241071428571429,0.10887276785714281,5.7324449000512585
673080415#0,1680,40,120,40,0.6102678571428571,0.07628348214285714,8.0
673080415#0,1800,0,120,40,0.33422619047619045,0.05548735119047606,6.023466309084827
673080415#0,1800,40,120,40,0.375,0.046875,8.0
673080415#0,1920,0,120,40,0.5,0.08072916666666667,6.193548387096774
673080415#0,1920,40,120,40,0.45972222222222225,0.057548744658119655,7.988397052851425
673080415#0,2040,0,120,40,0.5271329365079366,0.08740345096371886,6.031031162908536
673080415#0,2040,40,120,40,0.5402777777777777,0.06904496173469388,7.8250137910685185
673080415#0,2160,0,120,40,0.5145337301587302,0.11203249007936503,4.592718860343361
673080415#0,2160,40,120,40,0.5354166666666667,0.10053323412698412,5.3257678549401755
673080415#0,2280,0,120,40,0.603125,0.11447315705128205,5.2687024236591125
673080415#0,2280,40,120,40,0.5895833333333333,0.07936030982905982,7.429196466133782
673080415#0,2400,0,120,40,0.5989583333333333,0.11080729166666667,5.405405405405404
673080415#0,2400,40,120,40,0.5833333333333333,0.08111979166666666,7.191011235955056
673080415#0,2520,0,120,40,0.5989583333333333,0.11484375,5.215419501133787
673080415#0,2520,40,120,40,0.5760416666666667,0.08480902777777778,6.79222108495394
673080415#0,2640,0,120,40,0.5739583333333333,0.10833333333333332,5.298076923076923
673080415#0,2640,40,120,40,0.5947916666666667,0.08168402777777778,7.281615302869288
673080415#0,2760,0,120,40,0.6135416666666667,0.110546875,5.550058892815076
673080415#0,2760,40,120,40,0.6208333333333333,0.07760416666666667,8.0
673080415#0,2880,0,120,40,0.5947916666666667,0.11276041666666667,5.274826789838338
673080415#0,2880,40,120,40,0.603125,0.079296875,7.605911330049261
673080415#0,3000,0,120,40,0.5979166666666667,0.11549479166666668,5.177001127395715
673080415#0,3000,40,120,40,0.6041666666666667,0.08098958333333334,7.459807073954985
673080415#0,3120,0,120,40,0.4854166666666667,0.08880208333333334,5.466275659824047
673080415#0,3120,40,120,40,0.5010416666666667,0.06263020833333334,8.0
673080415#0,3240,0,120,40,0.04166666666666667,0.005208333333333245,8.000000000000137
673080415#0,3240,40,120,40,0.04166666666666667,0.005208333333333334,8.0
673080415#0,3360,0,120,40,0.4166666666666667,0.0751210999602542,5.546599648928472
673080415#0,3360,40,120,40,0.38958333333333334,0.06125276405607287,6.36025719552338
673080415#0,3480,0,120,40,0.6239583333333333,0.11041666666666668,5.650943396226414
673080415#0,3480,40,120,40,0.6104166666666667,0.07630208333333334,8.0
673080415#0,3600,0,120,40,0.37604166666666666,0.06966145833333334,5.398130841121494
673080415#0,3600,40,120,40,0.4166666666666667,0.052083333333333336,8.0
673080415#0,3720,0,120,40,0.08333333333333334,0.013671875,6.095238095238096
673080415#0,3720,40,120,40,0.08333333333333334,0.010416666666666668,8.0
673080415#0,3840,0,120,40,0.04166666666666667,0.005208333333333245,8.000000000000137
673080415#0,3840,40,120,40,0.04166666666666667,0.005208333333333334,8.0
673080415#0,3960,0,120,40,0.2498015873015873,0.0372147817460317,6.712429190269919
673080415#0,3960,40,120,40,0.221875,0.027734375,8.0
673080415#0,4080,0,120,40,0.4166666666666667,0.0797780257936506,5.222824988730524
673080415#0,4080,40,120,40,0.4447916666666667,0.09591145833333334,4.637523757806137
673080415#0,4200,0,120,40,0.3613095238095238,0.06339285714285742,5.6995305164319
673080415#0,4200,40,120,40,0.33333333333333337,0.04166666666666667,8.0
673080415#0,4320,0,120,40,0.3053571428571429,0.05277157738095265,5.786394078251645
673080415#0,4320,40,120,40,0.3102678571428571,0.03878348214285714,8.0
673080415#0,4440,0,120,40,0.375,0.0673363095238097,5.569060773480649
673080415#0,4440,40,120,40,0.39806547619047616,0.04975818452380952,8.0
673080415#0,4560,0,120,40,0.20833333333333334,0.026041666666667202,7.999999999999836
673080415#0,4560,40,120,40,0.20833333333333334,0.026041666666666664,8.000000000000002
673080415#0,4680,0,120,40,0.04166666666666667,0.005208333333332927,8.000000000000625
673080415#0,4680,40,120,40,0.04166666666666667,0.005208333333333333,8.000000000000002
673080415#0,4800,0,120,40,0.20833333333333334,0.03515624999999973,5.925925925925972
673080415#0,4800,40,120,40,0.20833333333333334,0.026041666666666668,8.0
673080415#0,4920,0,120,40,0.04166666666666667,0.005208333333333468,7.999999999999794
673080415#0,4920,40,120,40,0.04166666666666667,0.005208333333333332,8.000000000000004
673080415#0,5040,0,120,40,0.04166666666666667,0.0052083333333336045,7.999999999999584
673080415#0,5040,40,120,40,0.00401785714285714,0.0005022321428571425,8.0
673080415#0,5160,0,120,40,0.04166666666666667,0.005208333333333063,8.000000000000416
673080415#0,5160,40,120,40,0.0793154761904762,0.009914434523809522,8.000000000000004
673080415#0,5280,0,120,40,0.24598214285714287,0.042373511904761636,5.80509218612822
673080415#0,5280,40,120,40,0.20833333333333334,0.026041666666666668,8.0
673080415#0,5400,0,120,40,0.12901785714285716,0.01612723214285782,7.999999999999664
673080415#0,5400,40,120,40,0.16666666666666669,0.020833333333333336,8.0
673080415#0,5520,0,120,40,0.0,0.0,8.0
673080415#0,5520,40,120,40,0.0,0.0,8.0
673080415#0,5640,0,120,40,0.0738095238095238,0.009226190476190747,7.999999999999764
673080415#0,5640,40,120,40,0.04166666666666667,0.005208333333333334,8.0
673080415#0,5760,0,120,40,0.09285714285714286,0.011607142857143581,7.999999999999502
673080415#0,5760,40,120,40,0.125,0.015625,8.0
673080415#0,5880,0,120,40,0.3480654761904762,0.05735512955182033,6.068602388492544
673080415#0,5880,40,120,40,0.29583333333333334,0.0453234418767507,6.527159480469316
673080415#0,6000,0,120,40,0.3389880952380952,0.06071428571428612,5.583333333333295
673080415#0,6000,40,120,40,0.37083333333333335,0.04635416666666667,8.0
673080415#0,6120,0,120,40,0.2931547619047619,0.0448660714285717,6.5339966832503755
673080415#0,6120,40,120,40,0.29166666666666663,0.03645833333333333,8.0
673080415#0,6240,0,120,40,0.353125,0.062276785714285986,5.670250896057324
673080415#0,6240,40,120,40,0.375,0.050390625,7.441860465116279
673080415#0,6360,0,120,40,0.125,0.015625000000000812,7.999999999999584
673080415#0,6360,40,120,40,0.125,0.015625,8.0
673080415#0,6480,0,120,40,0.20833333333333334,0.029520089285714018,7.05734089477007
673080415#0,6480,40,120,40,0.20833333333333334,0.026041666666666668,8.0
673080415#0,6600,0,120,40,0.33630952380952384,0.06250000000000028,5.380952380952357
673080415#0,6600,40,120,40,0.32068452380952384,0.04008556547619047,8.000000000000002
673080415#0,6720,0,120,40,0.28869047619047616,0.04482886904761946,6.439834024896206
673080415#0,6720,40,120,40,0.30431547619047616,0.03803943452380952,8.0
673080415#0,6840,0,120,40,0.30565476190476193,0.03841145833333455,7.957384987893211
673080415#0,6840,40,120,40,0.29002976190476193,0.03625372023809524,8.0
673080415#0,6960,0,120,40,0.2775297619047619,0.04873511904761905,5.694656488549619
673080415#0,6960,40,120,40,0.25178571428571433,0.03147321428571429,8.0
673080415#0,7080,0,120,40,0.125,0.015625000000000673,7.999999999999655
673080415#0,7080,40,120,40,0.1611607142857143,0.020145089285714284,8.000000000000002
675395643#0,0,0,120,40,0.125,0.015625,8.0
675395643#0,0,40,120,40,0.125,0.015625,8.0
675395643#0,120,0,120,40,0.0,0.0,8.0
675395643#0,120,40,120,40,0.0,0.0,8.0
675395643#0,240,0,120,40,0.0,0.0,8.0
675395643#0,240,40,120,40,0.0,0.0,8.0
675395643#0,360,0,120,40,0.0,0.0,8.0
675395643#0,360,40,120,40,0.0,0.0,8.0
675395643#0,480,0,120,40,0.08333333333333334,0.010416666666666598,8.000000000000053
675395643#0,480,40,120,40,0.08333333333333334,0.010416666666666682,7.999999999999989
675395643#0,600,0,120,40,0.0,0.0,8.0
675395643#0,600,40,120,40,0.0,0.0,8.0
675395643#0,720,0,120,40,0.0,0.0,8.0
675395643#0,720,40,120,40,0.0,0.0,8.0
675395643#0,840,0,120,40,0.0,0.0,8.0
675395643#0,840,40,120,40,0.0,0.0,8.0
675395643#0,960,0,120,40,0.0,0.0,8.0
675395643#0,960,40,120,40,0.0,0.0,8.0
675395643#0,1080,0,120,40,0.0,0.0,8.0
675395643#0,1080,40,120,40,0.0,0.0,8.0
675395643#0,1200,0,120,40,0.0,0.0,8.0
675395643#0,1200,40,120,40,0.0,0.0,8.0
675395643#0,1320,0,120,40,0.0,0.0,8.0
675395643#0,1320,40,120,40,0.0,0.0,8.0
675395643#0,1440,0,120,40,0.0,0.0,8.0
675395643#0,1440,40,120,40,0.0,0.0,8.0
675395643#0,1560,0,120,40,0.0,0.0,8.0
675395643#0,1560,40,120,40,0.0,0.0,8.0
675395643#0,1680,0,120,40,0.0,0.0,8.0
675395643#0,1680,40,120,40,0.0,0.0,8.0
675395643#0,1800,0,120,40,0.0,0.0,8.0
675395643#0,1800,40,120,40,0.0,0.0,8.0
675395643#0,1920,0,120,40,0.0,0.0,8.0
675395643#0,1920,40,120,40,0.0,0.0,8.0
675395643#0,2040,0,120,40,0.0,0.0,8.0
675395643#0,2040,40,120,40,0.0,0.0,8.0
675395643#0,2160,0,120,40,0.0,0.0,8.0
675395643#0,2160,40,120,40,0.0,0.0,8.0
675395643#0,2280,0,120,40,0.0,0.0,8.0
675395643#0,2280,40,120,40,0.0,0.0,8.0
675395643#0,2400,0,120,40,0.0,0.0,8.0
675395643#0,2400,40,120,40,0.0,0.0,8.0
675395643#0,2520,0,120,40,0.0,0.0,8.0
675395643#0,2520,40,120,40,0.0,0.0,8.0
675395643#0,2640,0,120,40,0.0,0.0,8.0
675395643#0,2640,40,120,40,0.0,0.0,8.0
675395643#0,2760,0,120,40,0.0,0.0,8.0
675395643#0,2760,40,120,40,0.0,0.0,8.0
675395643#0,2880,0,120,40,0.0,0.0,8.0
675395643#0,2880,40,120,40,0.0,0.0,8.0
675395643#0,3000,0,120,40,0.0,0.0,8.0
675395643#0,3000,40,120,40,0.0,0.0,8.0
675395643#0,3120,0,120,40,0.0,0.0,8.0
675395643#0,3120,40,120,40,0.0,0.0,8.0
675395643#0,3240,0,120,40,0.0,0.0,8.0
675395643#0,3240,40,120,40,0.0,0.0,8.0
675395643#0,3360,0,120,40,0.0,0.0,8.0
675395643#0,3360,40,120,40,0.0,0.0,8.0
675395643#0,3480,0,120,40,0.125,0.015625,8.0
675395643#0,3480,40,120,40,0.125,0.015625,8.0
675395643#0,3600,0,120,40,0.057291666666666664,0.007161458333333333,8.0
675395643#0,3600,40,120,40,0.04166666666666667,0.005208333333333334,8.0
675395643#0,3720,0,120,40,0.06770833333333334,0.008463541666666668,8.0
675395643#0,3720,40,120,40,0.08333333333333334,0.012586805555555556,6.620689655172415
675395643#0,3840,0,120,40,0.33333333333333337,0.056789434523809926,5.869636423190264
675395643#0,3840,40,120,40,0.33333333333333337,0.041666666666666616,8.00000000000001
675395643#0,3960,0,120,40,0.16666666666666669,0.020833333333333336,8.0
675395643#0,3960,40,120,40,0.16666666666666669,0.022902199074074075,7.277321541377132
675395643#0,4080,0,120,40,0.16666666666666669,0.025390625,6.564102564102565
675395643#0,4080,40,120,40,0.16666666666666669,0.020833333333333336,8.0
675395643#0,4200,0,120,40,0.125,0.020182291666666664,6.193548387096775
675395643#0,4200,40,120,40,0.125,0.015625,8.0
675395643#0,4320,0,120,40,0.08333333333333334,0.013671875,6.095238095238096
675395643#0,4320,40,120,40,0.057291666666666664,0.007161458333333333,8.0
675395643#0,4440,0,120,40,0.0,0.0,8.0
675395643#0,4440,40,120,40,0.026041666666666668,0.0032552083333333335,8.0
675395643#0,4560,0,120,40,0.0,0.0,8.0
675395643#0,4560,40,120,40,0.0,0.0,8.0
675395643#0,4680,0,120,40,0.0,0.0,8.0
675395643#0,4680,40,120,40,0.0,0.0,8.0
675395643#0,4800,0,120,40,0.20833333333333334,0.030598958333332794,6.808510638297992
675395643#0,4800,40,120,40,0.20833333333333334,0.02604166666666672,7.999999999999984
675395643#0,4920,0,120,40,0.0,0.0,8.0
675395643#0,4920,40,120,40,0.0,0.0,8.0
675395643#0,5040,0,120,40,0.0,0.0,8.0
675395643#0,5040,40,120,40,0.0,0.0,8.0
675395643#0,5160,0,120,40,0.04166666666666667,0.005208333333333062,8.000000000000417
675395643#0,5160,40,120,40,0.04166666666666667,0.005208333333333384,7.999999999999923
675395643#0,5280,0,120,40,0.0,0.0,8.0
675395643#0,5280,40,120,40,0.0,0.0,8.0
675395643#0,5400,0,120,40,0.0,0.0,8.0
675395643#0,5400,40,120,40,0.0,0.0,8.0
675395643#0,5520,0,120,40,0.0,0.0,8.0
675395643#0,5520,40,120,40,0.0,0.0,8.0
675395643#0,5640,0,120,40,0.0,0.0,8.0
675395643#0,5640,40,120,40,0.0,0.0,8.0
675395643#0,5760,0,120,40,0.0,0.0,8.0
675395643#0,5760,40,120,40,0.0,0.0,8.0
675395643#0,5880,0,120,40,0.0,0.0,8.0
675395643#0,5880,40,120,40,0.0,0.0,8.0
675395643#0,6000,0,120,40,0.0,0.0,8.0
675395643#0,6000,40,120,40,0.0,0.0,8.0
675395643#0,6120,0,120,40,0.0,0.0,8.0
675395643#0,6120,40,120,40,0.0,0.0,8.0
675395643#0,6240,0,120,40,0.0,0.0,8.0
675395643#0,6240,40,120,40,0.0,0.0,8.0
675395643#0,6360,0,120,40,0.0,0.0,8.0
675395643#0,6360,40,120,40,0.0,0.0,8.0
675395643#0,6480,0,120,40,0.0,0.0,8.0
675395643#0,6480,40,120,40,0.0,0.0,8.0
675395643#0,6600,0,120,40,0.125,0.015625,8.0
675395643#0,6600,40,120,40,0.125,0.017693865740740743,7.064595257563368
675395643#0,6720,0,120,40,0.0,0.0,8.0
675395643#0,6720,40,120,40,0.0,0.0,8.0
675395643#0,6840,0,120,40,0.04166666666666667,0.005208333333333334,8.0
675395643#0,6840,40,120,40,0.04166666666666667,0.005208333333333334,8.0
675395643#0,6960,0,120,40,0.04166666666666667,0.005208333333333062,8.000000000000417
675395643#0,6960,40,120,40,0.04166666666666667,0.005208333333333384,7.999999999999923
675395643#0,7080,0,120,40,0.0,0.0,8.0
675395643#0,7080,40,120,40,0.0,0.0,8.0
86301093#0,0,0,120,15,0.0,0.0,3.0
86301093#0,0,15,120,15,0.0,0.0,3.0
86301093#0,0,30,120,15,0.0,0.0,3.0
86301093#0,0,45,120,15,0.0,0.0,3.0
86301093#0,0,60,120,15,0.0,0.0,3.0
86301093#0,0,75,120,15,0.0,0.0,3.0
86301093#0,0,90,120,15,0.0,0.0,3.0
86301093#0,120,0,120,15,0.08333333333333333,0.03703703703703704,2.2499999999999996
86301093#0,120,15,120,15,0.08333333333333333,0.02777777777777778,2.9999999999999996
86301093#0,120,30,120,15,0.08333333333333333,0.02777777777777778,2.9999999999999996
86301093#0,120,45,120,15,0.08333333333333333,0.02777777777777778,2.9999999999999996
86301093#0,120,60,120,15,0.08333333333333333,0.02777777777777778,2.9999999999999996
86301093#0,120,75,120,15,0.08333333333333333,0.02777777777777778,2.9999999999999996
86301093#0,120,90,120,15,0.08333333333333333,0.02777777777777778,2.9999999999999996
86301093#0,240,0,120,15,0.041666666666666664,0.013888888888888958,2.999999999999985
86301093#0,240,15,120,15,0.041666666666666664,0.013888888888888888,3.0
86301093#0,240,30,120,15,0.041666666666666664,0.01388888888888889,2.9999999999999996
86301093#0,240,45,120,15,0.041666666666666664,0.01388888888888889,2.9999999999999996
86301093#0,240,60,120,15,0.041666666666666664,0.01388888888888889,2.9999999999999996
86301093#0,240,75,120,15,0.041666666666666664,0.01388888888888889,2.9999999999999996
86301093#0,240,90,120,15,0.041666666666666664,0.01388888888888889,2.9999999999999996
86301093#0,360,0,120,15,0.0,0.0,3.0
86301093#0,360,15,120,15,0.0,0.0,3.0
86301093#0,360,30,120,15,0.0,0.0,3.0
86301093#0,360,45,120,15,0.0,0.0,3.0
86301093#0,360,60,120,15,0.0,0.0,3.0
86301093#0,360,75,120,15,0.0,0.0,3.0
86301093#0,360,90,120,15,0.0,0.0,3.0
86301093#0,480,0,120,15,0.041666666666666664,0.013888888888888931,2.9999999999999907
86301093#0,480,15,120,15,0.041666666666666664,0.013888888888888892,2.999999999999999
86301093#0,480,30,120,15,0.041666666666666664,0.01388888888888889,2.9999999999999996
86301093#0,480,45,120,15,0.041666666666666664,0.01388888888888889,2.9999999999999996
86301093#0,480,60,120,15,0.041666666666666664,0.013888888888888893,2.9999999999999987
86301093#0,480,75,120,15,0.041666666666666664,0.01388888888888889,2.9999999999999996
86301093#0,480,90,120,15,0.041666666666666664,0.013888888888888888,3.0
86301093#0,600,0,120,15,0.16666666666666666,0.07407407407407408,2.2499999999999996
86301093#0,600,15,120,15,0.16666666666666666,0.05555555555555556,2.9999999999999996
86301093#0,600,30,120,15,0.16666666666666666,0.05555555555555556,2.9999999999999996
86301093#0,600,45,120,15,0.16666666666666666,0.05555555555555556,2.9999999999999996
86301093#0,600,60,120,15,0.16666666666666666,0.05555555555555556,2.9999999999999996
86301093#0,600,75,120,15,0.16666666666666666,0.058922558922558925,2.8285714285714283
86301093#0,600,90,120,15,0.16666666666666666,0.09755892255892255,1.7083692838654012
86301093#0,720,0,120,15,0.12207341269841268,0.04166666666666662,2.9297619047619072
86301093#0,720,15,120,15,0.08333333333333333,0.02777777777777778,2.9999999999999996
86301093#0,720,30,120,15,0.08333333333333333,0.027777777777777783,2.999999999999999
86301093#0,720,45,120,15,0.06651785714285714,0.022172619047619045,3.0000000000000004
86301093#0,720,60,120,15,0.041666666666666664,0.01388888888888889,2.9999999999999996
86301093#0,720,75,120,15,0.041666666666666664,0.01388888888888889,2.9999999999999996
86301093#0,720,90,120,15,0.026785714285714277,0.008928571428571425,3.0000000000000004
86301093#0,840,0,120,15,0.16959325396825395,0.06579034391534401,2.5777833626539293
86301093#0,840,15,120,15,0.20833333333333334,0.06944444444444445,3.0
86301093#0,840,30,120,15,0.20833333333333334,0.06944444444444445,3.0
86301093#0,840,45,120,15,0.22514880952380956,0.07504960317460317,3.0000000000000004
86301093#0,840,60,120,15,0.25,0.0962962962962963,2.5961538461538463
86301093#0,840,75,120,15,0.25,0.08333333333333333,3.0
86301093#0,840,90,120,15,0.2648809523809524,0.10125661375661375,2.6159372958850424
86301093#0,960,0,120,15,0.041666666666666664,0.013888888888888775,3.0000000000000244
86301093#0,960,15,120,15,0.041666666666666664,0.013888888888888892,2.999999999999999
86301093#0,960,30,120,15,0.041666666666666664,0.01388888888888889,2.9999999999999996
86301093#0,960,45,120,15,0.041666666666666664,0.013888888888888892,2.999999999999999
86301093#0,960,60,120,15,0.041666666666666664,0.013888888888888893,2.9999999999999987
86301093#0,960,75,120,15,0.041666666666666664,0.01388888888888889,2.9999999999999996
86301093#0,960,90,120,15,0.041666666666666664,0.013888888888888807,3.0000000000000178
86301093#0,1080,0,120,15,0.125,0.041666666666666116,3.0000000000000395
86301093#0,1080,15,120,15,0.125,0.041666666666666664,3.0
86301093#0,1080,30,120,15,0.125,0.041666666666666664,3.0
86301093#0,1080,45,120,15,0.125,0.04166666666666667,2.9999999999999996
86301093#0,1080,60,120,15,0.12440476190476188,0.04146825396825397,2.9999999999999996
86301093#0,1080,75,120,15,0.08333333333333333,0.02777777777777778,2.9999999999999996
86301093#0,1080,90,120,15,0.08333333333333333,0.02777777777777778,2.9999999999999996
86301093#0,1200,0,120,15,0.125,0.05092592592592593,2.454545454545454
86301093#0,1200,15,120,15,0.125,0.041666666666666664,3.0
86301093#0,1200,30,120,15,0.125,0.041666666666666664,3.0
86301093#0,1200,45,120,15,0.125,0.041666666666666664,3.0
86301093#0,1200,60,120,15,0.12559523809523812,0.04186507936507937,3.0000000000000004
86301093#0,1200,75,120,15,0.16666666666666666,0.05555555555555556,2.9999999999999996
86301093#0,1200,90,120,15,0.16666666666666666,0.05555555555555556,2.9999999999999996
86301093#0,1320,0,120,15,0.0,0.0,3.0
86301093#0,1320,15,120,15,0.0,0.0,3.0
86301093#0,1320,30,120,15,0.0,0.0,3.0
86301093#0,1320,45,120,15,0.0,0.0,3.0
86301093#0,1320,60,120,15,0.0,0.0,3.0
86301093#0,1320,75,120,15,0.0,0.0,3.0
86301093#0,1320,90,120,15,0.0,0.0,3.0
86301093#0,1440,0,120,15,0.08333333333333333,0.027777777777778137,2.999999999999961
86301093#0,1440,15,120,15,0.08333333333333333,0.027777777777777783,2.999999999999999
86301093#0,1440,30,120,15,0.08333333333333333,0.027777777777777783,2.999999999999999
86301093#0,1440,45,120,15,0.08333333333333333,0.02777777777777778,2.9999999999999996
86301093#0,1440,60,120,15,0.08333333333333333,0.02777777777777778,2.9999999999999996
86301093#0,1440,75,120,15,0.08333333333333333,0.02777777777777778,2.9999999999999996
86301093#0,1440,90,120,15,0.08333333333333333,0.027777777777777787,2.9999999999999987
86301093#0,1560,0,120,15,0.041666666666666664,0.01388888888888898,2.99999999999998
86301093#0,1560,15,120,15,0.041666666666666664,0.01388888888888889,2.9999999999999996
86301093#0,1560,30,120,15,0.041666666666666664,0.01388888888888889,2.9999999999999996
86301093#0,1560,45,120,15,0.041666666666666664,0.01388888888888889,2.9999999999999996
86301093#0,1560,60,120,15,0.041666666666666664,0.01388888888888889,2.9999999999999996
86301093#0,1560,75,120,15,0.041666666666666664,0.01388888888888889,2.9999999999999996
86301093#0,1560,90,120,15,0.041666666666666664,0.01388888888888889,2.9999999999999996
86301093#0,1680,0,120,15,0.041666666666666664,0.013888888888889162,2.999999999999941
86301093#0,1680,15,120,15,0.041666666666666664,0.013888888888888888,3.0
86301093#0,1680,30,120,15,0.029761904761904764,0.00992063492063492,3.0000000000000004
86301093#0,1680,45,120,15,0.0,0.0,3.0
86301093#0,1680,60,120,15,0.0,0.0,3.0
86301093#0,1680,75,120,15,0.0,0.0,3.0
86301093#0,1680,90,120,15,0.0,0.0,3.0
86301093#0,1800,0,120,15,0.0,0.0,3.0
86301093#0,1800,15,120,15,0.0,0.0,3.0
86301093#0,1800,30,120,15,0.0119047619047619,0.003968253968253967,3.0
86301093#0,1800,45,120,15,0.041666666666666664,0.013888888888888888,3.0
86301093#0,1800,60,120,15,0.041666666666666664,0.013888888888888886,3.0000000000000004
86301093#0,1800,75,120,15,0.041666666666666664,0.01388888888888889,2.9999999999999996
86301093#0,1800,90,120,15,0.041666666666666664,0.01388888888888889,2.9999999999999996
86301093#0,1920,0,120,15,0.08333333333333333,0.027777777777777866,2.9999999999999902
86301093#0,1920,15,120,15,0.08333333333333333,0.02777777777777778,2.9999999999999996
86301093#0,1920,30,120,15,0.08333333333333333,0.02777777777777778,2.9999999999999996
86301093#0,1920,45,120,15,0.08333333333333333,0.02777777777777778,2.9999999999999996
86301093#0,1920,60,120,15,0.08333333333333333,0.02777777777777778,2.9999999999999996
86301093#0,1920,75,120,15,0.08333333333333333,0.02777777777777778,2.9999999999999996
86301093#0,1920,90,120,15,0.08333333333333333,0.02777777777777778,2.9999999999999996
86301093#0,2040,0,120,15,0.0,0.0,3.0
86301093#0,2040,15,120,15,0.0,0.0,3.0
86301093#0,2040,30,120,15,0.0,0.0,3.0
86301093#0,2040,45,120,15,0.0,0.0,3.0
86301093#0,2040,60,120,15,0.0,0.0,3.0
86301093#0,2040,75,120,15,0.0,0.0,3.0
86301093#0,2040,90,120,15,0.0,0.0,3.0
86301093#0,2160,0,120,15,0.0,0.0,3.0
86301093#0,2160,15,120,15,0.0,0.0,3.0
86301093#0,2160,30,120,15,0.0,0.0,3.0
86301093#0,2160,45,120,15,0.0,0.0,3.0
86301093#0,2160,60,120,15,0.0,0.0,3.0
86301093#0,2160,75,120,15,0.0,0.0,3.0
86301093#0,2160,90,120,15,0.0,0.0,3.0
86301093#0,2280,0,120,15,0.004166666666666667,0.0013888888888888887,3.0000000000000004
86301093#0,2280,15,120,15,0.0,0.0,3.0
86301093#0,2280,30,120,15,0.0,0.0,3.0
86301093#0,2280,45,120,15,0.0,0.0,3.0
86301093#0,2280,60,120,15,0.0,0.0,3.0
86301093#0,2280,75,120,15,0.0,0.0,3.0
86301093#0,2280,90,120,15,0.0,0.0,3.0
86301093#0,2400,0,120,15,0.20416666666666666,0.0759259259259263,2.689024390243889
86301093#0,2400,15,120,15,0.20833333333333334,0.06944444444444445,3.0
86301093#0,2400,30,120,15,0.20833333333333334,0.06944444444444445,3.0
86301093#0,2400,45,120,15,0.20833333333333334,0.06944444444444445,3.0
86301093#0,2400,60,120,15,0.20833333333333334,0.06944444444444445,3.0
86301093#0,2400,75,120,15,0.17996031746031743,0.0675485008818342,2.664164490861619
86301093#0,2400,90,120,15,0.16666666666666666,0.057716049382716045,2.8877005347593583
86301093#0,2520,0,120,15,0.041666666666666664,0.01388888888888889,2.9999999999999996
86301093#0,2520,15,120,15,0.041666666666666664,0.01388888888888889,2.9999999999999996
86301093#0,2520,30,120,15,0.041666666666666664,0.01388888888888889,2.9999999999999996
86301093#0,2520,45,120,15,0.041666666666666664,0.01388888888888889,2.9999999999999996
86301093#0,2520,60,120,15,0.041666666666666664,0.01388888888888889,2.9999999999999996
86301093#0,2520,75,120,15,0.07003968253968255,0.023346560846560855,2.9999999999999996
86301093#0,2520,90,120,15,0.08333333333333333,0.02777777777777778,2.9999999999999996
86301093#0,2640,0,120,15,0.0,0.0,3.0
86301093#0,2640,15,120,15,0.0,0.0,3.0
86301093#0,2640,30,120,15,0.0,0.0,3.0
86301093#0,2640,45,120,15,0.0,0.0,3.0
86301093#0,2640,60,120,15,0.0,0.0,3.0
86301093#0,2640,75,120,15,0.0,0.0,3.0
86301093#0,2640,90,120,15,0.0,0.0,3.0
86301093#0,2760,0,120,15,0.125,0.041798941798941856,2.99050632911392
86301093#0,2760,15,120,15,0.125,0.041666666666666664,3.0
86301093#0,2760,30,120,15,0.125,0.041666666666666664,3.0
86301093#0,2760,45,120,15,0.09682539682539684,0.032275132275132276,3.0000000000000004
86301093#0,2760,60,120,15,0.08333333333333333,0.02777777777777778,2.9999999999999996
86301093#0,2760,75,120,15,0.08293650793650795,0.027645502645502647,3.0000000000000004
86301093#0,2760,90,120,15,0.041666666666666664,0.01388888888888889,2.9999999999999996
86301093#0,2880,0,120,15,0.25,0.0879629629629629,2.842105263157897
86301093#0,2880,15,120,15,0.25,0.08333333333333333,3.0
86301093#0,2880,30,120,15,0.25,0.08333333333333334,2.9999999999999996
86301093#0,2880,45,120,15,0.2781746031746032,0.09440836940836941,2.946503630110814
86301093#0,2880,60,120,15,0.26666666666666666,0.0909090909090909,2.9333333333333336
86301093#0,2880,75,120,15,0.2503968253968254,0.08683261183261183,2.883672621520565
86301093#0,2880,90,120,15,0.2916666666666667,0.09797965310013504,2.9768085254250067
86301093#0,3000,0,120,15,0.0,0.0,3.0
86301093#0,3000,15,120,15,0.0,0.0,3.0
86301093#0,3000,30,120,15,0.0,0.0,3.0
86301093#0,3000,45,120,15,0.0,0.0,3.0
86301093#0,3000,60,120,15,0.025,0.008333333333333333,3.0
86301093#0,3000,75,120,15,0.041666666666666664,0.01388888888888889,2.9999999999999996
86301093#0,3000,90,120,15,0.041666666666666664,0.01388888888888889,2.9999999999999996
86301093#0,3120,0,120,15,0.0,0.0,3.0
86301093#0,3120,15,120,15,0.0,0.0,3.0
86301093#0,3120,30,120,15,0.0,0.0,3.0
86301093#0,3120,45,120,15,0.0,0.0,3.0
86301093#0,3120,60,120,15,0.0,0.0,3.0
86301093#0,3120,75,120,15,0.0,0.0,3.0
86301093#0,3120,90,120,15,0.0,0.0,3.0
86301093#0,3240,0,120,15,0.125,0.04166666666666697,2.9999999999999782
86301093#0,3240,15,120,15,0.125,0.041666666666666664,3.0
86301093#0,3240,30,120,15,0.125,0.04166666666666667,2.9999999999999996
86301093#0,3240,45,120,15,0.08333333333333333,0.027777777777777783,2.999999999999999
86301093#0,3240,60,120,15,0.08333333333333333,0.027777777777777783,2.999999999999999
86301093#0,3240,75,120,15,0.08333333333333333,0.02777777777777778,2.9999999999999996
86301093#0,3240,90,120,15,0.08333333333333333,0.02777777777777778,2.9999999999999996
86301093#0,3360,0,120,15,0.041666666666666664,0.01388888888888889,2.9999999999999996
86301093#0,3360,15,120,15,0.041666666666666664,0.01388888888888889,2.9999999999999996
86301093#0,3360,30,120,15,0.041666666666666664,0.01388888888888889,2.9999999999999996
86301093#0,3360,45,120,15,0.08333333333333333,0.02777777777777778,2.9999999999999996
86301093#0,3360,60,120,15,0.04583333333333333,0.015277777777777777,3.0
86301093#0,3360,75,120,15,0.041666666666666664,0.01388888888888889,2.9999999999999996
86301093#0,3360,90,120,15,0.041666666666666664,0.01388888888888889,2.9999999999999996
86301093#0,3480,0,120,15,0.125,0.04166666666666715,2.9999999999999654
86301093#0,3480,15,120,15,0.125,0.041666666666666664,3.0
86301093#0,3480,30,120,15,0.125,0.04166666666666667,2.9999999999999996
86301093#0,3480,45,120,15,0.125,0.04166666666666667,2.9999999999999996
86301093#0,3480,60,120,15,0.1625,0.054166666666666675,2.9999999999999996
86301093#0,3480,75,120,15,0.16666666666666666,0.05555555555555556,2.9999999999999996
86301093#0,3480,90,120,15,0.16666666666666666,0.055555555555555615,2.9999999999999964
86301093#0,3600,0,120,15,0.0,0.0,3.0
86301093#0,3600,15,120,15,0.0,0.0,3.0
86301093#0,3600,30,120,15,0.0,0.0,3.0
86301093#0,3600,45,120,15,0.0,0.0,3.0
86301093#0,3600,60,120,15,0.0,0.0,3.0
86301093#0,3600,75,120,15,0.0,0.0,3.0
86301093#0,3600,90,120,15,0.0,0.0,3.0
86301093#0,3720,0,120,15,0.16666666666666666,0.06481481481481531,2.5714285714285516
86301093#0,3720,15,120,15,0.16666666666666666,0.05555555555555556,2.9999999999999996
86301093#0,3720,30,120,15,0.16666666666666666,0.05555555555555556,2.9999999999999996
86301093#0,3720,45,120,15,0.16666666666666666,0.055555555555555566,2.999999999999999
86301093#0,3720,60,120,15,0.16666666666666666,0.055555555555555566,2.999999999999999
86301093#0,3720,75,120,15,0.16666666666666666,0.05555555555555556,2.9999999999999996
86301093#0,3720,90,120,15,0.1388888888888889,0.046296296296296294,3.0000000000000004
86301093#0,3840,0,120,15,0.125,0.04166666666666672,2.999999999999996
86301093#0,3840,15,120,15,0.125,0.04166666666666667,2.9999999999999996
86301093#0,3840,30,120,15,0.125,0.041666666666666664,3.0
86301093#0,3840,45,120,15,0.125,0.041666666666666664,3.0
86301093#0,3840,60,120,15,0.08928571428571427,0.029761904761904764,2.9999999999999996
86301093#0,3840,75,120,15,0.08333333333333333,0.02777777777777778,2.9999999999999996
86301093#0,3840,90,120,15,0.11111111111111112,0.03703703703703714,2.999999999999992
86301093#0,3960,0,120,15,0.0,0.0,3.0
86301093#0,3960,15,120,15,0.0,0.0,3.0
86301093#0,3960,30,120,15,0.0,0.0,3.0
86301093#0,3960,45,120,15,0.0,0.0,3.0
86301093#0,3960,60,120,15,0.035714285714285726,0.011904761904761911,2.9999999999999996
86301093#0,3960,75,120,15,0.041666666666666664,0.01388888888888889,2.9999999999999996
86301093#0,3960,90,120,15,0.041666666666666664,0.01388888888888889,2.9999999999999996
86301093#0,4080,0,120,15,0.0,0.0,3.0
86301093#0,4080,15,120,15,0.0,0.0,3.0
86301093#0,4080,30,120,15,0.0,0.0,3.0
86301093#0,4080,45,120,15,0.0,0.0,3.0
86301093#0,4080,60,120,15,0.0,0.0,3.0
86301093#0,4080,75,120,15,0.0,0.0,3.0
86301093#0,4080,90,120,15,0.0,0.0,3.0
86301093#0,4200,0,120,15,0.08333333333333333,0.027777777777778137,2.999999999999961
86301093#0,4200,15,120,15,0.08333333333333333,0.027777777777777783,2.999999999999999
86301093#0,4200,30,120,15,0.08333333333333333,0.02777777777777778,2.9999999999999996
86301093#0,4200,45,120,15,0.08333333333333333,0.02777777777777778,2.9999999999999996
86301093#0,4200,60,120,15,0.08333333333333333,0.027777777777777783,2.999999999999999
86301093#0,4200,75,120,15,0.08333333333333333,0.02777777777777778,2.9999999999999996
86301093#0,4200,90,120,15,0.08333333333333333,0.027777777777777787,2.9999999999999987
86301093#0,4320,0,120,15,0.041666666666666664,0.013888888888887806,3.000000000000234
86301093#0,4320,15,120,15,0.041666666666666664,0.01388888888888889,2.9999999999999996
86301093#0,4320,30,120,15,0.041666666666666664,0.013888888888888893,2.9999999999999987
86301093#0,4320,45,120,15,0.041666666666666664,0.01388888888888889,2.9999999999999996
86301093#0,4320,60,120,15,0.03928571428571427,0.013095238095238089,3.0000000000000004
86301093#0,4320,75,120,15,0.0,0.0,3.0
86301093#0,4320,90,120,15,0.0,0.0,3.0
86301093#0,4440,0,120,15,0.125,0.041666666666667865,2.999999999999914
86301093#0,4440,15,120,15,0.125,0.041666666666666664,3.0
86301093#0,4440,30,120,15,0.125,0.04166666666666666,3.000000000000001
86301093#0,4440,45,120,15,0.12440476190476189,0.04146825396825397,3.0
86301093#0,4440,60,120,15,0.08571428571428572,0.028571428571428577,2.9999999999999996
86301093#0,4440,75,120,15,0.125,0.041666666666666664,3.0
86301093#0,4440,90,120,15,0.125,0.04166666666666662,3.000000000000003
86301093#0,4560,0,120,15,0.041666666666666664,0.013888888888889615,2.999999999999843
86301093#0,4560,15,120,15,0.041666666666666664,0.01388888888888889,2.9999999999999996
86301093#0,4560,30,120,15,0.041666666666666664,0.01388888888888889,2.9999999999999996
86301093#0,4560,45,120,15,0.042261904761904764,0.014087301587301588,3.0
86301093#0,4560,60,120,15,0.08333333333333333,0.027777777777777783,2.999999999999999
86301093#0,4560,75,120,15,0.052976190476190475,0.017658730158730155,3.0000000000000004
86301093#0,4560,90,120,15,0.041666666666666664,0.013888888888888899,2.999999999999998
86301093#0,4680,0,120,15,0.16666666666666666,0.0594576719576716,2.8031145717464017
86301093#0,4680,15,120,15,0.16666666666666666,0.055555555555555566,2.999999999999999
86301093#0,4680,30,120,15,0.15496031746031744,0.051653439153439146,3.0
86301093#0,4680,45,120,15,0.125,0.041666666666666664,3.0
86301093#0,4680,60,120,15,0.125,0.04166666666666667,2.9999999999999996
86301093#0,4680,75,120,15,0.12976190476190477,0.043253968253968246,3.000000000000001
86301093#0,4680,90,120,15,0.125,0.04166666666666667,2.9999999999999996
86301093#0,4800,0,120,15,0.08333333333333333,0.033730158730158624,2.4705882352941253
86301093#0,4800,15,120,15,0.08333333333333333,0.02777777777777778,2.9999999999999996
86301093#0,4800,30,120,15,0.09503968253968256,0.03167989417989419,3.0
86301093#0,4800,45,120,15,0.125,0.04166666666666667,2.9999999999999996
86301093#0,4800,60,120,15,0.125,0.04166666666666667,2.9999999999999996
86301093#0,4800,75,120,15,0.15059523809523812,0.05626526251526252,2.6765224467652247
86301093#0,4800,90,120,15,0.16666666666666666,0.07038817663817663,2.3678219074120923
86301093#0,4920,0,120,15,0.16666666666666666,0.07427248677248713,2.2439893143365874
86301093#0,4920,15,120,15,0.16666666666666666,0.05555555555555556,2.9999999999999996
86301093#0,4920,30,120,15,0.1257936507936508,0.04193121693121694,2.9999999999999996
86301093#0,4920,45,120,15,0.125,0.041666666666666664,3.0
86301093#0,4920,60,120,15,0.11190476190476188,0.0373015873015873,2.9999999999999996
86301093#0,4920,75,120,15,0.08333333333333333,0.02777777777777778,2.9999999999999996
86301093#0,4920,90,120,15,0.08333333333333333,0.02777777777777778,2.9999999999999996
86301093#0,5040,0,120,15,0.2916666666666667,0.14643825009678743,1.9917382683410343
86301093#0,5040,15,120,15,0.2916666666666667,0.09774164408310751,2.9840573012939
86301093#0,5040,30,120,15,0.3325396825396825,0.12407407407407407,2.6801705756929635
86301093#0,5040,45,120,15,0.3333333333333333,0.11285714285714285,2.9535864978902953
86301093#0,5040,60,120,15,0.3464285714285715,0.12695767195767196,2.728693477807877
86301093#0,5040,75,120,15,0.375,0.136005291005291,2.75724567204824
86301093#0,5040,90,120,15,0.35,0.11888888888888889,2.9439252336448596
86301093#0,5160,0,120,15,0.041666666666666664,0.01388888888888889,2.9999999999999996
86301093#0,5160,15,120,15,0.041666666666666664,0.01388888888888889,2.9999999999999996
86301093#0,5160,30,120,15,0.041666666666666664,0.01388888888888889,2.9999999999999996
86301093#0,5160,45,120,15,0.041666666666666664,0.01388888888888889,2.9999999999999996
86301093#0,5160,60,120,15,0.041666666666666664,0.01388888888888889,2.9999999999999996
86301093#0,5160,75,120,15,0.041666666666666664,0.01388888888888889,2.9999999999999996
86301093#0,5160,90,120,15,0.06666666666666667,0.02222222222222222,3.0000000000000004
86301093#0,5280,0,120,15,0.041666666666666664,0.013888888888887806,3.000000000000234
86301093#0,5280,15,120,15,0.041666666666666664,0.01388888888888889,2.9999999999999996
86301093#0,5280,30,120,15,0.041666666666666664,0.013888888888888893,2.9999999999999987
86301093#0,5280,45,120,15,0.041666666666666664,0.01388888888888889,2.9999999999999996
86301093#0,5280,60,120,15,0.041666666666666664,0.01388888888888889,2.9999999999999996
86301093#0,5280,75,120,15,0.041666666666666664,0.01388888888888889,2.9999999999999996
86301093#0,5280,90,120,15,0.041666666666666664,0.014099254159495124,2.9552390640895214
86301093#0,5400,0,120,15,0.16666666666666666,0.06944444444444481,2.3999999999999875
86301093#0,5400,15,120,15,0.16666666666666666,0.05555555555555556,2.9999999999999996
86301093#0,5400,30,120,15,0.16666666666666666,0.05555555555555556,2.9999999999999996
86301093#0,5400,45,120,15,0.15277777777777776,0.05092592592592593,2.9999999999999996
86301093#0,5400,60,120,15,0.125,0.04166666666666667,2.9999999999999996
86301093#0,5400,75,120,15,0.125,0.041666666666666664,3.0
86301093#0,5400,90,120,15,0.09722222222222222,0.032407407407407406,3.0
86301093#0,5520,0,120,15,0.0,0.0,3.0
86301093#0,5520,15,120,15,0.0,0.0,3.0
86301093#0,5520,30,120,15,0.0,0.0,3.0
86301093#0,5520,45,120,15,0.01388888888888889,0.00462962962962963,3.0
86301093#0,5520,60,120,15,0.041666666666666664,0.01388888888888889,2.9999999999999996
86301093#0,5520,75,120,15,0.041666666666666664,0.01388888888888889,2.9999999999999996
86301093#0,5520,90,120,15,0.06944444444444445,0.023148148148148147,3.0000000000000004
86301093#0,5640,0,120,15,0.10972222222222222,0.04166666666666703,2.63333333333331
86301093#0,5640,15,120,15,0.08333333333333333,0.02777777777777778,2.9999999999999996
86301093#0,5640,30,120,15,0.08333333333333333,0.02777777777777778,2.9999999999999996
86301093#0,5640,45,120,15,0.05416666666666667,0.018055555555555557,3.0
86301093#0,5640,60,120,15,0.041666666666666664,0.013888888888888892,2.999999999999999
86301093#0,5640,75,120,15,0.041666666666666664,0.01388888888888889,2.9999999999999996
86301093#0,5640,90,120,15,0.041666666666666664,0.01388888888888889,2.9999999999999996
86301093#0,5760,0,120,15,0.30694444444444446,0.1375,2.2323232323232323
86301093#0,5760,15,120,15,0.3333333333333333,0.13333333333333333,2.5
86301093#0,5760,30,120,15,0.3333333333333333,0.1375,2.424242424242424
86301093#0,5760,45,120,15,0.3625,0.12083333333333333,3.0
86301093#0,5760,60,120,15,0.33611111111111114,0.13842592592592592,2.42809364548495
86301093#0,5760,75,120,15,0.3333333333333333,0.11527777777777778,2.8915662650602405
86301093#0,5760,90,120,15,0.3222222222222222,0.1296296296296296,2.485714285714286
86301093#0,5880,0,120,15,0.16428571428571426,0.054761904761904526,3.0000000000000124
86301093#0,5880,15,120,15,0.125,0.041666666666666664,3.0
86301093#0,5880,30,120,15,0.125,0.041666666666666664,3.0
86301093#0,5880,45,120,15,0.125,0.041666666666666664,3.0
86301093#0,5880,60,120,15,0.1638888888888889,0.054629629629629625,3.0000000000000004
86301093#0,5880,75,120,15,0.16666666666666666,0.05555555555555556,2.9999999999999996
86301093#0,5880,90,120,15,0.15,0.05,2.9999999999999996
86301093#0,6000,0,120,15,0.0857142857142857,0.03783068783068784,2.265734265734265
86301093#0,6000,15,120,15,0.125,0.041666666666666664,3.0
86301093#0,6000,30,120,15,0.125,0.04166666666666667,2.9999999999999996
86301093#0,6000,45,120,15,0.125,0.041666666666666664,3.0
86301093#0,6000,60,120,15,0.125,0.041666666666666664,3.0
86301093#0,6000,75,120,15,0.125,0.041666666666666664,3.0
86301093#0,6000,90,120,15,0.15277777777777776,0.05092592592592588,3.000000000000002
86301093#0,6120,0,120,15,0.08333333333333333,0.03703703703703704,2.2499999999999996
86301093#0,6120,15,120,15,0.08333333333333333,0.02777777777777778,2.9999999999999996
86301093#0,6120,30,120,15,0.08333333333333333,0.02777777777777778,2.9999999999999996
86301093#0,6120,45,120,15,0.08333333333333333,0.02777777777777778,2.9999999999999996
86301093#0,6120,60,120,15,0.08333333333333333,0.02777777777777778,2.9999999999999996
86301093#0,6120,75,120,15,0.08333333333333333,0.031144781144781145,2.6756756756756754
86301093#0,6120,90,120,15,0.08333333333333333,0.028114478114478116,2.9640718562874246
86301093#0,6240,0,120,15,0.125,0.041666666666666664,3.0
86301093#0,6240,15,120,15,0.125,0.041666666666666664,3.0
86301093#0,6240,30,120,15,0.125,0.041666666666666664,3.0
86301093#0,6240,45,120,15,0.125,0.04166666666666666,3.000000000000001
86301093#0,6240,60,120,15,0.125,0.041666666666666664,3.0
86301093#0,6240,75,120,15,0.125,0.041666666666666664,3.0
86301093#0,6240,90,120,15,0.10059523809523813,0.03353174603174605,2.999999999999999
86301093#0,6360,0,120,15,0.125,0.050925925925926284,2.4545454545454373
86301093#0,6360,15,120,15,0.1119047619047619,0.0373015873015873,3.0
86301093#0,6360,30,120,15,0.08333333333333333,0.02777777777777778,2.9999999999999996
86301093#0,6360,45,120,15,0.08333333333333333,0.02777777777777778,2.9999999999999996
86301093#0,6360,60,120,15,0.08333333333333333,0.02777777777777778,2.9999999999999996
86301093#0,6360,75,120,15,0.08333333333333333,0.02777777777777778,2.9999999999999996
86301093#0,6360,90,120,15,0.10773809523809522,0.0359126984126984,3.0
86301093#0,6480,0,120,15,0.1513888888888889,0.05555555555555737,2.7249999999999113
86301093#0,6480,15,120,15,0.1380952380952381,0.04603174603174603,3.0000000000000004
86301093#0,6480,30,120,15,0.16666666666666666,0.055555555555555566,2.999999999999999
86301093#0,6480,45,120,15,0.1375,0.045833333333333344,2.9999999999999996
86301093#0,6480,60,120,15,0.125,0.04166666666666667,2.9999999999999996
86301093#0,6480,75,120,15,0.125,0.041666666666666664,3.0
86301093#0,6480,90,120,15,0.10456349206349205,0.034854497354497346,3.0000000000000004
86301093#0,6600,0,120,15,0.015277777777777777,0.005092592592592592,3.0
86301093#0,6600,15,120,15,0.041666666666666664,0.01388888888888889,2.9999999999999996
86301093#0,6600,30,120,15,0.041666666666666664,0.01388888888888889,2.9999999999999996
86301093#0,6600,45,120,15,0.07083333333333333,0.023611111111111114,2.9999999999999996
86301093#0,6600,60,120,15,0.08333333333333333,0.02777777777777778,2.9999999999999996
86301093#0,6600,75,120,15,0.08333333333333333,0.02777777777777778,2.9999999999999996
86301093#0,6600,90,120,15,0.10376984126984129,0.034589947089947094,3.0
86301093#0,6720,0,120,15,0.041666666666666664,0.013888888888887806,3.000000000000234
86301093#0,6720,15,120,15,0.041666666666666664,0.01388888888888889,2.9999999999999996
86301093#0,6720,30,120,15,0.041666666666666664,0.013888888888888893,2.9999999999999987
86301093#0,6720,45,120,15,0.041666666666666664,0.01388888888888889,2.9999999999999996
86301093#0,6720,60,120,15,0.041666666666666664,0.01388888888888889,2.9999999999999996
86301093#0,6720,75,120,15,0.041666666666666664,0.01388888888888889,2.9999999999999996
86301093#0,6720,90,120,15,0.041666666666666664,0.014099254159495124,2.9552390640895214
86301093#0,6840,0,120,15,0.125,0.04166666666666739,2.9999999999999476
86301093#0,6840,15,120,15,0.09583333333333334,0.03194444444444445,3.0
86301093#0,6840,30,120,15,0.08333333333333333,0.02777777777777778,2.9999999999999996
86301093#0,6840,45,120,15,0.08333333333333333,0.02777777777777778,2.9999999999999996
86301093#0,6840,60,120,15,0.08333333333333333,0.02777777777777778,2.9999999999999996
86301093#0,6840,75,120,15,0.08333333333333333,0.02777777777777778,2.9999999999999996
86301093#0,6840,90,120,15,0.08333333333333333,0.027777777777777797,2.999999999999998
86301093#0,6960,0,120,15,0.041666666666666664,0.013888888888889972,2.999999999999766
86301093#0,6960,15,120,15,0.07083333333333333,0.023611111111111107,3.0000000000000004
86301093#0,6960,30,120,15,0.08333333333333333,0.027777777777777776,3.0
86301093#0,6960,45,120,15,0.08333333333333333,0.02777777777777778,2.9999999999999996
86301093#0,6960,60,120,15,0.08333333333333333,0.02777777777777778,2.9999999999999996
86301093#0,6960,75,120,15,0.08333333333333333,0.02777777777777778,2.9999999999999996
86301093#0,6960,90,120,15,0.08333333333333333,0.02777777777777778,2.9999999999999996
86301093#0,7080,0,120,15,0.041666666666666664,0.013888888888887806,3.000000000000234
86301093#0,7080,15,120,15,0.041666666666666664,0.01388888888888889,2.9999999999999996
86301093#0,7080,30,120,15,0.041666666666666664,0.013888888888888893,2.9999999999999987
86301093#0,7080,45,120,15,0.041666666666666664,0.01388888888888889,2.9999999999999996
86301093#0,7080,60,120,15,0.041666666666666664,0.01388888888888889,2.9999999999999996
86301093#0,7080,75,120,15,0.041666666666666664,0.01388888888888889,2.9999999999999996
86301093#0,7080,90,120,15,0.041666666666666664,0.013888888888888845,3.0000000000000093
86301093#14,0,0,120,15,0.0,0.0,3.0
86301093#14,0,15,120,15,0.0,0.0,3.0
86301093#14,0,30,120,15,0.0,0.0,3.0
86301093#14,0,45,120,15,0.0,0.0,3.0
86301093#14,0,60,120,15,0.0,0.0,3.0
86301093#14,0,75,120,15,0.0,0.0,3.0
86301093#14,0,90,120,15,0.0,0.0,3.0
86301093#14,0,105,120,15,0.0,0.0,3.0
86301093#14,120,0,120,15,0.125,0.05529100529100529,2.2607655502392348
86301093#14,120,15,120,15,0.125,0.041666666666666664,3.0
86301093#14,120,30,120,15,0.125,0.04166666666666667,2.9999999999999996
86301093#14,120,45,120,15,0.125,0.041666666666666664,3.0
86301093#14,120,60,120,15,0.125,0.041666666666666664,3.0
86301093#14,120,75,120,15,0.11309523809523812,0.0376984126984127,3.0000000000000004
86301093#14,120,90,120,15,0.08333333333333333,0.02777777777777778,2.9999999999999996
86301093#14,120,105,120,15,0.08333333333333333,0.027777777777777752,3.0000000000000027
86301093#14,240,0,120,15,0.08333333333333333,0.02777777777777776,3.0000000000000018
86301093#14,240,15,120,15,0.08333333333333333,0.02777777777777778,2.9999999999999996
86301093#14,240,30,120,15,0.08333333333333333,0.02777777777777778,2.9999999999999996
86301093#14,240,45,120,15,0.08333333333333333,0.02777777777777778,2.9999999999999996
86301093#14,240,60,120,15,0.08333333333333333,0.02777777777777778,2.9999999999999996
86301093#14,240,75,120,15,0.0952380952380952,0.03174603174603174,3.0
86301093#14,240,90,120,15,0.125,0.041666666666666664,3.0
86301093#14,240,105,120,15,0.125,0.04166666666666665,3.0000000000000013
86301093#14,360,0,120,15,0.041666666666666664,0.013888888888888945,2.9999999999999876
86301093#14,360,15,120,15,0.041666666666666664,0.01388888888888889,2.9999999999999996
86301093#14,360,30,120,15,0.041666666666666664,0.01388888888888889,2.9999999999999996
86301093#14,360,45,120,15,0.041666666666666664,0.01388888888888889,2.9999999999999996
86301093#14,360,60,120,15,0.041666666666666664,0.01388888888888889,2.9999999999999996
86301093#14,360,75,120,15,0.041666666666666664,0.01388888888888889,2.9999999999999996
86301093#14,360,90,120,15,0.041666666666666664,0.01388888888888889,2.9999999999999996
86301093#14,360,105,120,15,0.041666666666666664,0.013888888888888935,2.99999999999999
86301093#14,480,0,120,15,0.125,0.04166666666666651,3.000000000000011
86301093#14,480,15,120,15,0.125,0.041666666666666664,3.0
86301093#14,480,30,120,15,0.125,0.041666666666666664,3.0
86301093#14,480,45,120,15,0.125,0.041666666666666664,3.0
86301093#14,480,60,120,15,0.125,0.041666666666666664,3.0
86301093#14,480,75,120,15,0.125,0.041666666666666664,3.0
86301093#14,480,90,120,15,0.125,0.041666666666666664,3.0
86301093#14,480,105,120,15,0.125,0.041666666666666706,2.9999999999999973
86301093#14,600,0,120,15,0.16666666666666666,0.07817460317460333,2.131979695431468
86301093#14,600,15,120,15,0.16666666666666666,0.055555555555555566,2.999999999999999
86301093#14,600,30,120,15,0.16666666666666666,0.055555555555555566,2.999999999999999
86301093#14,600,45,120,15,0.15297619047619046,0.0509920634920635,2.999999999999999
86301093#14,600,60,120,15,0.125,0.04166666666666667,2.9999999999999996
86301093#14,600,75,120,15,0.125,0.041666666666666664,3.0
86301093#14,600,90,120,15,0.125,0.041666666666666664,3.0
86301093#14,600,105,120,15,0.125,0.04166666666666666,3.000000000000001
86301093#14,720,0,120,15,0.2916666666666667,0.12870370370370382,2.26618705035971
86301093#14,720,15,120,15,0.2638888888888889,0.08796296296296297,3.0
86301093#14,720,30,120,15,0.25,0.08333333333333333,3.0
86301093#14,720,45,120,15,0.2636904761904762,0.08789682539682539,3.0000000000000004
86301093#14,720,60,120,15,0.25,0.08333333333333333,3.0
86301093#14,720,75,120,15,0.25,0.08333333333333333,3.0
86301093#14,720,90,120,15,0.25,0.08333333333333333,3.0
86301093#14,720,105,120,15,0.25,0.08333333333333348,2.9999999999999947
86301093#14,840,0,120,15,0.125,0.05856481481481491,2.1343873517786527
86301093#14,840,15,120,15,0.15277777777777776,0.05092592592592593,2.9999999999999996
86301093#14,840,30,120,15,0.16666666666666666,0.05555555555555556,2.9999999999999996
86301093#14,840,45,120,15,0.16666666666666666,0.05555555555555556,2.9999999999999996
86301093#14,840,60,120,15,0.20833333333333334,0.06944444444444445,3.0
86301093#14,840,75,120,15,0.20833333333333334,0.06944444444444445,3.0
86301093#14,840,90,120,15,0.20833333333333334,0.06944444444444445,3.0
86301093#14,840,105,120,15,0.20833333333333334,0.06944444444444443,3.0000000000000004
86301093#14,960,0,120,15,0.125,0.04166666666666655,3.000000000000008
86301093#14,960,15,120,15,0.125,0.041666666666666664,3.0
86301093#14,960,30,120,15,0.10798611111111112,0.03599537037037037,3.0
86301093#14,960,45,120,15,0.08333333333333333,0.02777777777777778,2.9999999999999996
86301093#14,960,60,120,15,0.08333333333333333,0.02777777777777778,2.9999999999999996
86301093#14,960,75,120,15,0.08333333333333333,0.02777777777777778,2.9999999999999996
86301093#14,960,90,120,15,0.08333333333333333,0.02777777777777778,2.9999999999999996
86301093#14,960,105,120,15,0.08333333333333333,0.02777777777777778,2.9999999999999996
86301093#14,1080,0,120,15,0.08983134920634919,0.029943783068782915,3.000000000000015
86301093#14,1080,15,120,15,0.08333333333333333,0.02777777777777778,2.9999999999999996
86301093#14,1080,30,120,15,0.10034722222222221,0.033449074074074076,2.9999999999999996
86301093#14,1080,45,120,15,0.125,0.041666666666666664,3.0
86301093#14,1080,60,120,15,0.125,0.041666666666666664,3.0
86301093#14,1080,75,120,15,0.10798611111111112,0.03599537037037037,3.0
86301093#14,1080,90,120,15,0.08333333333333333,0.02777777777777778,2.9999999999999996
86301093#14,1080,105,120,15,0.08333333333333333,0.02777777777777767,3.0000000000000115
86301093#14,1200,0,120,15,0.20183531746031746,0.08050595238095244,2.507085643869376
86301093#14,1200,15,120,15,0.20833333333333334,0.06944444444444445,3.0
86301093#14,1200,30,120,15,0.20833333333333334,0.06944444444444445,3.0
86301093#14,1200,45,120,15,0.20833333333333334,0.06944444444444445,3.0
86301093#14,1200,60,120,15,0.20833333333333334,0.06944444444444445,3.0
86301093#14,1200,75,120,15,0.22534722222222223,0.07511574074074075,3.0
86301093#14,1200,90,120,15,0.25,0.08333333333333333,3.0
86301093#14,1200,105,120,15,0.25,0.08333333333333283,3.000000000000018
86301093#14,1320,0,120,15,0.08333333333333333,0.03207671957671939,2.5979381443299117
86301093#14,1320,15,120,15,0.08333333333333333,0.027777777777777776,3.0
86301093#14,1320,30,120,15,0.08333333333333333,0.02777777777777778,2.9999999999999996
86301093#14,1320,45,120,15,0.08333333333333333,0.02777777777777778,2.9999999999999996
86301093#14,1320,60,120,15,0.08333333333333333,0.02777777777777778,2.9999999999999996
86301093#14,1320,75,120,15,0.08333333333333333,0.02777777777777778,2.9999999999999996
86301093#14,1320,90,120,15,0.08333333333333333,0.02777777777777778,2.9999999999999996
86301093#14,1320,105,120,15,0.08333333333333333,0.027777777777777558,3.0000000000000235
86301093#14,1440,0,120,15,0.16666666666666666,0.06917989417989373,2.409177820267702
86301093#14,1440,15,120,15,0.14360119047619044,0.047867063492063495,2.999999999999999
86301093#14,1440,30,120,15,0.125,0.04166666666666667,2.9999999999999996
86301093#14,1440,45,120,15,0.125,0.04166666666666667,2.9999999999999996
86301093#14,1440,60,120,15,0.125,0.04166666666666667,2.9999999999999996
86301093#14,1440,75,120,15,0.0841269841269841,0.028042328042328035,3.0
86301093#14,1440,90,120,15,0.08333333333333333,0.02777777777777778,2.9999999999999996
86301093#14,1440,105,120,15,0.07023809523809521,0.023412698412698444,2.9999999999999947
86301093#14,1560,0,120,15,0.16666666666666666,0.058614417989417474,2.84344146685475
86301093#14,1560,15,120,15,0.18973214285714288,0.06324404761904762,3.0000000000000004
86301093#14,1560,30,120,15,0.18154761904761907,0.060515873015873016,3.0000000000000004
86301093#14,1560,45,120,15,0.16666666666666666,0.05555555555555556,2.9999999999999996
86301093#14,1560,60,120,15,0.16666666666666666,0.05555555555555556,2.9999999999999996
86301093#14,1560,75,120,15,0.20753968253968258,0.06917989417989419,3.0
86301093#14,1560,90,120,15,0.20833333333333334,0.06944444444444445,3.0
86301093#14,1560,105,120,15,0.22142857142857145,0.07380952380952359,3.0000000000000093
86301093#14,1680,0,120,15,0.16666666666666666,0.05985449735449786,2.784530386740308
86301093#14,1680,15,120,15,0.16666666666666666,0.05555555555555556,2.9999999999999996
86301093#14,1680,30,120,15,0.18988095238095237,0.0632936507936508,2.9999999999999996
86301093#14,1680,45,120,15,0.16666666666666666,0.05555555555555556,2.9999999999999996
86301093#14,1680,60,120,15,0.16666666666666666,0.05555555555555556,2.9999999999999996
86301093#14,1680,75,120,15,0.16666666666666666,0.05555555555555556,2.9999999999999996
86301093#14,1680,90,120,15,0.16666666666666666,0.05555555555555556,2.9999999999999996
86301093#14,1680,105,120,15,0.16666666666666666,0.05555555555555514,3.000000000000022
86301093#14,1800,0,120,15,0.041666666666666664,0.013888888888888945,2.9999999999999876
86301093#14,1800,15,120,15,0.041666666666666664,0.01388888888888889,2.9999999999999996
86301093#14,1800,30,120,15,0.04523809523809523,0.015079365079365076,3.0
86301093#14,1800,45,120,15,0.08333333333333333,0.02777777777777778,2.9999999999999996
86301093#14,1800,60,120,15,0.08333333333333333,0.027777777777777776,3.0
86301093#14,1800,75,120,15,0.06483134920634923,0.021610449735449743,3.0
86301093#14,1800,90,120,15,0.041666666666666664,0.01388888888888889,2.9999999999999996
86301093#14,1800,105,120,15,0.041666666666666664,0.013888888888888978,2.9999999999999805
86301093#14,1920,0,120,15,0.25,0.08333333333333273,3.0000000000000218
86301093#14,1920,15,120,15,0.25,0.08333333333333333,3.0
86301093#14,1920,30,120,15,0.25,0.08333333333333333,3.0
86301093#14,1920,45,120,15,0.23333333333333334,0.07777777777777778,3.0
86301093#14,1920,60,120,15,0.20833333333333334,0.06944444444444445,3.0
86301093#14,1920,75,120,15,0.22683531746031743,0.07561177248677248,3.0
86301093#14,1920,90,120,15,0.2369047619047619,0.07896825396825397,3.0
86301093#14,1920,105,120,15,0.20833333333333334,0.06944444444444378,3.000000000000029
86301093#14,2040,0,120,15,0.18993055555555552,0.06879960317460228,2.760634462869538
86301093#14,2040,15,120,15,0.16666666666666666,0.05555555555555556,2.9999999999999996
86301093#14,2040,30,120,15,0.16666666666666666,0.05555555555555556,2.9999999999999996
86301093#14,2040,45,120,15,0.15476190476190474,0.05158730158730159,2.999999999999999
86301093#14,2040,60,120,15,0.16666666666666666,0.05555555555555556,2.9999999999999996
86301093#14,2040,75,120,15,0.16666666666666666,0.05555555555555556,2.9999999999999996
86301093#14,2040,90,120,15,0.17976190476190476,0.05992063492063493,2.9999999999999996
86301093#14,2040,105,120,15,0.20833333333333334,0.06944444444444467,2.9999999999999902
86301093#14,2160,0,120,15,0.22673611111111117,0.08047288359788381,2.8175467433737347
86301093#14,2160,15,120,15,0.25,0.08333333333333333,3.0
86301093#14,2160,30,120,15,0.25,0.08333333333333333,3.0
86301093#14,2160,45,120,15,0.2785714285714286,0.09285714285714285,3.0000000000000004
86301093#14,2160,60,120,15,0.2916666666666667,0.09722222222222222,3.0
86301093#14,2160,75,120,15,0.2916666666666667,0.09722222222222222,3.0
86301093#14,2160,90,120,15,0.2785714285714285,0.09285714285714285,3.0
86301093#14,2160,105,120,15,0.25,0.0833333333333326,3.0000000000000266
86301093#14,2280,0,120,15,0.25,0.10291005291005238,2.4293059125964134
86301093#14,2280,15,120,15,0.2232142857142857,0.07440476190476189,3.0000000000000004
86301093#14,2280,30,120,15,0.20833333333333334,0.06944444444444445,3.0
86301093#14,2280,45,120,15,0.20833333333333334,0.06944444444444443,3.0000000000000004
86301093#14,2280,60,120,15,0.20833333333333334,0.06944444444444442,3.0000000000000013
86301093#14,2280,75,120,15,0.20833333333333334,0.06944444444444445,3.0
86301093#14,2280,90,120,15,0.22142857142857145,0.07380952380952381,3.0
86301093#14,2280,105,120,15,0.25,0.08333333333333252,3.0000000000000293
86301093#14,2400,0,120,15,0.25,0.104960317460317,2.3818525519848874
86301093#14,2400,15,120,15,0.2767857142857143,0.09226190476190478,2.9999999999999996
86301093#14,2400,30,120,15,0.25436507936507935,0.08478835978835979,3.0
86301093#14,2400,45,120,15,0.25,0.08333333333333333,3.0
86301093#14,2400,60,120,15,0.24047619047619045,0.08015873015873015,3.0
86301093#14,2400,75,120,15,0.20833333333333334,0.06944444444444445,3.0
86301093#14,2400,90,120,15,0.20833333333333334,0.06944444444444445,3.0
86301093#14,2400,105,120,15,0.20833333333333334,0.06944444444444545,2.999999999999957
86301093#14,2520,0,120,15,0.25,0.10529100529100506,2.3743718592964878
86301093#14,2520,15,120,15,0.2352678571428571,0.07842261904761903,3.0
86301093#14,2520,30,120,15,0.24563492063492065,0.08187830687830688,3.0
86301093#14,2520,45,120,15,0.25,0.08333333333333333,3.0
86301093#14,2520,60,120,15,0.25952380952380955,0.0865079365079365,3.0000000000000004
86301093#14,2520,75,120,15,0.2916666666666667,0.09722222222222222,3.0
86301093#14,2520,90,120,15,0.2916666666666667,0.09722222222222222,3.0
86301093#14,2520,105,120,15,0.2916666666666667,0.0972222222222227,2.999999999999986
86301093#14,2640,0,120,15,0.29712301587301587,0.1241898148148153,2.392491013180659
86301093#14,2640,15,120,15,0.3063988095238095,0.1021329365079365,2.9999999999999996
86301093#14,2640,30,120,15,0.3333333333333333,0.11111111111111112,2.9999999999999996
86301093#14,2640,45,120,15,0.2916666666666667,0.09722222222222222,3.0
86301093#14,2640,60,120,15,0.2916666666666667,0.09722222222222222,3.0
86301093#14,2640,75,120,15,0.28869047619047616,0.09623015873015874,2.9999999999999996
86301093#14,2640,90,120,15,0.25,0.08333333333333333,3.0
86301093#14,2640,105,120,15,0.25,0.08333333333333262,3.0000000000000258
86301093#14,2760,0,120,15,0.31121031746031746,0.11828703703703615,2.6309756779424296
86301093#14,2760,15,120,15,0.2916666666666667,0.09722222222222222,3.0
86301093#14,2760,30,120,15,0.2916666666666667,0.09722222222222222,3.0
86301093#14,2760,45,120,15,0.3065476190476191,0.1021825396825397,3.0000000000000004
86301093#14,2760,60,120,15,0.2916666666666667,0.09722222222222222,3.0
86301093#14,2760,75,120,15,0.29464285714285715,0.09821428571428571,3.0
86301093#14,2760,90,120,15,0.3333333333333333,0.11111111111111112,2.9999999999999996
86301093#14,2760,105,120,15,0.3333333333333333,0.111111111111111,3.000000000000003
86301093#14,2880,0,120,15,0.225,0.08847552910052899,2.5430760605494336
86301093#14,2880,15,120,15,0.25,0.08333333333333333,3.0
86301093#14,2880,30,120,15,0.22222222222222224,0.07407407407407408,3.0
86301093#14,2880,45,120,15,0.2351190476190476,0.07837301587301586,3.0
86301093#14,2880,60,120,15,0.25,0.08333333333333333,3.0
86301093#14,2880,75,120,15,0.20833333333333334,0.06944444444444445,3.0
86301093#14,2880,90,120,15,0.20833333333333334,0.06944444444444445,3.0
86301093#14,2880,105,120,15,0.20833333333333334,0.06944444444444559,2.9999999999999507
86301093#14,3000,0,120,15,0.375,0.15873015873015897,2.3624999999999963
86301093#14,3000,15,120,15,0.375,0.125,3.0
86301093#14,3000,30,120,15,0.3611111111111111,0.12037037037037038,2.9999999999999996
86301093#14,3000,45,120,15,0.375,0.125,3.0
86301093#14,3000,60,120,15,0.3690476190476191,0.12301587301587302,3.0000000000000004
86301093#14,3000,75,120,15,0.375,0.125,3.0
86301093#14,3000,90,120,15,0.375,0.125,3.0
86301093#14,3000,105,120,15,0.3551587301587302,0.11838624338624282,3.0000000000000147
86301093#14,3120,0,120,15,0.1361111111111111,0.04537037037037104,2.9999999999999556
86301093#14,3120,15,120,15,0.125,0.041666666666666664,3.0
86301093#14,3120,30,120,15,0.16666666666666666,0.05555555555555556,2.9999999999999996
86301093#14,3120,45,120,15,0.16666666666666666,0.05555555555555556,2.9999999999999996
86301093#14,3120,60,120,15,0.1726190476190476,0.057539682539682536,2.9999999999999996
86301093#14,3120,75,120,15,0.20833333333333334,0.06944444444444445,3.0
86301093#14,3120,90,120,15,0.17797619047619045,0.05932539682539682,2.9999999999999996
86301093#14,3120,105,120,15,0.18650793650793646,0.06216931216931278,2.9999999999999694
86301093#14,3240,0,120,15,0.15555555555555556,0.05185185185185167,3.0000000000000107
86301093#14,3240,15,120,15,0.15357142857142858,0.051190476190476196,3.0
86301093#14,3240,30,120,15,0.125,0.041666666666666664,3.0
86301093#14,3240,45,120,15,0.125,0.041666666666666664,3.0
86301093#14,3240,60,120,15,0.125,0.041666666666666664,3.0
86301093#14,3240,75,120,15,0.0925595238095238,0.0308531746031746,3.0
86301093#14,3240,90,120,15,0.1136904761904762,0.0378968253968254,3.0
86301093#14,3240,105,120,15,0.125,0.041666666666666755,2.999999999999994
86301093#14,3360,0,120,15,0.125,0.05529100529100421,2.2607655502392787
86301093#14,3360,15,120,15,0.1380952380952381,0.04603174603174603,3.0000000000000004
86301093#14,3360,30,120,15,0.16666666666666666,0.055555555555555566,2.999999999999999
86301093#14,3360,45,120,15,0.16666666666666666,0.05555555555555556,2.9999999999999996
86301093#14,3360,60,120,15,0.16666666666666666,0.055555555555555566,2.999999999999999
86301093#14,3360,75,120,15,0.19910714285714287,0.06636904761904762,3.0
86301093#14,3360,90,120,15,0.1675595238095238,0.0558531746031746,3.0
86301093#14,3360,105,120,15,0.16666666666666666,0.055555555555555046,3.0000000000000275
86301093#14,3480,0,120,15,0.125,0.04166666666666564,3.000000000000074
86301093#14,3480,15,120,15,0.125,0.041666666666666664,3.0
86301093#14,3480,30,120,15,0.125,0.041666666666666664,3.0
86301093#14,3480,45,120,15,0.125,0.041666666666666664,3.0
86301093#14,3480,60,120,15,0.125,0.041666666666666664,3.0
86301093#14,3480,75,120,15,0.11026785714285713,0.03675595238095238,2.9999999999999996
86301093#14,3480,90,120,15,0.12410714285714287,0.04136904761904762,3.0000000000000004
86301093#14,3480,105,120,15,0.125,0.041666666666666755,2.999999999999994
86301093#14,3600,0,120,15,0.08333333333333333,0.02777777777777778,2.9999999999999996
86301093#14,3600,15,120,15,0.06666666666666667,0.02222222222222222,3.0000000000000004
86301093#14,3600,30,120,15,0.041666666666666664,0.01388888888888889,2.9999999999999996
86301093#14,3600,45,120,15,0.041666666666666664,0.01388888888888889,2.9999999999999996
86301093#14,3600,60,120,15,0.041666666666666664,0.01388888888888889,2.9999999999999996
86301093#14,3600,75,120,15,0.056398809523809525,0.018799603174603174,3.0
86301093#14,3600,90,120,15,0.08333333333333333,0.02777777777777778,2.9999999999999996
86301093#14,3600,105,120,15,0.08333333333333333,0.027777777777777523,3.0000000000000275
86301093#14,3720,0,120,15,0.041666666666666664,0.013888888888888352,3.000000000000116
86301093#14,3720,15,120,15,0.058333333333333334,0.019444444444444445,3.0
86301093#14,3720,30,120,15,0.08333333333333333,0.02777777777777778,2.9999999999999996
86301093#14,3720,45,120,15,0.08333333333333333,0.02777777777777778,2.9999999999999996
86301093#14,3720,60,120,15,0.08333333333333333,0.02777777777777778,2.9999999999999996
86301093#14,3720,75,120,15,0.08333333333333333,0.02777777777777778,2.9999999999999996
86301093#14,3720,90,120,15,0.08333333333333333,0.02777777777777778,2.9999999999999996
86301093#14,3720,105,120,15,0.08333333333333333,0.02777777777777786,2.999999999999991
86301093#14,3840,0,120,15,0.08333333333333333,0.02777777777777778,2.9999999999999996
86301093#14,3840,15,120,15,0.08333333333333333,0.027777777777777783,2.999999999999999
86301093#14,3840,30,120,15,0.08333333333333333,0.02777777777777778,2.9999999999999996
86301093#14,3840,45,120,15,0.05476190476190477,0.018253968253968255,3.0
86301093#14,3840,60,120,15,0.041666666666666664,0.013888888888888893,2.9999999999999987
86301093#14,3840,75,120,15,0.041666666666666664,0.01388888888888889,2.9999999999999996
86301093#14,3840,90,120,15,0.041666666666666664,0.01388888888888889,2.9999999999999996
86301093#14,3840,105,120,15,0.036904761904761885,0.012301587301587294,3.0
86301093#14,3960,0,120,15,0.3333333333333333,0.1415674603174602,2.3545900490539613
86301093#14,3960,15,120,15,0.3333333333333333,0.11111111111111112,2.9999999999999996
86301093#14,3960,30,120,15,0.3333333333333333,0.11111111111111112,2.9999999999999996
86301093#14,3960,45,120,15,0.3619047619047619,0.12063492063492064,3.0
86301093#14,3960,60,120,15,0.3400297619047619,0.11334325396825397,3.0
86301093#14,3960,75,120,15,0.3333333333333333,0.11111111111111112,2.9999999999999996
86301093#14,3960,90,120,15,0.3333333333333333,0.11111111111111112,2.9999999999999996
86301093#14,3960,105,120,15,0.32152777777777786,0.10717592592592533,3.0000000000000173
86301093#14,4080,0,120,15,0.20833333333333334,0.08601190476190683,2.4221453287196653
86301093#14,4080,15,120,15,0.20833333333333334,0.06944444444444445,3.0
86301093#14,4080,30,120,15,0.20659722222222224,0.06886574074074074,3.0
86301093#14,4080,45,120,15,0.16666666666666666,0.05555555555555556,2.9999999999999996
86301093#14,4080,60,120,15,0.20163690476190474,0.0672123015873016,2.999999999999999
86301093#14,4080,75,120,15,0.20833333333333334,0.06944444444444445,3.0
86301093#14,4080,90,120,15,0.20833333333333334,0.06944444444444445,3.0
86301093#14,4080,105,120,15,0.22490079365079366,0.07496693121692974,3.000000000000059
86301093#14,4200,0,120,15,0.041666666666666664,0.013888888888888047,3.0000000000001816
86301093#14,4200,15,120,15,0.041666666666666664,0.01388888888888889,2.9999999999999996
86301093#14,4200,30,120,15,0.043402777777777776,0.014467592592592593,3.0
86301093#14,4200,45,120,15,0.08333333333333333,0.02777777777777778,2.9999999999999996
86301093#14,4200,60,120,15,0.08333333333333333,0.02777777777777778,2.9999999999999996
86301093#14,4200,75,120,15,0.08333333333333333,0.02777777777777778,2.9999999999999996
86301093#14,4200,90,120,15,0.08333333333333333,0.02777777777777778,2.9999999999999996
86301093#14,4200,105,120,15,0.08333333333333333,0.027777777777778102,2.999999999999965
86301093#14,4320,0,120,15,0.125843253968254,0.04743716931217088,2.652840711049059
86301093#14,4320,15,120,15,0.125,0.041666666666666664,3.0
86301093#14,4320,30,120,15,0.125,0.041666666666666664,3.0
86301093#14,4320,45,120,15,0.125,0.041666666666666664,3.0
86301093#14,4320,60,120,15,0.125,0.041666666666666664,3.0
86301093#14,4320,75,120,15,0.125,0.041666666666666664,3.0
86301093#14,4320,90,120,15,0.125,0.041666666666666664,3.0
86301093#14,4320,105,120,15,0.125,0.04166666666666699,2.999999999999977
86301093#14,4440,0,120,15,0.1658234126984127,0.055274470899471136,2.999999999999987
86301093#14,4440,15,120,15,0.16666666666666666,0.055555555555555566,2.999999999999999
86301093#14,4440,30,120,15,0.16666666666666666,0.05555555555555556,2.9999999999999996
86301093#14,4440,45,120,15,0.16666666666666666,0.05555555555555556,2.9999999999999996
86301093#14,4440,60,120,15,0.16666666666666666,0.055555555555555566,2.999999999999999
86301093#14,4440,75,120,15,0.15500992063492064,0.05166997354497354,3.0000000000000004
86301093#14,4440,90,120,15,0.125,0.041666666666666664,3.0
86301093#14,4440,105,120,15,0.125,0.04166666666666611,3.00000000000004
86301093#14,4560,0,120,15,0.041666666666666664,0.01388888888888889,2.9999999999999996
86301093#14,4560,15,120,15,0.041666666666666664,0.01388888888888889,2.9999999999999996
86301093#14,4560,30,120,15,0.041666666666666664,0.01388888888888889,2.9999999999999996
86301093#14,4560,45,120,15,0.041666666666666664,0.01388888888888889,2.9999999999999996
86301093#14,4560,60,120,15,0.041666666666666664,0.01388888888888889,2.9999999999999996
86301093#14,4560,75,120,15,0.05332341269841269,0.017774470899470898,3.0
86301093#14,4560,90,120,15,0.08333333333333333,0.02777777777777778,2.9999999999999996
86301093#14,4560,105,120,15,0.08333333333333333,0.0277777777777776,3.000000000000019
86301093#14,4680,0,120,15,0.041666666666666664,0.01388888888888853,3.0000000000000773
86301093#14,4680,15,120,15,0.041666666666666664,0.01388888888888889,2.9999999999999996
86301093#14,4680,30,120,15,0.041666666666666664,0.01388888888888889,2.9999999999999996
86301093#14,4680,45,120,15,0.041666666666666664,0.013888888888888886,3.0000000000000004
86301093#14,4680,60,120,15,0.041666666666666664,0.013888888888888888,3.0
86301093#14,4680,75,120,15,0.041666666666666664,0.01388888888888889,2.9999999999999996
86301093#14,4680,90,120,15,0.041666666666666664,0.01388888888888889,2.9999999999999996
86301093#14,4680,105,120,15,0.041666666666666664,0.013888888888888456,3.0000000000000933
86301093#14,4800,0,120,15,0.08333333333333333,0.02777777777777706,3.0000000000000773
86301093#14,4800,15,120,15,0.08333333333333333,0.02777777777777778,2.9999999999999996
86301093#14,4800,30,120,15,0.08333333333333333,0.02777777777777778,2.9999999999999996
86301093#14,4800,45,120,15,0.08333333333333333,0.027777777777777773,3.0000000000000004
86301093#14,4800,60,120,15,0.08333333333333333,0.027777777777777776,3.0
86301093#14,4800,75,120,15,0.08333333333333333,0.02777777777777778,2.9999999999999996
86301093#14,4800,90,120,15,0.08333333333333333,0.02777777777777778,2.9999999999999996
86301093#14,4800,105,120,15,0.05476190476190478,0.018253968253967832,3.0000000000000706
86301093#14,4920,0,120,15,0.041666666666666664,0.013888888888889252,2.9999999999999214
86301093#14,4920,15,120,15,0.041666666666666664,0.01388888888888889,2.9999999999999996
86301093#14,4920,30,120,15,0.041666666666666664,0.01388888888888889,2.9999999999999996
86301093#14,4920,45,120,15,0.041666666666666664,0.01388888888888889,2.9999999999999996
86301093#14,4920,60,120,15,0.041666666666666664,0.013888888888888893,2.9999999999999987
86301093#14,4920,75,120,15,0.041666666666666664,0.01388888888888889,2.9999999999999996
86301093#14,4920,90,120,15,0.041666666666666664,0.01388888888888889,2.9999999999999996
86301093#14,4920,105,120,15,0.07023809523809521,0.023412698412696855,3.0000000000001985
86301093#14,5040,0,120,15,0.16666666666666666,0.05555555555555471,3.0000000000000453
86301093#14,5040,15,120,15,0.16666666666666666,0.05555555555555556,2.9999999999999996
86301093#14,5040,30,120,15,0.14340277777777777,0.04780092592592593,2.9999999999999996
86301093#14,5040,45,120,15,0.125,0.041666666666666664,3.0
86301093#14,5040,60,120,15,0.125,0.041666666666666664,3.0
86301093#14,5040,75,120,15,0.125,0.041666666666666664,3.0
86301093#14,5040,90,120,15,0.125,0.041666666666666664,3.0
86301093#14,5040,105,120,15,0.125,0.04166666666666743,2.9999999999999454
86301093#14,5160,0,120,15,0.041666666666666664,0.01388888888888889,2.9999999999999996
86301093#14,5160,15,120,15,0.041666666666666664,0.01388888888888889,2.9999999999999996
86301093#14,5160,30,120,15,0.06493055555555556,0.02164351851851852,3.0
86301093#14,5160,45,120,15,0.08333333333333333,0.02777777777777778,2.9999999999999996
86301093#14,5160,60,120,15,0.08333333333333333,0.02777777777777778,2.9999999999999996
86301093#14,5160,75,120,15,0.08333333333333333,0.02777777777777778,2.9999999999999996
86301093#14,5160,90,120,15,0.08333333333333333,0.02777777777777778,2.9999999999999996
86301093#14,5160,105,120,15,0.08333333333333333,0.02777777777777713,3.0000000000000697
86301093#14,5280,0,120,15,0.16666666666666666,0.05555555555555423,3.0000000000000715
86301093#14,5280,15,120,15,0.16666666666666666,0.05555555555555556,2.9999999999999996
86301093#14,5280,30,120,15,0.16666666666666666,0.05555555555555556,2.9999999999999996
86301093#14,5280,45,120,15,0.16666666666666666,0.05555555555555556,2.9999999999999996
86301093#14,5280,60,120,15,0.16666666666666666,0.055555555555555566,2.999999999999999
86301093#14,5280,75,120,15,0.16666666666666666,0.05555555555555556,2.9999999999999996
86301093#14,5280,90,120,15,0.16666666666666666,0.05555555555555556,2.9999999999999996
86301093#14,5280,105,120,15,0.16666666666666666,0.05555555555555383,3.000000000000093
86301093#14,5400,0,120,15,0.125,0.04166666666666775,2.9999999999999223
86301093#14,5400,15,120,15,0.08735119047619049,0.029117063492063493,3.0000000000000004
86301093#14,5400,30,120,15,0.08333333333333333,0.02777777777777778,2.9999999999999996
86301093#14,5400,45,120,15,0.08333333333333333,0.02777777777777778,2.9999999999999996
86301093#14,5400,60,120,15,0.050446428571428566,0.01681547619047619,3.0
86301093#14,5400,75,120,15,0.041666666666666664,0.01388888888888889,2.9999999999999996
86301093#14,5400,90,120,15,0.041666666666666664,0.01388888888888889,2.9999999999999996
86301093#14,5400,105,120,15,0.041666666666666664,0.01388888888888828,3.0000000000001315
86301093#14,5520,0,120,15,0.041666666666666664,0.01388888888888853,3.0000000000000773
86301093#14,5520,15,120,15,0.07931547619047619,0.02643849206349206,3.0000000000000004
86301093#14,5520,30,120,15,0.08333333333333333,0.027777777777777783,2.999999999999999
86301093#14,5520,45,120,15,0.08333333333333333,0.027777777777777776,3.0
86301093#14,5520,60,120,15,0.11622023809523811,0.038740079365079366,3.0000000000000004
86301093#14,5520,75,120,15,0.125,0.041666666666666664,3.0
86301093#14,5520,90,120,15,0.125,0.041666666666666664,3.0
86301093#14,5520,105,120,15,0.125,0.041666666666666026,3.000000000000046
86301093#14,5640,0,120,15,0.0,0.0,3.0
86301093#14,5640,15,120,15,0.0,0.0,3.0
86301093#14,5640,30,120,15,0.0,0.0,3.0
86301093#14,5640,45,120,15,0.0,0.0,3.0
86301093#14,5640,60,120,15,0.0,0.0,3.0
86301093#14,5640,75,120,15,0.0,0.0,3.0
86301093#14,5640,90,120,15,0.0,0.0,3.0
86301093#14,5640,105,120,15,0.0,0.0,3.0
86301093#14,5760,0,120,15,0.125,0.04166666666666389,3.0000000000002
86301093#14,5760,15,120,15,0.125,0.041666666666666664,3.0
86301093#14,5760,30,120,15,0.1199404761904762,0.039980158730158734,3.0
86301093#14,5760,45,120,15,0.08333333333333333,0.02777777777777778,2.9999999999999996
86301093#14,5760,60,120,15,0.08333333333333333,0.02777777777777778,2.9999999999999996
86301093#14,5760,75,120,15,0.08253968253968255,0.027513227513227524,2.999999999999999
86301093#14,5760,90,120,15,0.041666666666666664,0.01388888888888889,2.9999999999999996
86301093#14,5760,105,120,15,0.041666666666666664,0.01388888888888889,2.9999999999999996
86301093#14,5880,0,120,15,0.25,0.11362433862433971,2.200232828870759
86301093#14,5880,15,120,15,0.25,0.08333333333333333,3.0
86301093#14,5880,30,120,15,0.22192460317460314,0.07397486772486772,2.9999999999999996
86301093#14,5880,45,120,15,0.25,0.08333333333333333,3.0
86301093#14,5880,60,120,15,0.2446428571428571,0.08154761904761905,2.9999999999999996
86301093#14,5880,75,120,15,0.2091269841269841,0.06970899470899469,3.0000000000000004
86301093#14,5880,90,120,15,0.25,0.08333333333333333,3.0
86301093#14,5880,105,120,15,0.23075396825396824,0.07691798941798904,3.0000000000000147
86301093#14,6000,0,120,15,0.08333333333333333,0.035978835978835985,2.3161764705882346
86301093#14,6000,15,120,15,0.08333333333333333,0.02777777777777778,2.9999999999999996
86301093#14,6000,30,120,15,0.11646825396825398,0.03882275132275133,3.0
86301093#14,6000,45,120,15,0.125,0.041666666666666664,3.0
86301093#14,6000,60,120,15,0.13035714285714287,0.04345238095238095,3.0000000000000004
86301093#14,6000,75,120,15,0.16666666666666666,0.05555555555555556,2.9999999999999996
86301093#14,6000,90,120,15,0.16666666666666666,0.05555555555555556,2.9999999999999996
86301093#14,6000,105,120,15,0.18591269841269842,0.061970899470899586,2.9999999999999947
86301093#14,6120,0,120,15,0.11458333333333333,0.0381944444444448,2.999999999999972
86301093#14,6120,15,120,15,0.08333333333333333,0.02777777777777778,2.9999999999999996
86301093#14,6120,30,120,15,0.08333333333333333,0.027777777777777776,3.0
86301093#14,6120,45,120,15,0.08333333333333333,0.02777777777777778,2.9999999999999996
86301093#14,6120,60,120,15,0.08333333333333333,0.02777777777777778,2.9999999999999996
86301093#14,6120,75,120,15,0.08333333333333333,0.02777777777777778,2.9999999999999996
86301093#14,6120,90,120,15,0.04598214285714286,0.015327380952380955,2.9999999999999996
86301093#14,6120,105,120,15,0.041666666666666664,0.013888888888889395,2.9999999999998908
86301093#14,6240,0,120,15,0.34375,0.16319444444444525,2.106382978723394
86301093#14,6240,15,120,15,0.375,0.125,3.0
86301093#14,6240,30,120,15,0.3472222222222222,0.11574074074074074,3.0
86301093#14,6240,45,120,15,0.3333333333333333,0.11111111111111112,2.9999999999999996
86301093#14,6240,60,120,15,0.3333333333333333,0.11111111111111112,2.9999999999999996
86301093#14,6240,75,120,15,0.2916666666666667,0.09722222222222222,3.0
86301093#14,6240,90,120,15,0.3290178571428572,0.10967261904761903,3.000000000000001
86301093#14,6240,105,120,15,0.3333333333333333,0.11111111111111058,3.000000000000014
86301093#14,6360,0,120,15,0.2916666666666667,0.12499999999999915,2.3333333333333495
86301093#14,6360,15,120,15,0.2916666666666667,0.09722222222222222,3.0
86301093#14,6360,30,120,15,0.3194444444444445,0.10648148148148147,3.0000000000000004
86301093#14,6360,45,120,15,0.3333333333333333,0.11111111111111112,2.9999999999999996
86301093#14,6360,60,120,15,0.3333333333333333,0.11111111111111112,2.9999999999999996
86301093#14,6360,75,120,15,0.375,0.125,3.0
86301093#14,6360,90,120,15,0.375,0.125,3.0
86301093#14,6360,105,120,15,0.34444444444444444,0.11481481481481712,2.9999999999999396
86301093#14,6480,0,120,15,0.041666666666666664,0.013888888888888772,3.0000000000000253
86301093#14,6480,15,120,15,0.041666666666666664,0.01388888888888889,2.9999999999999996
86301093#14,6480,30,120,15,0.041666666666666664,0.01388888888888889,2.9999999999999996
86301093#14,6480,45,120,15,0.041666666666666664,0.01388888888888889,2.9999999999999996
86301093#14,6480,60,120,15,0.041666666666666664,0.01388888888888889,2.9999999999999996
86301093#14,6480,75,120,15,0.041666666666666664,0.01388888888888889,2.9999999999999996
86301093#14,6480,90,120,15,0.041666666666666664,0.01388888888888889,2.9999999999999996
86301093#14,6480,105,120,15,0.07222222222222222,0.024074074074074074,2.9999999999999996
86301093#14,6600,0,120,15,0.041666666666666664,0.01388888888888853,3.0000000000000773
86301093#14,6600,15,120,15,0.041666666666666664,0.01388888888888889,2.9999999999999996
86301093#14,6600,30,120,15,0.041666666666666664,0.01388888888888889,2.9999999999999996
86301093#14,6600,45,120,15,0.041666666666666664,0.013888888888888886,3.0000000000000004
86301093#14,6600,60,120,15,0.013095238095238116,0.0043650793650793695,3.0000000000000018
86301093#14,6600,75,120,15,0.0,0.0,3.0
86301093#14,6600,90,120,15,0.0,0.0,3.0
86301093#14,6600,105,120,15,0.0,0.0,3.0
86301093#14,6720,0,120,15,0.25,0.11031746031745865,2.2661870503597465
86301093#14,6720,15,120,15,0.25,0.08333333333333334,2.9999999999999996
86301093#14,6720,30,120,15,0.25,0.08333333333333333,3.0
86301093#14,6720,45,120,15,0.25,0.08333333333333333,3.0
86301093#14,6720,60,120,15,0.2785714285714285,0.09285714285714285,3.0
86301093#14,6720,75,120,15,0.25753968253968257,0.08584656084656084,3.0000000000000004
86301093#14,6720,90,120,15,0.25,0.08333333333333333,3.0
86301093#14,6720,105,120,15,0.25,0.08333333333333057,3.0000000000000995
86301093#14,6840,0,120,15,0.08333333333333333,0.02777777777777886,2.999999999999883
86301093#14,6840,15,120,15,0.08333333333333333,0.027777777777777776,3.0
86301093#14,6840,30,120,15,0.08333333333333333,0.02777777777777778,2.9999999999999996
86301093#14,6840,45,120,15,0.05654761904761906,0.01884920634920635,3.0000000000000004
86301093#14,6840,60,120,15,0.041666666666666664,0.01388888888888889,2.9999999999999996
86301093#14,6840,75,120,15,0.0757936507936508,0.02526455026455027,2.9999999999999996
86301093#14,6840,90,120,15,0.08333333333333333,0.02777777777777778,2.9999999999999996
86301093#14,6840,105,120,15,0.08333333333333333,0.027777777777778106,2.9999999999999645
86301093#14,6960,0,120,15,0.2357142857142857,0.10416666666666692,2.262857142857137
86301093#14,6960,15,120,15,0.20833333333333334,0.06944444444444445,3.0
86301093#14,6960,30,120,15,0.20833333333333334,0.06944444444444445,3.0
86301093#14,6960,45,120,15,0.20952380952380953,0.06984126984126983,3.0000000000000004
86301093#14,6960,60,120,15,0.20833333333333334,0.06944444444444445,3.0
86301093#14,6960,75,120,15,0.20833333333333334,0.06944444444444445,3.0
86301093#14,6960,90,120,15,0.16884920634920633,0.056283068783068775,3.0
86301093#14,6960,105,120,15,0.16666666666666666,0.055555555555555663,2.9999999999999942
86301093#14,7080,0,120,15,0.09761904761904763,0.03267195767195683,2.987854251012223
86301093#14,7080,15,120,15,0.125,0.041666666666666664,3.0
86301093#14,7080,30,120,15,0.125,0.041666666666666664,3.0
86301093#14,7080,45,120,15,0.15059523809523812,0.0501984126984127,3.0000000000000004
86301093#14,7080,60,120,15,0.16666666666666666,0.05555555555555555,3.0
86301093#14,7080,75,120,15,0.16666666666666666,0.05555555555555556,2.9999999999999996
86301093#14,7080,90,120,15,0.20615079365079367,0.06871693121693122,3.0
86301093#14,7080,105,120,15,0.20833333333333334,0.06944444444444382,3.000000000000027
86301093#20,0,0,120,15,0.0,0.0,3.0
86301093#20,0,15,120,15,0.0,0.0,3.0
86301093#20,0,30,120,15,0.0,0.0,3.0
86301093#20,120,0,120,15,0.041666666666666664,0.01388888888888889,2.9999999999999996
86301093#20,120,15,120,15,0.041666666666666664,0.01388888888888889,2.9999999999999996
86301093#20,120,30,120,15,0.041666666666666664,0.013888888888888892,2.999999999999999
86301093#20,240,0,120,15,0.041666666666666664,0.013888888888888918,2.999999999999994
86301093#20,240,15,120,15,0.041666666666666664,0.01388888888888889,2.9999999999999996
86301093#20,240,30,120,15,0.0300099206349206,0.010003306878306866,3.0
86301093#20,360,0,120,15,0.041666666666666664,0.013888888888888834,3.0000000000000115
86301093#20,360,15,120,15,0.041666666666666664,0.01388888888888889,2.9999999999999996
86301093#20,360,30,120,15,0.05332341269841274,0.01777447089947091,3.0
86301093#20,480,0,120,15,0.08333333333333333,0.027777777777777783,2.999999999999999
86301093#20,480,15,120,15,0.08333333333333333,0.02777777777777778,2.9999999999999996
86301093#20,480,30,120,15,0.08333333333333333,0.02777777777777778,2.9999999999999996
86301093#20,600,0,120,15,0.08333333333333333,0.027777777777777783,2.999999999999999
86301093#20,600,15,120,15,0.08333333333333333,0.02777777777777778,2.9999999999999996
86301093#20,600,30,120,15,0.08333333333333333,0.02777777777777778,2.9999999999999996
86301093#20,720,0,120,15,0.08333333333333333,0.02777777777777778,2.9999999999999996
86301093#20,720,15,120,15,0.08333333333333333,0.02777777777777778,2.9999999999999996
86301093#20,720,30,120,15,0.08333333333333333,0.02777777777777778,2.9999999999999996
86301093#20,840,0,120,15,0.12465277777777778,0.04155092592592593,3.0
86301093#20,840,15,120,15,0.08333333333333333,0.02777777777777778,2.9999999999999996
86301093#20,840,30,120,15,0.08333333333333333,0.027777777777777773,3.0000000000000004
86301093#20,960,0,120,15,0.1670138888888889,0.07789351851851851,2.144130757800892
86301093#20,960,15,120,15,0.18194444444444444,0.060648148148148145,3.0
86301093#20,960,30,120,15,0.16666666666666666,0.05555555555555556,2.9999999999999996
86301093#20,1080,0,120,15,0.041666666666666664,0.01388888888888889,2.9999999999999996
86301093#20,1080,15,120,15,0.06805555555555555,0.024444444444444442,2.784090909090909
86301093#20,1080,30,120,15,0.08333333333333333,0.042222222222222223,1.9736842105263157
86301093#20,1200,0,120,15,0.041666666666666664,0.013888888888888912,2.9999999999999947
86301093#20,1200,15,120,15,0.041666666666666664,0.01388888888888889,2.9999999999999996
86301093#20,1200,30,120,15,0.041666666666666664,0.01388888888888889,2.9999999999999996
86301093#20,1320,0,120,15,0.0,0.0,3.0
86301093#20,1320,15,120,15,0.0,0.0,3.0
86301093#20,1320,30,120,15,0.0,0.0,3.0
86301093#20,1440,0,120,15,0.041666666666666664,0.01388888888888889,2.9999999999999996
86301093#20,1440,15,120,15,0.041666666666666664,0.01388888888888889,2.9999999999999996
86301093#20,1440,30,120,15,0.041666666666666664,0.01388888888888889,2.9999999999999996
86301093#20,1560,0,120,15,0.041666666666666664,0.01388888888888919,2.9999999999999347
86301093#20,1560,15,120,15,0.041666666666666664,0.01388888888888889,2.9999999999999996
86301093#20,1560,30,120,15,0.041666666666666664,0.01388888888888889,2.9999999999999996
86301093#20,1680,0,120,15,0.0,0.0,3.0
86301093#20,1680,15,120,15,0.0,0.0,3.0
86301093#20,1680,30,120,15,0.0,0.0,3.0
86301093#20,1800,0,120,15,0.0,0.0,3.0
86301093#20,1800,15,120,15,0.0,0.0,3.0
86301093#20,1800,30,120,15,0.0,0.0,3.0
86301093#20,1920,0,120,15,0.041666666666666664,0.013888888888889148,2.9999999999999436
86301093#20,1920,15,120,15,0.041666666666666664,0.01388888888888889,2.9999999999999996
86301093#20,1920,30,120,15,0.041666666666666664,0.01388888888888889,2.9999999999999996
86301093#20,2040,0,120,15,0.041666666666666664,0.013888888888888786,3.000000000000022
86301093#20,2040,15,120,15,0.041666666666666664,0.01388888888888889,2.9999999999999996
86301093#20,2040,30,120,15,0.041666666666666664,0.01388888888888889,2.9999999999999996
86301093#20,2160,0,120,15,0.16666666666666666,0.055555555555555816,2.999999999999986
86301093#20,2160,15,120,15,0.14960317460317463,0.04986772486772487,3.0
86301093#20,2160,30,120,15,0.125,0.041666666666666664,3.0
86301093#20,2280,0,120,15,0.125,0.04166666666666714,2.999999999999966
86301093#20,2280,15,120,15,0.14206349206349206,0.04735449735449735,3.0
86301093#20,2280,30,120,15,0.16666666666666666,0.05555555555555556,2.9999999999999996
86301093#20,2400,0,120,15,0.08333333333333333,0.027777777777777065,3.000000000000077
86301093#20,2400,15,120,15,0.08333333333333333,0.02777777777777778,2.9999999999999996
86301093#20,2400,30,120,15,0.08333333333333333,0.02777777777777778,2.9999999999999996
86301093#20,2520,0,120,15,0.041666666666666664,0.01388888888888889,2.9999999999999996
86301093#20,2520,15,120,15,0.041666666666666664,0.01388888888888889,2.9999999999999996
86301093#20,2520,30,120,15,0.041666666666666664,0.01388888888888889,2.9999999999999996
86301093#20,2640,0,120,15,0.0,0.0,3.0
86301093#20,2640,15,120,15,0.0,0.0,3.0
86301093#20,2640,30,120,15,0.0,0.0,3.0
86301093#20,2760,0,120,15,0.08333333333333333,0.027777777777778505,2.9999999999999214
86301093#20,2760,15,120,15,0.08333333333333333,0.02777777777777778,2.9999999999999996
86301093#20,2760,30,120,15,0.08333333333333333,0.02777777777777778,2.9999999999999996
86301093#20,2880,0,120,15,0.041666666666666664,0.013888888888888281,3.000000000000131
86301093#20,2880,15,120,15,0.041666666666666664,0.01388888888888889,2.9999999999999996
86301093#20,2880,30,120,15,0.041666666666666664,0.01388888888888889,2.9999999999999996
86301093#20,3000,0,120,15,0.0,0.0,3.0
86301093#20,3000,15,120,15,0.0,0.0,3.0
86301093#20,3000,30,120,15,0.0,0.0,3.0
86301093#20,3120,0,120,15,0.0,0.0,3.0
86301093#20,3120,15,120,15,0.0,0.0,3.0
86301093#20,3120,30,120,15,0.0,0.0,3.0
86301093#20,3240,0,120,15,0.08333333333333333,0.02777777777777736,3.000000000000045
86301093#20,3240,15,120,15,0.08333333333333333,0.02777777777777778,2.9999999999999996
86301093#20,3240,30,120,15,0.08333333333333333,0.02777777777777778,2.9999999999999996
86301093#20,3360,0,120,15,0.041666666666666664,0.013888888888888838,3.0000000000000107
86301093#20,3360,15,120,15,0.041666666666666664,0.01388888888888889,2.9999999999999996
86301093#20,3360,30,120,15,0.041666666666666664,0.01388888888888889,2.9999999999999996
86301093#20,3480,0,120,15,0.041666666666666664,0.013888888888888517,3.0000000000000804
86301093#20,3480,15,120,15,0.041666666666666664,0.01388888888888889,2.9999999999999996
86301093#20,3480,30,120,15,0.041666666666666664,0.01388888888888889,2.9999999999999996
86301093#20,3600,0,120,15,0.041666666666666664,0.013888888888888467,3.000000000000091
86301093#20,3600,15,120,15,0.041666666666666664,0.01388888888888889,2.9999999999999996
86301093#20,3600,30,120,15,0.041666666666666664,0.01388888888888886,3.000000000000006
86301093#20,3720,0,120,15,0.041666666666666664,0.013888888888888472,3.00000000000009
86301093#20,3720,15,120,15,0.041666666666666664,0.01388888888888889,2.9999999999999996
86301093#20,3720,30,120,15,0.041666666666666664,0.01388888888888889,2.9999999999999996
86301093#20,3840,0,120,15,0.0,0.0,3.0
86301093#20,3840,15,120,15,0.0,0.0,3.0
86301093#20,3840,30,120,15,0.0,0.0,3.0
86301093#20,3960,0,120,15,0.20833333333333334,0.07873677248677281,2.645947081058368
86301093#20,3960,15,120,15,0.1888888888888889,0.06622183819764464,2.8523655342386323
86301093#20,3960,30,120,15,0.16666666666666666,0.09862604540023895,1.6898849182313749
86301093#20,4080,0,120,15,0.125,0.04351851851851926,2.872340425531866
86301093#20,4080,15,120,15,0.14444444444444443,0.04814814814814815,2.9999999999999996
86301093#20,4080,30,120,15,0.16666666666666666,0.055555555555555615,2.9999999999999964
86301093#20,4200,0,120,15,0.041666666666666664,0.01388888888888889,2.9999999999999996
86301093#20,4200,15,120,15,0.041666666666666664,0.01388888888888889,2.9999999999999996
86301093#20,4200,30,120,15,0.041666666666666664,0.01388888888888889,2.9999999999999996
86301093#20,4320,0,120,15,0.041666666666666664,0.013888888888888786,3.000000000000022
86301093#20,4320,15,120,15,0.041666666666666664,0.01388888888888889,2.9999999999999996
86301093#20,4320,30,120,15,0.041666666666666664,0.01388888888888889,2.9999999999999996
86301093#20,4440,0,120,15,0.125,0.04166666666666751,2.999999999999939
86301093#20,4440,15,120,15,0.125,0.041666666666666664,3.0
86301093#20,4440,30,120,15,0.08333333333333333,0.02777777777777778,2.9999999999999996
86301093#20,4560,0,120,15,0.08333333333333333,0.027777777777778623,2.9999999999999085
86301093#20,4560,15,120,15,0.08333333333333333,0.02777777777777778,2.9999999999999996
86301093#20,4560,30,120,15,0.125,0.041666666666666664,3.0
86301093#20,4680,0,120,15,0.041666666666666664,0.013888888888889363,2.9999999999998974
86301093#20,4680,15,120,15,0.041666666666666664,0.01388888888888889,2.9999999999999996
86301093#20,4680,30,120,15,0.041666666666666664,0.01388888888888889,2.9999999999999996
86301093#20,4800,0,120,15,0.08333333333333333,0.02777777777777825,2.9999999999999485
86301093#20,4800,15,120,15,0.08333333333333333,0.02777777777777778,2.9999999999999996
86301093#20,4800,30,120,15,0.08333333333333333,0.02777777777777778,2.9999999999999996
86301093#20,4920,0,120,15,0.041666666666666664,0.0138888888888901,2.999999999999738
86301093#20,4920,15,120,15,0.041666666666666664,0.01388888888888889,2.9999999999999996
86301093#20,4920,30,120,15,0.041666666666666664,0.01388888888888889,2.9999999999999996
86301093#20,5040,0,120,15,0.041666666666666664,0.01388888888888973,2.9999999999998184
86301093#20,5040,15,120,15,0.041666666666666664,0.01388888888888889,2.9999999999999996
86301093#20,5040,30,120,15,0.041666666666666664,0.01388888888888895,2.9999999999999867
86301093#20,5160,0,120,15,0.041666666666666664,0.01388888888888973,2.9999999999998184
86301093#20,5160,15,120,15,0.041666666666666664,0.01388888888888889,2.9999999999999996
86301093#20,5160,30,120,15,0.041666666666666664,0.01388888888888889,2.9999999999999996
86301093#20,5280,0,120,15,0.125,0.04166666666666872,2.999999999999852
86301093#20,5280,15,120,15,0.125,0.041666666666666664,3.0
86301093#20,5280,30,120,15,0.125,0.041666666666666664,3.0
86301093#20,5400,0,120,15,0.041666666666666664,0.01388888888888973,2.9999999999998184
86301093#20,5400,15,120,15,0.041666666666666664,0.01388888888888889,2.9999999999999996
86301093#20,5400,30,120,15,0.041666666666666664,0.01388888888888889,2.9999999999999996
86301093#20,5520,0,120,15,0.125,0.04166666666666739,2.9999999999999476
86301093#20,5520,15,120,15,0.09365079365079368,0.031216931216931223,3.0000000000000004
86301093#20,5520,30,120,15,0.08333333333333333,0.02777777777777778,2.9999999999999996
86301093#20,5640,0,120,15,0.08333333333333333,0.02777777777777862,2.999999999999909
86301093#20,5640,15,120,15,0.11468253968253966,0.038227513227513214,3.0000000000000004
86301093#20,5640,30,120,15,0.08472222222222221,0.02824074074074074,2.9999999999999996
86301093#20,5760,0,120,15,0.0,0.0,3.0
86301093#20,5760,15,120,15,0.0,0.0,3.0
86301093#20,5760,30,120,15,0.04027777777777777,0.013425925925925924,3.0
86301093#20,5880,0,120,15,0.125,0.0489087301587312,2.555780933062826
86301093#20,5880,15,120,15,0.125,0.041666666666666664,3.0
86301093#20,5880,30,120,15,0.125,0.041666666666666664,3.0
86301093#20,6000,0,120,15,0.0,0.0,3.0
86301093#20,6000,15,120,15,0.0,0.0,3.0
86301093#20,6000,30,120,15,0.0,0.0,3.0
86301093#20,6120,0,120,15,0.0,0.0,3.0
86301093#20,6120,15,120,15,0.0,0.0,3.0
86301093#20,6120,30,120,15,0.0,0.0,3.0
86301093#20,6240,0,120,15,0.16666666666666666,0.06481481481481494,2.5714285714285663
86301093#20,6240,15,120,15,0.16666666666666666,0.05555555555555556,2.9999999999999996
86301093#20,6240,30,120,15,0.16666666666666666,0.05555555555555556,2.9999999999999996
86301093#20,6360,0,120,15,0.0,0.0,3.0
86301093#20,6360,15,120,15,0.0,0.0,3.0
86301093#20,6360,30,120,15,0.0,0.0,3.0
86301093#20,6480,0,120,15,0.041666666666666664,0.01388888888888889,2.9999999999999996
86301093#20,6480,15,120,15,0.041666666666666664,0.01388888888888889,2.9999999999999996
86301093#20,6480,30,120,15,0.041666666666666664,0.01388888888888889,2.9999999999999996
86301093#20,6600,0,120,15,0.08333333333333333,0.0412037037037037,2.0224719101123596
86301093#20,6600,15,120,15,0.08333333333333333,0.02777777777777778,2.9999999999999996
86301093#20,6600,30,120,15,0.08333333333333333,0.02777777777777778,2.9999999999999996
86301093#20,6720,0,120,15,0.08333333333333333,0.027777777777778515,2.99999999999992
86301093#20,6720,15,120,15,0.08333333333333333,0.02777777777777778,2.9999999999999996
86301093#20,6720,30,120,15,0.08333333333333333,0.027777777777777755,3.000000000000002
86301093#20,6840,0,120,15,0.08333333333333333,0.027777777777778265,2.999999999999947
86301093#20,6840,15,120,15,0.08333333333333333,0.02777777777777778,2.9999999999999996
86301093#20,6840,30,120,15,0.08333333333333333,0.027777777777777842,2.999999999999993
86301093#20,6960,0,120,15,0.02718253968253966,0.009060846560846079,3.000000000000157
86301093#20,6960,15,120,15,0.0,0.0,3.0
86301093#20,6960,30,120,15,0.0,0.0,3.0
86301093#20,7080,0,120,15,0.18115079365079367,0.06038359788359886,2.999999999999952
86301093#20,7080,15,120,15,0.20833333333333334,0.06944444444444445,3.0
86301093#20,7080,30,120,15,0.20833333333333334,0.06944444444444443,3.0000000000000004
86301093#3,0,0,120,15,0.0,0.0,3.0
86301093#3,0,15,120,15,0.0,0.0,3.0
86301093#3,0,30,120,15,0.0,0.0,3.0
86301093#3,0,45,120,15,0.0,0.0,3.0
86301093#3,0,60,120,15,0.0,0.0,3.0
86301093#3,0,75,120,15,0.0,0.0,3.0
86301093#3,0,90,120,15,0.0,0.0,3.0
86301093#3,120,0,120,15,0.125,0.041666666666666664,3.0
86301093#3,120,15,120,15,0.125,0.041666666666666664,3.0
86301093#3,120,30,120,15,0.125,0.041666666666666664,3.0
86301093#3,120,45,120,15,0.125,0.041666666666666664,3.0
86301093#3,120,60,120,15,0.10694444444444445,0.035648148148148144,3.0000000000000004
86301093#3,120,75,120,15,0.08333333333333333,0.02777777777777778,2.9999999999999996
86301093#3,120,90,120,15,0.08333333333333333,0.02777777777777778,2.9999999999999996
86301093#3,240,0,120,15,0.16666666666666666,0.055555555555555546,3.0000000000000004
86301093#3,240,15,120,15,0.14880952380952378,0.0496031746031746,2.9999999999999996
86301093#3,240,30,120,15,0.125,0.041666666666666664,3.0
86301093#3,240,45,120,15,0.125,0.041666666666666664,3.0
86301093#3,240,60,120,15,0.14305555555555557,0.047685185185185185,3.0000000000000004
86301093#3,240,75,120,15,0.125,0.041666666666666664,3.0
86301093#3,240,90,120,15,0.125,0.041666666666666664,3.0
86301093#3,360,0,120,15,0.125,0.04298941798941803,2.907692307692305
86301093#3,360,15,120,15,0.14285714285714288,0.04761904761904762,3.0
86301093#3,360,30,120,15,0.16666666666666666,0.05555555555555556,2.9999999999999996
86301093#3,360,45,120,15,0.16666666666666666,0.05555555555555556,2.9999999999999996
86301093#3,360,60,120,15,0.16666666666666666,0.05555555555555556,2.9999999999999996
86301093#3,360,75,120,15,0.20833333333333334,0.06944444444444445,3.0
86301093#3,360,90,120,15,0.20833333333333334,0.06944444444444445,3.0
86301093#3,480,0,120,15,0.041666666666666664,0.013888888888888845,3.0000000000000093
86301093#3,480,15,120,15,0.041666666666666664,0.01388888888888889,2.9999999999999996
86301093#3,480,30,120,15,0.041666666666666664,0.01388888888888889,2.9999999999999996
86301093#3,480,45,120,15,0.041666666666666664,0.01388888888888889,2.9999999999999996
86301093#3,480,60,120,15,0.041666666666666664,0.013888888888888886,3.0000000000000004
86301093#3,480,75,120,15,0.041666666666666664,0.013888888888888888,3.0
86301093#3,480,90,120,15,0.041666666666666664,0.01388888888888889,2.9999999999999996
86301093#3,600,0,120,15,0.11319444444444444,0.05023148148148148,2.2534562211981566
86301093#3,600,15,120,15,0.08333333333333333,0.02777777777777778,2.9999999999999996
86301093#3,600,30,120,15,0.08333333333333333,0.02777777777777778,2.9999999999999996
86301093#3,600,45,120,15,0.05763888888888889,0.019212962962962966,2.9999999999999996
86301093#3,600,60,120,15,0.041666666666666664,0.01388888888888889,2.9999999999999996
86301093#3,600,75,120,15,0.041666666666666664,0.01388888888888889,2.9999999999999996
86301093#3,600,90,120,15,0.0020833333333333333,0.0006944444444444444,3.0000000000000004
86301093#3,720,0,120,15,0.13680555555555557,0.06736111111111112,2.0309278350515463
86301093#3,720,15,120,15,0.16666666666666666,0.05555555555555556,2.9999999999999996
86301093#3,720,30,120,15,0.16666666666666666,0.05555555555555556,2.9999999999999996
86301093#3,720,45,120,15,0.1923611111111111,0.06412037037037037,3.0
86301093#3,720,60,120,15,0.16666666666666666,0.05555555555555556,2.9999999999999996
86301093#3,720,75,120,15,0.16666666666666666,0.05555555555555556,2.9999999999999996
86301093#3,720,90,120,15,0.20625,0.06875,2.9999999999999996
86301093#3,840,0,120,15,0.08333333333333333,0.02777777777777776,3.0000000000000018
86301093#3,840,15,120,15,0.08333333333333333,0.027777777777777783,2.999999999999999
86301093#3,840,30,120,15,0.08333333333333333,0.027777777777777783,2.999999999999999
86301093#3,840,45,120,15,0.08333333333333333,0.027777777777777783,2.999999999999999
86301093#3,840,60,120,15,0.125,0.04166666666666667,2.9999999999999996
86301093#3,840,75,120,15,0.125,0.041666666666666664,3.0
86301093#3,840,90,120,15,0.125,0.041666666666666664,3.0
86301093#3,960,0,120,15,0.16666666666666666,0.05555555555555587,2.9999999999999827
86301093#3,960,15,120,15,0.13392857142857145,0.044642857142857144,3.0000000000000004
86301093#3,960,30,120,15,0.125,0.041666666666666664,3.0
86301093#3,960,45,120,15,0.125,0.041666666666666664,3.0
86301093#3,960,60,120,15,0.125,0.04166666666666667,2.9999999999999996
86301093#3,960,75,120,15,0.125,0.041666666666666664,3.0
86301093#3,960,90,120,15,0.125,0.04166666666666667,2.9999999999999996
86301093#3,1080,0,120,15,0.20833333333333334,0.0874999999999997,2.380952380952389
86301093#3,1080,15,120,15,0.24107142857142858,0.08035714285714285,3.0000000000000004
86301093#3,1080,30,120,15,0.23194444444444443,0.07731481481481481,3.0
86301093#3,1080,45,120,15,0.20833333333333334,0.06944444444444445,3.0
86301093#3,1080,60,120,15,0.20833333333333334,0.06944444444444443,3.0000000000000004
86301093#3,1080,75,120,15,0.1763888888888889,0.0587962962962963,3.0
86301093#3,1080,90,120,15,0.16666666666666666,0.05555555555555556,2.9999999999999996
86301093#3,1200,0,120,15,0.16666666666666666,0.0613095238095238,2.7184466019417477
86301093#3,1200,15,120,15,0.16666666666666666,0.05555555555555556,2.9999999999999996
86301093#3,1200,30,120,15,0.18293650793650798,0.06097883597883598,3.000000000000001
86301093#3,1200,45,120,15,0.16666666666666666,0.05555555555555556,2.9999999999999996
86301093#3,1200,60,120,15,0.16666666666666666,0.05555555555555556,2.9999999999999996
86301093#3,1200,75,120,15,0.1986111111111111,0.06620370370370371,2.9999999999999996
86301093#3,1200,90,120,15,0.20833333333333334,0.06944444444444445,3.0
86301093#3,1320,0,120,15,0.08333333333333333,0.027777777777777686,3.0000000000000098
86301093#3,1320,15,120,15,0.08333333333333333,0.027777777777777776,3.0
86301093#3,1320,30,120,15,0.04345238095238094,0.014484126984126981,2.9999999999999996
86301093#3,1320,45,120,15,0.08333333333333333,0.02777777777777778,2.9999999999999996
86301093#3,1320,60,120,15,0.08333333333333333,0.02777777777777778,2.9999999999999996
86301093#3,1320,75,120,15,0.07202380952380953,0.02400793650793651,3.0
86301093#3,1320,90,120,15,0.041666666666666664,0.013888888888888878,3.000000000000002
86301093#3,1440,0,120,15,0.25,0.12182539682539682,2.0521172638436482
86301093#3,1440,15,120,15,0.25,0.08333333333333333,3.0
86301093#3,1440,30,120,15,0.2916666666666667,0.09722222222222222,3.0
86301093#3,1440,45,120,15,0.2916666666666667,0.09722222222222222,3.0
86301093#3,1440,60,120,15,0.2916666666666667,0.09722222222222222,3.0
86301093#3,1440,75,120,15,0.3029761904761905,0.1009920634920635,3.0000000000000004
86301093#3,1440,90,120,15,0.3333333333333333,0.11111111111111112,2.9999999999999996
86301093#3,1560,0,120,15,0.08333333333333333,0.02777777777777778,2.9999999999999996
86301093#3,1560,15,120,15,0.08333333333333333,0.02777777777777778,2.9999999999999996
86301093#3,1560,30,120,15,0.08333333333333333,0.02777777777777778,2.9999999999999996
86301093#3,1560,45,120,15,0.08333333333333333,0.02777777777777778,2.9999999999999996
86301093#3,1560,60,120,15,0.08333333333333333,0.02777777777777778,2.9999999999999996
86301093#3,1560,75,120,15,0.08333333333333333,0.02777777777777778,2.9999999999999996
86301093#3,1560,90,120,15,0.08333333333333333,0.02777777777777778,2.9999999999999996
86301093#3,1680,0,120,15,0.0,0.0,3.0
86301093#3,1680,15,120,15,0.0,0.0,3.0
86301093#3,1680,30,120,15,0.0,0.0,3.0
86301093#3,1680,45,120,15,0.0,0.0,3.0
86301093#3,1680,60,120,15,0.0,0.0,3.0
86301093#3,1680,75,120,15,0.0,0.0,3.0
86301093#3,1680,90,120,15,0.0,0.0,3.0
86301093#3,1800,0,120,15,0.041666666666666664,0.01388888888888898,2.99999999999998
86301093#3,1800,15,120,15,0.02797619047619047,0.009325396825396825,2.9999999999999996
86301093#3,1800,30,120,15,0.0,0.0,3.0
86301093#3,1800,45,120,15,0.0,0.0,3.0
86301093#3,1800,60,120,15,0.0,0.0,3.0
86301093#3,1800,75,120,15,0.0,0.0,3.0
86301093#3,1800,90,120,15,0.0,0.0,3.0
86301093#3,1920,0,120,15,0.041666666666666664,0.013888888888888782,3.0000000000000226
86301093#3,1920,15,120,15,0.05535714285714286,0.018452380952380953,3.0
86301093#3,1920,30,120,15,0.08333333333333333,0.02777777777777778,2.9999999999999996
86301093#3,1920,45,120,15,0.08333333333333333,0.02777777777777778,2.9999999999999996
86301093#3,1920,60,120,15,0.08333333333333333,0.02777777777777778,2.9999999999999996
86301093#3,1920,75,120,15,0.08333333333333333,0.02777777777777778,2.9999999999999996
86301093#3,1920,90,120,15,0.08333333333333333,0.027777777777777755,3.000000000000002
86301093#3,2040,0,120,15,0.07916666666666666,0.02638888888888898,2.99999999999999
86301093#3,2040,15,120,15,0.041666666666666664,0.01388888888888889,2.9999999999999996
86301093#3,2040,30,120,15,0.041666666666666664,0.01388888888888889,2.9999999999999996
86301093#3,2040,45,120,15,0.041666666666666664,0.01388888888888889,2.9999999999999996
86301093#3,2040,60,120,15,0.041666666666666664,0.01388888888888889,2.9999999999999996
86301093#3,2040,75,120,15,0.041666666666666664,0.01388888888888889,2.9999999999999996
86301093#3,2040,90,120,15,0.041666666666666664,0.01388888888888889,2.9999999999999996
86301093#3,2160,0,120,15,0.004166666666666667,0.0013888888888888887,3.0000000000000004
86301093#3,2160,15,120,15,0.041666666666666664,0.01388888888888889,2.9999999999999996
86301093#3,2160,30,120,15,0.041666666666666664,0.01388888888888889,2.9999999999999996
86301093#3,2160,45,120,15,0.041666666666666664,0.01388888888888889,2.9999999999999996
86301093#3,2160,60,120,15,0.041666666666666664,0.01388888888888889,2.9999999999999996
86301093#3,2160,75,120,15,0.041666666666666664,0.01388888888888889,2.9999999999999996
86301093#3,2160,90,120,15,0.041666666666666664,0.01388888888888889,2.9999999999999996
86301093#3,2280,0,120,15,0.08333333333333333,0.03703703703703704,2.2499999999999996
86301093#3,2280,15,120,15,0.08333333333333333,0.02777777777777778,2.9999999999999996
86301093#3,2280,30,120,15,0.05555555555555556,0.01851851851851852,3.0
86301093#3,2280,45,120,15,0.041666666666666664,0.01388888888888889,2.9999999999999996
86301093#3,2280,60,120,15,0.041666666666666664,0.01388888888888889,2.9999999999999996
86301093#3,2280,75,120,15,0.0,0.0,3.0
86301093#3,2280,90,120,15,0.0,0.0,3.0
86301093#3,2400,0,120,15,0.20833333333333334,0.0916666666666675,2.272727272727252
86301093#3,2400,15,120,15,0.20833333333333334,0.06944444444444445,3.0
86301093#3,2400,30,120,15,0.20972222222222223,0.0699074074074074,3.0
86301093#3,2400,45,120,15,0.20833333333333334,0.06944444444444445,3.0
86301093#3,2400,60,120,15,0.20833333333333334,0.06944444444444445,3.0
86301093#3,2400,75,120,15,0.25,0.08333333333333333,3.0
86301093#3,2400,90,120,15,0.25,0.08333333333333333,3.0
86301093#3,2520,0,120,15,0.2777777777777778,0.12037037037036982,2.307692307692318
86301093#3,2520,15,120,15,0.25,0.08333333333333333,3.0
86301093#3,2520,30,120,15,0.27638888888888885,0.09212962962962963,2.9999999999999996
86301093#3,2520,45,120,15,0.2638888888888889,0.08796296296296297,3.0
86301093#3,2520,60,120,15,0.25,0.08333333333333333,3.0
86301093#3,2520,75,120,15,0.25,0.08333333333333333,3.0
86301093#3,2520,90,120,15,0.20833333333333334,0.06944444444444445,3.0
86301093#3,2640,0,120,15,0.15277777777777776,0.0614914021164026,2.484538854530768
86301093#3,2640,15,120,15,0.16666666666666666,0.05555555555555556,2.9999999999999996
86301093#3,2640,30,120,15,0.16666666666666666,0.05555555555555556,2.9999999999999996
86301093#3,2640,45,120,15,0.15277777777777776,0.05092592592592593,2.9999999999999996
86301093#3,2640,60,120,15,0.16666666666666666,0.05555555555555556,2.9999999999999996
86301093#3,2640,75,120,15,0.16666666666666666,0.05555555555555556,2.9999999999999996
86301093#3,2640,90,120,15,0.20441468253968254,0.0681382275132275,3.0000000000000004
86301093#3,2760,0,120,15,0.2361111111111111,0.09232804232804191,2.557306590257891
86301093#3,2760,15,120,15,0.21944444444444444,0.20582010582010582,1.0661953727506426
86301093#3,2760,30,120,15,0.20555555555555557,0.2175925925925926,0.9446808510638299
86301093#3,2760,45,120,15,0.20833333333333334,0.06977513227513228,2.985781990521327
86301093#3,2760,60,120,15,0.20833333333333334,0.2181878306878307,0.9548347984237647
86301093#3,2760,75,120,15,0.19166666666666668,0.06640211640211639,2.886454183266933
86301093#3,2760,90,120,15,0.17058531746031746,0.20342261904761905,0.8385759570836382
86301093#3,2880,0,120,15,0.125,0.05833333333333376,2.1428571428571273
86301093#3,2880,15,120,15,0.15555555555555556,0.125,1.2444444444444445
86301093#3,2880,30,120,15,0.16944444444444443,0.1398148148148148,1.2119205298013245
86301093#3,2880,45,120,15,0.20833333333333334,0.07129629629629629,2.9220779220779227
86301093#3,2880,60,120,15,0.20833333333333334,0.15555555555555556,1.3392857142857144
86301093#3,2880,75,120,15,0.19444444444444445,0.07592592592592592,2.5609756097560976
86301093#3,2880,90,120,15,0.20833333333333334,0.14629629629629629,1.4240506329113927
86301093#3,3000,0,120,15,0.25,0.1064814814814819,2.3478260869565126
86301093#3,3000,15,120,15,0.25,0.08333333333333333,3.0
86301093#3,3000,30,120,15,0.22222222222222224,0.07407407407407408,3.0
86301093#3,3000,45,120,15,0.20833333333333334,0.06944444444444445,3.0
86301093#3,3000,60,120,15,0.20833333333333334,0.06944444444444445,3.0
86301093#3,3000,75,120,15,0.19722222222222224,0.06574074074074074,3.0000000000000004
86301093#3,3000,90,120,15,0.20833333333333334,0.06944444444444445,3.0
86301093#3,3120,0,120,15,0.08333333333333333,0.02777777777777796,2.99999999999998
86301093#3,3120,15,120,15,0.08333333333333333,0.02777777777777778,2.9999999999999996
86301093#3,3120,30,120,15,0.11111111111111112,0.03703703703703704,3.0
86301093#3,3120,45,120,15,0.125,0.04166666666666666,3.000000000000001
86301093#3,3120,60,120,15,0.125,0.041666666666666664,3.0
86301093#3,3120,75,120,15,0.16666666666666666,0.05555555555555556,2.9999999999999996
86301093#3,3120,90,120,15,0.16666666666666666,0.05555555555555556,2.9999999999999996
86301093#3,3240,0,120,15,0.08333333333333333,0.027777777777777676,3.0000000000000107
86301093#3,3240,15,120,15,0.08333333333333333,0.02777777777777778,2.9999999999999996
86301093#3,3240,30,120,15,0.08333333333333333,0.02777777777777778,2.9999999999999996
86301093#3,3240,45,120,15,0.08333333333333333,0.02777777777777778,2.9999999999999996
86301093#3,3240,60,120,15,0.08333333333333333,0.02777777777777778,2.9999999999999996
86301093#3,3240,75,120,15,0.08333333333333333,0.02777777777777778,2.9999999999999996
86301093#3,3240,90,120,15,0.08333333333333333,0.027777777777777783,2.999999999999999
86301093#3,3360,0,120,15,0.16666666666666666,0.06269841269841234,2.658227848101281
86301093#3,3360,15,120,15,0.16666666666666666,0.05555555555555556,2.9999999999999996
86301093#3,3360,30,120,15,0.16666666666666666,0.05555555555555556,2.9999999999999996
86301093#3,3360,45,120,15,0.16666666666666666,0.05555555555555556,2.9999999999999996
86301093#3,3360,60,120,15,0.16289682539682537,0.05429894179894179,3.0
86301093#3,3360,75,120,15,0.125,0.041666666666666664,3.0
86301093#3,3360,90,120,15,0.125,0.041666666666666664,3.0
86301093#3,3480,0,120,15,0.20833333333333334,0.08604497354497351,2.421214450422753
86301093#3,3480,15,120,15,0.20833333333333334,0.06944444444444445,3.0
86301093#3,3480,30,120,15,0.20833333333333334,0.06944444444444445,3.0
86301093#3,3480,45,120,15,0.20833333333333334,0.06944444444444445,3.0
86301093#3,3480,60,120,15,0.20039682539682538,0.0667989417989418,2.9999999999999996
86301093#3,3480,75,120,15,0.20833333333333334,0.06944444444444445,3.0
86301093#3,3480,90,120,15,0.20833333333333334,0.06944444444444445,3.0
86301093#3,3600,0,120,15,0.041666666666666664,0.013888888888888958,2.999999999999985
86301093#3,3600,15,120,15,0.041666666666666664,0.013888888888888888,3.0
86301093#3,3600,30,120,15,0.041666666666666664,0.01388888888888889,2.9999999999999996
86301093#3,3600,45,120,15,0.041666666666666664,0.01388888888888889,2.9999999999999996
86301093#3,3600,60,120,15,0.0533730158730159,0.0177910052910053,3.0
86301093#3,3600,75,120,15,0.08333333333333333,0.02777777777777778,2.9999999999999996
86301093#3,3600,90,120,15,0.08333333333333333,0.02777777777777778,2.9999999999999996
86301093#3,3720,0,120,15,0.125,0.04636243386243386,2.696148359486448
86301093#3,3720,15,120,15,0.125,0.041666666666666664,3.0
86301093#3,3720,30,120,15,0.125,0.041666666666666664,3.0
86301093#3,3720,45,120,15,0.125,0.041666666666666664,3.0
86301093#3,3720,60,120,15,0.11091269841269843,0.036970899470899474,3.0000000000000004
86301093#3,3720,75,120,15,0.08333333333333333,0.02777777777777778,2.9999999999999996
86301093#3,3720,90,120,15,0.08333333333333333,0.02777777777777778,2.9999999999999996
86301093#3,3840,0,120,15,0.08333333333333333,0.027777777777777304,3.000000000000051
86301093#3,3840,15,120,15,0.08333333333333333,0.02777777777777778,2.9999999999999996
86301093#3,3840,30,120,15,0.08333333333333333,0.02777777777777778,2.9999999999999996
86301093#3,3840,45,120,15,0.08333333333333333,0.02777777777777778,2.9999999999999996
86301093#3,3840,60,120,15,0.0974206349206349,0.032473544973544974,2.999999999999999
86301093#3,3840,75,120,15,0.08551587301587299,0.028505291005290995,3.0
86301093#3,3840,90,120,15,0.08333333333333333,0.02777777777777778,2.9999999999999996
86301093#3,3960,0,120,15,0.041666666666666664,0.013888888888889497,2.9999999999998685
86301093#3,3960,15,120,15,0.041666666666666664,0.01388888888888889,2.9999999999999996
86301093#3,3960,30,120,15,0.041666666666666664,0.01388888888888889,2.9999999999999996
86301093#3,3960,45,120,15,0.041666666666666664,0.01388888888888889,2.9999999999999996
86301093#3,3960,60,120,15,0.041666666666666664,0.01388888888888889,2.9999999999999996
86301093#3,3960,75,120,15,0.08115079365079367,0.027050264550264557,3.0
86301093#3,3960,90,120,15,0.08333333333333333,0.02777777777777778,2.9999999999999996
86301093#3,4080,0,120,15,0.125,0.05092592592592557,2.454545454545472
86301093#3,4080,15,120,15,0.125,0.041666666666666664,3.0
86301093#3,4080,30,120,15,0.125,0.041666666666666664,3.0
86301093#3,4080,45,120,15,0.125,0.041666666666666664,3.0
86301093#3,4080,60,120,15,0.125,0.04166666666666666,3.000000000000001
86301093#3,4080,75,120,15,0.125,0.041666666666666664,3.0
86301093#3,4080,90,120,15,0.11830357142857145,0.03943452380952382,2.9999999999999996
86301093#3,4200,0,120,15,0.09384920634920632,0.031283068783068295,3.0000000000000457
86301093#3,4200,15,120,15,0.08333333333333333,0.027777777777777783,2.999999999999999
86301093#3,4200,30,120,15,0.08333333333333333,0.02777777777777778,2.9999999999999996
86301093#3,4200,45,120,15,0.08333333333333333,0.02777777777777778,2.9999999999999996
86301093#3,4200,60,120,15,0.08333333333333333,0.02777777777777778,2.9999999999999996
86301093#3,4200,75,120,15,0.06473214285714286,0.021577380952380952,3.0000000000000004
86301093#3,4200,90,120,15,0.04836309523809522,0.016121031746031737,3.0000000000000004
86301093#3,4320,0,120,15,0.15615079365079368,0.052050264550265395,2.999999999999952
86301093#3,4320,15,120,15,0.16666666666666666,0.05555555555555556,2.9999999999999996
86301093#3,4320,30,120,15,0.16666666666666666,0.05555555555555556,2.9999999999999996
86301093#3,4320,45,120,15,0.16666666666666666,0.05555555555555556,2.9999999999999996
86301093#3,4320,60,120,15,0.16666666666666666,0.05555555555555556,2.9999999999999996
86301093#3,4320,75,120,15,0.15550595238095236,0.05183531746031745,3.0
86301093#3,4320,90,120,15,0.16666666666666666,0.05555555555555556,2.9999999999999996
86301093#3,4440,0,120,15,0.3333333333333333,0.1373181216931224,2.4274533413606134
86301093#3,4440,15,120,15,0.30372023809523807,0.10124007936507937,2.9999999999999996
86301093#3,4440,30,120,15,0.2916666666666667,0.09722222222222222,3.0
86301093#3,4440,45,120,15,0.28983134920634923,0.09661044973544972,3.000000000000001
86301093#3,4440,60,120,15,0.25,0.08333333333333331,3.000000000000001
86301093#3,4440,75,120,15,0.2797619047619048,0.09325396825396827,3.0
86301093#3,4440,90,120,15,0.27594246031746034,0.0919808201058201,3.0000000000000004
86301093#3,4560,0,120,15,0.125,0.04166666666666692,2.999999999999982
86301093#3,4560,15,120,15,0.15461309523809524,0.05153769841269841,3.0000000000000004
86301093#3,4560,30,120,15,0.125,0.07387566137566136,1.6920322291853183
86301093#3,4560,45,120,15,0.12683531746031745,0.04309243996743996,2.943331070511497
86301093#3,4560,60,120,15,0.16666666666666666,0.16715888278388277,0.9970553995754298
86301093#3,4560,75,120,15,0.16666666666666666,0.06246826157027305,2.66802152768693
86301093#3,4560,90,120,15,0.182390873015873,0.16993914583713435,1.0732716827391382
86301093#3,4680,0,120,15,0.16666666666666666,0.06944444444444625,2.3999999999999373
86301093#3,4680,15,120,15,0.16666666666666666,0.05555555555555556,2.9999999999999996
86301093#3,4680,30,120,15,0.20833333333333334,0.06944444444444443,3.0000000000000004
86301093#3,4680,45,120,15,0.20833333333333334,0.06944444444444445,3.0
86301093#3,4680,60,120,15,0.20833333333333334,0.06944444444444445,3.0
86301093#3,4680,75,120,15,0.20833333333333334,0.06944444444444445,3.0
86301093#3,4680,90,120,15,0.20833333333333334,0.06944444444444445,3.0
86301093#3,4800,0,120,15,0.3333333333333333,0.16481481481481444,2.022471910112364
86301093#3,4800,15,120,15,0.3333333333333333,0.11111111111111112,2.9999999999999996
86301093#3,4800,30,120,15,0.3333333333333333,0.11111111111111112,2.9999999999999996
86301093#3,4800,45,120,15,0.3333333333333333,0.11111111111111112,2.9999999999999996
86301093#3,4800,60,120,15,0.3103174603174604,0.10343915343915341,3.0000000000000013
86301093#3,4800,75,120,15,0.2916666666666667,0.09722222222222222,3.0
86301093#3,4800,90,120,15,0.2916666666666667,0.09722222222222222,3.0
86301093#3,4920,0,120,15,0.08333333333333333,0.027777777777776336,3.0000000000001554
86301093#3,4920,15,120,15,0.05178571428571428,0.01726190476190476,3.0
86301093#3,4920,30,120,15,0.041666666666666664,0.01388888888888889,2.9999999999999996
86301093#3,4920,45,120,15,0.041666666666666664,0.013888888888888886,3.0000000000000004
86301093#3,4920,60,120,15,0.06468253968253966,0.02156084656084655,3.0000000000000004
86301093#3,4920,75,120,15,0.08333333333333333,0.02777777777777778,2.9999999999999996
86301093#3,4920,90,120,15,0.08333333333333333,0.02777777777777778,2.9999999999999996
86301093#3,5040,0,120,15,0.25,0.09722222222222186,2.571428571428581
86301093#3,5040,15,120,15,0.28154761904761905,0.09384920634920633,3.0000000000000004
86301093#3,5040,30,120,15,0.2916666666666667,0.09722222222222222,3.0
86301093#3,5040,45,120,15,0.25,0.08333333333333333,3.0
86301093#3,5040,60,120,15,0.25,0.08333333333333333,3.0
86301093#3,5040,75,120,15,0.2361111111111111,0.0787037037037037,3.0
86301093#3,5040,90,120,15,0.20833333333333334,0.06944444444444445,3.0
86301093#3,5160,0,120,15,0.375,0.16666666666666666,2.25
86301093#3,5160,15,120,15,0.375,0.125,3.0
86301093#3,5160,30,120,15,0.3611111111111111,0.12037037037037038,2.9999999999999996
86301093#3,5160,45,120,15,0.375,0.125,3.0
86301093#3,5160,60,120,15,0.375,0.125,3.0
86301093#3,5160,75,120,15,0.3611111111111111,0.12037037037037038,2.9999999999999996
86301093#3,5160,90,120,15,0.375,0.125,3.0
86301093#3,5280,0,120,15,0.3333333333333333,0.1388888888888882,2.400000000000012
86301093#3,5280,15,120,15,0.3333333333333333,0.11111111111111112,2.9999999999999996
86301093#3,5280,30,120,15,0.3472222222222222,0.11574074074074074,3.0
86301093#3,5280,45,120,15,0.35119047619047616,0.11706349206349206,2.9999999999999996
86301093#3,5280,60,120,15,0.3333333333333333,0.11111111111111112,2.9999999999999996
86301093#3,5280,75,120,15,0.3611111111111111,0.12037037037037038,2.9999999999999996
86301093#3,5280,90,120,15,0.375,0.13518518518518519,2.773972602739726
86301093#3,5400,0,120,15,0.3333333333333333,0.1342592592592595,2.482758620689651
86301093#3,5400,15,120,15,0.3333333333333333,0.11111111111111112,2.9999999999999996
86301093#3,5400,30,120,15,0.3055555555555555,0.10185185185185186,2.9999999999999996
86301093#3,5400,45,120,15,0.3154761904761905,0.10515873015873016,3.0000000000000004
86301093#3,5400,60,120,15,0.3333333333333333,0.11111111111111112,2.9999999999999996
86301093#3,5400,75,120,15,0.2916666666666667,0.09722222222222222,3.0
86301093#3,5400,90,120,15,0.2916666666666667,0.09722222222222215,3.000000000000002
86301093#3,5520,0,120,15,0.08333333333333333,0.032407407407408134,2.5714285714285134
86301093#3,5520,15,120,15,0.08333333333333333,0.02777777777777778,2.9999999999999996
86301093#3,5520,30,120,15,0.11111111111111112,0.03703703703703704,3.0
86301093#3,5520,45,120,15,0.125,0.041666666666666664,3.0
86301093#3,5520,60,120,15,0.125,0.041666666666666664,3.0
86301093#3,5520,75,120,15,0.16666666666666666,0.05555555555555556,2.9999999999999996
86301093#3,5520,90,120,15,0.16666666666666666,0.05555555555555556,2.9999999999999996
86301093#3,5640,0,120,15,0.125,0.041666666666666304,3.000000000000026
86301093#3,5640,15,120,15,0.125,0.041666666666666664,3.0
86301093#3,5640,30,120,15,0.125,0.041666666666666664,3.0
86301093#3,5640,45,120,15,0.125,0.041666666666666664,3.0
86301093#3,5640,60,120,15,0.125,0.04166666666666666,3.000000000000001
86301093#3,5640,75,120,15,0.125,0.041666666666666664,3.0
86301093#3,5640,90,120,15,0.125,0.041666666666666664,3.0
86301093#3,5760,0,120,15,0.16666666666666666,0.06481481481481396,2.571428571428605
86301093#3,5760,15,120,15,0.16666666666666666,0.05555555555555556,2.9999999999999996
86301093#3,5760,30,120,15,0.125,0.041666666666666664,3.0
86301093#3,5760,45,120,15,0.125,0.041666666666666664,3.0
86301093#3,5760,60,120,15,0.125,0.041666666666666664,3.0
86301093#3,5760,75,120,15,0.11111111111111112,0.03703703703703704,3.0
86301093#3,5760,90,120,15,0.08333333333333333,0.02777777777777778,2.9999999999999996
86301093#3,5880,0,120,15,0.08333333333333333,0.027777777777776087,3.0000000000001825
86301093#3,5880,15,120,15,0.05277777777777778,0.017592592592592594,3.0
86301093#3,5880,30,120,15,0.08333333333333333,0.02777777777777778,2.9999999999999996
86301093#3,5880,45,120,15,0.08333333333333333,0.02777777777777778,2.9999999999999996
86301093#3,5880,60,120,15,0.08333333333333333,0.02777777777777778,2.9999999999999996
86301093#3,5880,75,120,15,0.09722222222222222,0.032407407407407406,3.0
86301093#3,5880,90,120,15,0.09444444444444446,0.05555555555555556,1.7000000000000002
86301093#3,6000,0,120,15,0.16666666666666666,0.05555555555555545,3.0000000000000058
86301093#3,6000,15,120,15,0.19722222222222224,0.06574074074074074,3.0000000000000004
86301093#3,6000,30,120,15,0.20833333333333334,0.06944444444444445,3.0
86301093#3,6000,45,120,15,0.20833333333333334,0.06944444444444445,3.0
86301093#3,6000,60,120,15,0.20833333333333334,0.06944444444444445,3.0
86301093#3,6000,75,120,15,0.20833333333333334,0.07241485591000153,2.876941902532454
86301093#3,6000,90,120,15,0.2388888888888889,0.09544228694714131,2.502966939813507
86301093#3,6120,0,120,15,0.16666666666666666,0.06944444444444445,2.4
86301093#3,6120,15,120,15,0.16666666666666666,0.05555555555555556,2.9999999999999996
86301093#3,6120,30,120,15,0.16666666666666666,0.05555555555555556,2.9999999999999996
86301093#3,6120,45,120,15,0.16666666666666666,0.05555555555555556,2.9999999999999996
86301093#3,6120,60,120,15,0.16666666666666666,0.05555555555555556,2.9999999999999996
86301093#3,6120,75,120,15,0.16666666666666666,0.05555555555555556,2.9999999999999996
86301093#3,6120,90,120,15,0.16666666666666666,0.05555555555555556,2.9999999999999996
86301093#3,6240,0,120,15,0.125,0.050925925925925083,2.454545454545495
86301093#3,6240,15,120,15,0.125,0.041666666666666664,3.0
86301093#3,6240,30,120,15,0.125,0.041666666666666664,3.0
86301093#3,6240,45,120,15,0.125,0.041666666666666664,3.0
86301093#3,6240,60,120,15,0.125,0.041666666666666664,3.0
86301093#3,6240,75,120,15,0.125,0.041666666666666664,3.0
86301093#3,6240,90,120,15,0.125,0.041666666666666664,3.0
86301093#3,6360,0,120,15,0.16666666666666666,0.06111111111110978,2.7272727272727866
86301093#3,6360,15,120,15,0.16666666666666666,0.05555555555555556,2.9999999999999996
86301093#3,6360,30,120,15,0.16666666666666666,0.05555555555555556,2.9999999999999996
86301093#3,6360,45,120,15,0.16666666666666666,0.05555555555555556,2.9999999999999996
86301093#3,6360,60,120,15,0.16666666666666666,0.05555555555555556,2.9999999999999996
86301093#3,6360,75,120,15,0.16666666666666666,0.05555555555555556,2.9999999999999996
86301093#3,6360,90,120,15,0.16666666666666666,0.05555555555555556,2.9999999999999996
86301093#3,6480,0,120,15,0.041666666666666664,0.01388888888888926,2.9999999999999196
86301093#3,6480,15,120,15,0.041666666666666664,0.01388888888888889,2.9999999999999996
86301093#3,6480,30,120,15,0.041666666666666664,0.01388888888888889,2.9999999999999996
86301093#3,6480,45,120,15,0.041666666666666664,0.01388888888888889,2.9999999999999996
86301093#3,6480,60,120,15,0.041666666666666664,0.01388888888888889,2.9999999999999996
86301093#3,6480,75,120,15,0.041666666666666664,0.01388888888888889,2.9999999999999996
86301093#3,6480,90,120,15,0.041666666666666664,0.01388888888888889,2.9999999999999996
86301093#3,6600,0,120,15,0.20833333333333334,0.07552910052909896,2.758318739054348
86301093#3,6600,15,120,15,0.19424603174603175,0.06474867724867725,3.0
86301093#3,6600,30,120,15,0.16666666666666666,0.05555555555555556,2.9999999999999996
86301093#3,6600,45,120,15,0.16666666666666666,0.05555555555555556,2.9999999999999996
86301093#3,6600,60,120,15,0.13869047619047623,0.04623015873015874,3.0
86301093#3,6600,75,120,15,0.125,0.041666666666666664,3.0
86301093#3,6600,90,120,15,0.125,0.041666666666666664,3.0
86301093#3,6720,0,120,15,0.22222222222222224,0.09722222222222222,2.285714285714286
86301093#3,6720,15,120,15,0.2224206349206349,0.07414021164021165,2.9999999999999996
86301093#3,6720,30,120,15,0.25,0.08333333333333333,3.0
86301093#3,6720,45,120,15,0.20833333333333334,0.06944444444444445,3.0
86301093#3,6720,60,120,15,0.23630952380952377,0.07876984126984127,2.9999999999999996
86301093#3,6720,75,120,15,0.2361111111111111,0.0787037037037037,3.0
86301093#3,6720,90,120,15,0.20833333333333334,0.06944444444444445,3.0
86301093#3,6840,0,120,15,0.3194444444444445,0.12500000000000108,2.5555555555555336
86301093#3,6840,15,120,15,0.31884920634920627,0.10628306878306877,2.9999999999999996
86301093#3,6840,30,120,15,0.2916666666666667,0.09722222222222222,3.0
86301093#3,6840,45,120,15,0.3333333333333333,0.11111111111111112,2.9999999999999996
86301093#3,6840,60,120,15,0.3049603174603174,0.10165343915343916,2.999999999999999
86301093#3,6840,75,120,15,0.3055555555555555,0.10493827160493827,2.911764705882353
86301093#3,6840,90,120,15,0.3327380952380952,0.12727072310405643,2.6144119175472023
86301093#3,6960,0,120,15,0.16666666666666666,0.055753968253968014,2.9893238434163827
86301093#3,6960,15,120,15,0.18115079365079367,0.06038359788359789,3.0
86301093#3,6960,30,120,15,0.20833333333333334,0.06944444444444445,3.0
86301093#3,6960,45,120,15,0.20833333333333334,0.06956902916205242,2.9946275784307224
86301093#3,6960,60,120,15,0.23670634920634923,0.08413467454165129,2.8134220580976583
86301093#3,6960,75,120,15,0.25,0.08636489479512735,2.894694662606187
86301093#3,6960,90,120,15,0.2505952380952381,0.08585732742709487,2.9187402590422957
86301093#3,7080,0,120,15,0.08333333333333333,0.027777777777778023,2.9999999999999734
86301093#3,7080,15,120,15,0.08333333333333333,0.027777777777777776,3.0
86301093#3,7080,30,120,15,0.08333333333333333,0.02777777777777778,2.9999999999999996
86301093#3,7080,45,120,15,0.08333333333333333,0.02777777777777778,2.9999999999999996
86301093#3,7080,60,120,15,0.08333333333333333,0.027777777777777776,3.0
86301093#3,7080,75,120,15,0.08333333333333333,0.02777777777777778,2.9999999999999996
86301093#3,7080,90,120,15,0.08333333333333333,0.02777777777777778,2.9999999999999996
86301093#6,0,0,120,15,0.0,0.0,3.0
86301093#6,0,15,120,15,0.0,0.0,3.0
86301093#6,0,30,120,15,0.0,0.0,3.0
86301093#6,0,45,120,15,0.0,0.0,3.0
86301093#6,0,60,120,15,0.0,0.0,3.0
86301093#6,0,75,120,15,0.0,0.0,3.0
86301093#6,0,90,120,15,0.0,0.0,3.0
86301093#6,0,105,120,15,0.0,0.0,3.0
86301093#6,120,0,120,15,0.0,0.0,3.0
86301093#6,120,15,120,15,0.0,0.0,3.0
86301093#6,120,30,120,15,0.0,0.0,3.0
86301093#6,120,45,120,15,0.0,0.0,3.0
86301093#6,120,60,120,15,0.0,0.0,3.0
86301093#6,120,75,120,15,0.0,0.0,3.0
86301093#6,120,90,120,15,0.0,0.0,3.0
86301093#6,120,105,120,15,0.0,0.0,3.0
86301093#6,240,0,120,15,0.08333333333333333,0.027777777777777745,3.0000000000000036
86301093#6,240,15,120,15,0.08333333333333333,0.02777777777777778,2.9999999999999996
86301093#6,240,30,120,15,0.08333333333333333,0.02777777777777778,2.9999999999999996
86301093#6,240,45,120,15,0.08333333333333333,0.02777777777777778,2.9999999999999996
86301093#6,240,60,120,15,0.08333333333333333,0.027777777777777776,3.0
86301093#6,240,75,120,15,0.08333333333333333,0.02777777777777778,2.9999999999999996
86301093#6,240,90,120,15,0.08333333333333333,0.02777777777777778,2.9999999999999996
86301093#6,240,105,120,15,0.08333333333333333,0.027777777777777814,2.999999999999996
86301093#6,360,0,120,15,0.125,0.05092592592592587,2.4545454545454573
86301093#6,360,15,120,15,0.125,0.041666666666666664,3.0
86301093#6,360,30,120,15,0.125,0.041666666666666664,3.0
86301093#6,360,45,120,15,0.125,0.041666666666666664,3.0
86301093#6,360,60,120,15,0.125,0.041666666666666664,3.0
86301093#6,360,75,120,15,0.125,0.041666666666666664,3.0
86301093#6,360,90,120,15,0.09722222222222222,0.032407407407407406,3.0
86301093#6,360,105,120,15,0.08333333333333333,0.027777777777777832,2.9999999999999942
86301093#6,480,0,120,15,0.08333333333333333,0.02777777777777797,2.999999999999979
86301093#6,480,15,120,15,0.08333333333333333,0.02777777777777778,2.9999999999999996
86301093#6,480,30,120,15,0.08333333333333333,0.02777777777777778,2.9999999999999996
86301093#6,480,45,120,15,0.08333333333333333,0.02777777777777778,2.9999999999999996
86301093#6,480,60,120,15,0.05238095238095238,0.017460317460317457,3.0000000000000004
86301093#6,480,75,120,15,0.041666666666666664,0.01388888888888889,2.9999999999999996
86301093#6,480,90,120,15,0.06944444444444445,0.023148148148148147,3.0000000000000004
86301093#6,480,105,120,15,0.0533730158730159,0.02242063492063493,2.3805309734513274
86301093#6,600,0,120,15,0.041666666666666664,0.013888888888888772,3.0000000000000253
86301093#6,600,15,120,15,0.041666666666666664,0.01388888888888889,2.9999999999999996
86301093#6,600,30,120,15,0.041666666666666664,0.01388888888888889,2.9999999999999996
86301093#6,600,45,120,15,0.041666666666666664,0.01388888888888889,2.9999999999999996
86301093#6,600,60,120,15,0.07261904761904762,0.024206349206349207,3.0
86301093#6,600,75,120,15,0.08333333333333333,0.02777777777777778,2.9999999999999996
86301093#6,600,90,120,15,0.08333333333333333,0.02777777777777778,2.9999999999999996
86301093#6,600,105,120,15,0.11329365079365078,0.04246031746031727,2.6682242990654323
86301093#6,720,0,120,15,0.0,0.0,3.0
86301093#6,720,15,120,15,0.0,0.0,3.0
86301093#6,720,30,120,15,0.0,0.0,3.0
86301093#6,720,45,120,15,0.0,0.0,3.0
86301093#6,720,60,120,15,0.0,0.0,3.0
86301093#6,720,75,120,15,0.0,0.0,3.0
86301093#6,720,90,120,15,0.0,0.0,3.0
86301093#6,720,105,120,15,0.0,0.0,3.0
86301093#6,840,0,120,15,0.01607142857142855,0.005357142857142902,2.9999999999999707
86301093#6,840,15,120,15,0.0,0.0,3.0
86301093#6,840,30,120,15,0.0,0.0,3.0
86301093#6,840,45,120,15,0.0,0.0,3.0
86301093#6,840,60,120,15,0.0,0.0,3.0
86301093#6,840,75,120,15,0.0,0.0,3.0
86301093#6,840,90,120,15,0.0,0.0,3.0
86301093#6,840,105,120,15,0.0,0.0,3.0
86301093#6,960,0,120,15,0.15059523809523812,0.0501984126984124,3.000000000000018
86301093#6,960,15,120,15,0.16666666666666666,0.05555555555555556,2.9999999999999996
86301093#6,960,30,120,15,0.16666666666666666,0.05555555555555556,2.9999999999999996
86301093#6,960,45,120,15,0.16666666666666666,0.05555555555555556,2.9999999999999996
86301093#6,960,60,120,15,0.16666666666666666,0.05555555555555556,2.9999999999999996
86301093#6,960,75,120,15,0.16666666666666666,0.05555555555555556,2.9999999999999996
86301093#6,960,90,120,15,0.16666666666666666,0.05555555555555556,2.9999999999999996
86301093#6,960,105,120,15,0.16666666666666666,0.05555555555555581,2.9999999999999862
86301093#6,1080,0,120,15,0.08333333333333333,0.02777777777777719,3.0000000000000635
86301093#6,1080,15,120,15,0.08333333333333333,0.02777777777777778,2.9999999999999996
86301093#6,1080,30,120,15,0.08333333333333333,0.02777777777777778,2.9999999999999996
86301093#6,1080,45,120,15,0.08333333333333333,0.02777777777777778,2.9999999999999996
86301093#6,1080,60,120,15,0.08333333333333333,0.027777777777777783,2.999999999999999
86301093#6,1080,75,120,15,0.08333333333333333,0.027777777777777783,2.999999999999999
86301093#6,1080,90,120,15,0.08333333333333333,0.02777777777777778,2.9999999999999996
86301093#6,1080,105,120,15,0.08333333333333333,0.027777777777778352,2.999999999999938
86301093#6,1200,0,120,15,0.25,0.08333333333333268,3.0000000000000235
86301093#6,1200,15,120,15,0.25,0.08333333333333333,3.0
86301093#6,1200,30,120,15,0.25,0.08333333333333333,3.0
86301093#6,1200,45,120,15,0.25,0.08333333333333333,3.0
86301093#6,1200,60,120,15,0.25,0.08333333333333333,3.0
86301093#6,1200,75,120,15,0.25,0.08333333333333333,3.0
86301093#6,1200,90,120,15,0.2119047619047619,0.07063492063492062,3.0000000000000004
86301093#6,1200,105,120,15,0.20833333333333334,0.06944444444444482,2.999999999999984
86301093#6,1320,0,120,15,0.16666666666666666,0.059821428571428775,2.786069651741284
86301093#6,1320,15,120,15,0.16666666666666666,0.05555555555555556,2.9999999999999996
86301093#6,1320,30,120,15,0.16666666666666666,0.05555555555555556,2.9999999999999996
86301093#6,1320,45,120,15,0.1538690476190476,0.05128968253968252,3.000000000000001
86301093#6,1320,60,120,15,0.125,0.041666666666666664,3.0
86301093#6,1320,75,120,15,0.125,0.041666666666666664,3.0
86301093#6,1320,90,120,15,0.13640873015873017,0.04546957671957672,3.0
86301093#6,1320,105,120,15,0.125,0.04166666666666672,2.999999999999996
86301093#6,1440,0,120,15,0.125,0.041666666666666345,3.000000000000023
86301093#6,1440,15,120,15,0.125,0.041666666666666664,3.0
86301093#6,1440,30,120,15,0.125,0.041666666666666664,3.0
86301093#6,1440,45,120,15,0.13779761904761906,0.04593253968253969,2.9999999999999996
86301093#6,1440,60,120,15,0.16666666666666666,0.05555555555555555,3.0
86301093#6,1440,75,120,15,0.16666666666666666,0.05555555555555556,2.9999999999999996
86301093#6,1440,90,120,15,0.19335317460317464,0.0644510582010582,3.0000000000000004
86301093#6,1440,105,120,15,0.20833333333333334,0.0694444444444446,2.9999999999999933
86301093#6,1560,0,120,15,0.125,0.0416666666666666,3.000000000000005
86301093#6,1560,15,120,15,0.125,0.041666666666666664,3.0
86301093#6,1560,30,120,15,0.125,0.041666666666666664,3.0
86301093#6,1560,45,120,15,0.125,0.041666666666666664,3.0
86301093#6,1560,60,120,15,0.125,0.041666666666666664,3.0
86301093#6,1560,75,120,15,0.125,0.041666666666666664,3.0
86301093#6,1560,90,120,15,0.125,0.041666666666666664,3.0
86301093#6,1560,105,120,15,0.125,0.04907407407407435,2.54716981132074
86301093#6,1680,0,120,15,0.125,0.04626322751322696,2.701929949964293
86301093#6,1680,15,120,15,0.125,0.041666666666666664,3.0
86301093#6,1680,30,120,15,0.125,0.041666666666666664,3.0
86301093#6,1680,45,120,15,0.125,0.041666666666666664,3.0
86301093#6,1680,60,120,15,0.125,0.04166666666666667,2.9999999999999996
86301093#6,1680,75,120,15,0.125,0.041666666666666664,3.0
86301093#6,1680,90,120,15,0.125,0.041666666666666664,3.0
86301093#6,1680,105,120,15,0.125,0.041666666666667275,2.999999999999956
86301093#6,1800,0,120,15,0.041666666666666664,0.013888888888888612,3.0000000000000595
86301093#6,1800,15,120,15,0.035863095238095256,0.011954365079365085,3.0
86301093#6,1800,30,120,15,0.0,0.0,3.0
86301093#6,1800,45,120,15,0.0,0.0,3.0
86301093#6,1800,60,120,15,0.0,0.0,3.0
86301093#6,1800,75,120,15,0.0,0.0,3.0
86301093#6,1800,90,120,15,0.0,0.0,3.0
86301093#6,1800,105,120,15,0.0,0.0,3.0
86301093#6,1920,0,120,15,0.125,0.062119708994708984,2.0122438115517705
86301093#6,1920,15,120,15,0.1308035714285714,0.043601190476190474,2.9999999999999996
86301093#6,1920,30,120,15,0.16666666666666666,0.05555555555555556,2.9999999999999996
86301093#6,1920,45,120,15,0.16666666666666666,0.05555555555555556,2.9999999999999996
86301093#6,1920,60,120,15,0.16666666666666666,0.05555555555555556,2.9999999999999996
86301093#6,1920,75,120,15,0.16666666666666666,0.05555555555555556,2.9999999999999996
86301093#6,1920,90,120,15,0.16666666666666666,0.05555555555555556,2.9999999999999996
86301093#6,1920,105,120,15,0.1388888888888889,0.04629629629629664,2.999999999999978
86301093#6,2040,0,120,15,0.041666666666666664,0.013888888888889249,2.9999999999999223
86301093#6,2040,15,120,15,0.041666666666666664,0.01388888888888889,2.9999999999999996
86301093#6,2040,30,120,15,0.041666666666666664,0.01388888888888889,2.9999999999999996
86301093#6,2040,45,120,15,0.041666666666666664,0.01388888888888889,2.9999999999999996
86301093#6,2040,60,120,15,0.041666666666666664,0.013888888888888893,2.9999999999999987
86301093#6,2040,75,120,15,0.041666666666666664,0.013888888888888892,2.999999999999999
86301093#6,2040,90,120,15,0.041666666666666664,0.01388888888888889,2.9999999999999996
86301093#6,2040,105,120,15,0.06944444444444445,0.02314814814814757,3.000000000000075
86301093#6,2160,0,120,15,0.125,0.04166666666666698,2.999999999999978
86301093#6,2160,15,120,15,0.09593253968253966,0.03197751322751322,3.0
86301093#6,2160,30,120,15,0.08333333333333333,0.02777777777777778,2.9999999999999996
86301093#6,2160,45,120,15,0.08333333333333333,0.02777777777777778,2.9999999999999996
86301093#6,2160,60,120,15,0.08333333333333333,0.02777777777777778,2.9999999999999996
86301093#6,2160,75,120,15,0.08333333333333333,0.02777777777777778,2.9999999999999996
86301093#6,2160,90,120,15,0.08333333333333333,0.02777777777777778,2.9999999999999996
86301093#6,2160,105,120,15,0.08333333333333333,0.028273809523809108,2.947368421052675
86301093#6,2280,0,120,15,0.0,0.0,3.0
86301093#6,2280,15,120,15,0.02906746031746034,0.009689153439153447,3.0
86301093#6,2280,30,120,15,0.041666666666666664,0.01388888888888889,2.9999999999999996
86301093#6,2280,45,120,15,0.041666666666666664,0.01388888888888889,2.9999999999999996
86301093#6,2280,60,120,15,0.041666666666666664,0.01388888888888889,2.9999999999999996
86301093#6,2280,75,120,15,0.041666666666666664,0.01388888888888889,2.9999999999999996
86301093#6,2280,90,120,15,0.041666666666666664,0.01388888888888889,2.9999999999999996
86301093#6,2280,105,120,15,0.041666666666666664,0.013888888888889363,2.9999999999998974
86301093#6,2400,0,120,15,0.2263888888888889,0.09907407407407365,2.2850467289719725
86301093#6,2400,15,120,15,0.20833333333333334,0.06944444444444445,3.0
86301093#6,2400,30,120,15,0.20833333333333334,0.06944444444444445,3.0
86301093#6,2400,45,120,15,0.17083333333333334,0.05694444444444444,3.0
86301093#6,2400,60,120,15,0.16666666666666666,0.05555555555555556,2.9999999999999996
86301093#6,2400,75,120,15,0.15694444444444444,0.052314814814814814,3.0
86301093#6,2400,90,120,15,0.125,0.041666666666666664,3.0
86301093#6,2400,105,120,15,0.125,0.04166666666666709,2.99999999999997
86301093#6,2520,0,120,15,0.27361111111111114,0.1098875661375655,2.489918748119184
86301093#6,2520,15,120,15,0.2569444444444444,0.08564814814814814,3.0
86301093#6,2520,30,120,15,0.25,0.09490740740740741,2.6341463414634143
86301093#6,2520,45,120,15,0.24583333333333332,0.08194444444444444,3.0
86301093#6,2520,60,120,15,0.2361111111111111,0.10416666666666667,2.2666666666666666
86301093#6,2520,75,120,15,0.21805555555555556,0.07488856273102848,2.911733749500962
86301093#6,2520,90,120,15,0.22222222222222224,0.11777016742770166,1.8869143780290796
86301093#6,2520,105,120,15,0.20833333333333334,0.07853835978836034,2.65263157894735
86301093#6,2640,0,120,15,0.22222222222222224,0.09722222222222222,2.285714285714286
86301093#6,2640,15,120,15,0.24305555555555555,0.12037037037037038,2.019230769230769
86301093#6,2640,30,120,15,0.25,0.08333333333333333,3.0
86301093#6,2640,45,120,15,0.25,0.11111111111111112,2.25
86301093#6,2640,60,120,15,0.2638888888888889,0.10185185185185186,2.590909090909091
86301093#6,2640,75,120,15,0.2916666666666667,0.09722222222222222,3.0
86301093#6,2640,90,120,15,0.3090277777777778,0.10300925925925926,3.0
86301093#6,2640,105,120,15,0.2916666666666667,0.09722222222222264,2.999999999999987
86301093#6,2760,0,120,15,0.3611111111111111,0.1550925925925926,2.328358208955224
86301093#6,2760,15,120,15,0.3472222222222222,0.13194444444444445,2.631578947368421
86301093#6,2760,30,120,15,0.3333333333333333,0.11574074074074074,2.88
86301093#6,2760,45,120,15,0.375,0.1388888888888889,2.6999999999999997
86301093#6,2760,60,120,15,0.3333333333333333,0.12962962962962962,2.5714285714285716
86301093#6,2760,75,120,15,0.3333333333333333,0.11342592592592592,2.938775510204082
86301093#6,2760,90,120,15,0.3298611111111111,0.1261574074074074,2.6146788990825685
86301093#6,2760,105,120,15,0.3333333333333333,0.11574074074074117,2.8799999999999892
86301093#6,2880,0,120,15,0.375,0.14884259259259175,2.5194401244168105
86301093#6,2880,15,120,15,0.3645833333333333,0.12152777777777778,3.0
86301093#6,2880,30,120,15,0.375,0.125,3.0
86301093#6,2880,45,120,15,0.3645833333333333,0.12152777777777778,3.0
86301093#6,2880,60,120,15,0.375,0.125,3.0
86301093#6,2880,75,120,15,0.375,0.125,3.0
86301093#6,2880,90,120,15,0.3729166666666667,0.12430555555555554,3.0000000000000004
86301093#6,2880,105,120,15,0.375,0.125,3.0
86301093#6,3000,0,120,15,0.16666666666666666,0.06412037037036995,2.599277978339367
86301093#6,3000,15,120,15,0.16527777777777777,0.055092592592592596,2.9999999999999996
86301093#6,3000,30,120,15,0.16666666666666666,0.05555555555555556,2.9999999999999996
86301093#6,3000,45,120,15,0.17708333333333334,0.059027777777777776,3.0000000000000004
86301093#6,3000,60,120,15,0.1826388888888889,0.06087962962962963,3.0000000000000004
86301093#6,3000,75,120,15,0.16666666666666666,0.05555555555555556,2.9999999999999996
86301093#6,3000,90,120,15,0.1826388888888889,0.06087962962962963,3.0000000000000004
86301093#6,3000,105,120,15,0.16875,0.057407407407407414,2.939516129032258
86301093#6,3120,0,120,15,0.16666666666666666,0.05555555555555621,2.9999999999999645
86301093#6,3120,15,120,15,0.20625,0.06875,2.9999999999999996
86301093#6,3120,30,120,15,0.20833333333333334,0.06944444444444443,3.0000000000000004
86301093#6,3120,45,120,15,0.18670634920634924,0.06223544973544974,3.0000000000000004
86301093#6,3120,60,120,15,0.1923611111111111,0.06412037037037037,3.0
86301093#6,3120,75,120,15,0.20833333333333334,0.06944444444444445,3.0
86301093#6,3120,90,120,15,0.20833333333333334,0.06944444444444445,3.0
86301093#6,3120,105,120,15,0.24791666666666667,0.08931878306878295,2.775638652350985
86301093#6,3240,0,120,15,0.01468253968253966,0.004894179894179413,3.0000000000002904
86301093#6,3240,15,120,15,0.0,0.0,3.0
86301093#6,3240,30,120,15,0.0,0.0,3.0
86301093#6,3240,45,120,15,0.021626984126984106,0.007208994708994702,3.0
86301093#6,3240,60,120,15,0.041666666666666664,0.01388888888888889,2.9999999999999996
86301093#6,3240,75,120,15,0.041666666666666664,0.01388888888888889,2.9999999999999996
86301093#6,3240,90,120,15,0.041666666666666664,0.01388888888888889,2.9999999999999996
86301093#6,3240,105,120,15,0.041666666666666664,0.013888888888888834,3.0000000000000115
86301093#6,3360,0,120,15,0.151984126984127,0.05502645502645494,2.7620192307692357
86301093#6,3360,15,120,15,0.14375,0.04791666666666667,2.9999999999999996
86301093#6,3360,30,120,15,0.125,0.041666666666666664,3.0
86301093#6,3360,45,120,15,0.125,0.041666666666666664,3.0
86301093#6,3360,60,120,15,0.125,0.041666666666666664,3.0
86301093#6,3360,75,120,15,0.125,0.041666666666666664,3.0
86301093#6,3360,90,120,15,0.125,0.041666666666666664,3.0
86301093#6,3360,105,120,15,0.125,0.04166666666666687,2.9999999999999853
86301093#6,3480,0,120,15,0.20833333333333334,0.08657407407407361,2.4064171122994784
86301093#6,3480,15,120,15,0.23125,0.07708333333333334,3.0
86301093#6,3480,30,120,15,0.21329365079365076,0.07109788359788359,3.0
86301093#6,3480,45,120,15,0.20833333333333334,0.06944444444444445,3.0
86301093#6,3480,60,120,15,0.20833333333333334,0.06944444444444445,3.0
86301093#6,3480,75,120,15,0.20833333333333334,0.06944444444444445,3.0
86301093#6,3480,90,120,15,0.16875,0.05625,3.0
86301093#6,3480,105,120,15,0.16666666666666666,0.05555555555555556,2.9999999999999996
86301093#6,3600,0,120,15,0.16666666666666666,0.055555555555555886,2.9999999999999822
86301093#6,3600,15,120,15,0.16666666666666666,0.05555555555555556,2.9999999999999996
86301093#6,3600,30,120,15,0.2033730158730159,0.0677910052910053,3.0
86301093#6,3600,45,120,15,0.20833333333333334,0.06944444444444445,3.0
86301093#6,3600,60,120,15,0.20833333333333334,0.06944444444444445,3.0
86301093#6,3600,75,120,15,0.20833333333333334,0.06944444444444445,3.0
86301093#6,3600,90,120,15,0.24791666666666667,0.0935515873015873,2.6500530222693532
86301093#6,3600,105,120,15,0.25,0.0942460317460322,2.652631578947356
86301093#6,3720,0,120,15,0.041666666666666664,0.013888888888888782,3.0000000000000226
86301093#6,3720,15,120,15,0.041666666666666664,0.01388888888888889,2.9999999999999996
86301093#6,3720,30,120,15,0.041666666666666664,0.01388888888888889,2.9999999999999996
86301093#6,3720,45,120,15,0.041666666666666664,0.01388888888888889,2.9999999999999996
86301093#6,3720,60,120,15,0.041666666666666664,0.01388888888888889,2.9999999999999996
86301093#6,3720,75,120,15,0.041666666666666664,0.01388888888888889,2.9999999999999996
86301093#6,3720,90,120,15,0.041666666666666664,0.01388888888888889,2.9999999999999996
86301093#6,3720,105,120,15,0.030753968253968207,0.010251322751322735,3.0
86301093#6,3840,0,120,15,0.16666666666666666,0.055555555555556926,2.999999999999926
86301093#6,3840,15,120,15,0.13898809523809524,0.04632936507936509,2.9999999999999996
86301093#6,3840,30,120,15,0.125,0.041666666666666664,3.0
86301093#6,3840,45,120,15,0.125,0.041666666666666664,3.0
86301093#6,3840,60,120,15,0.125,0.041666666666666664,3.0
86301093#6,3840,75,120,15,0.125,0.041666666666666664,3.0
86301093#6,3840,90,120,15,0.125,0.041666666666666664,3.0
86301093#6,3840,105,120,15,0.10823412698412703,0.04632936507936443,2.3361884368308687
86301093#6,3960,0,120,15,0.24990079365079365,0.08789682539682636,2.8431151241534676
86301093#6,3960,15,120,15,0.2776785714285714,0.0925595238095238,3.0
86301093#6,3960,30,120,15,0.2916666666666667,0.09722222222222222,3.0
86301093#6,3960,45,120,15,0.2916666666666667,0.09722222222222222,3.0
86301093#6,3960,60,120,15,0.2916666666666667,0.09722222222222222,3.0
86301093#6,3960,75,120,15,0.26894841269841263,0.08964947089947088,3.0
86301093#6,3960,90,120,15,0.25,0.08333333333333333,3.0
86301093#6,3960,105,120,15,0.2776785714285714,0.09255952380952298,3.000000000000026
86301093#6,4080,0,120,15,0.12708333333333333,0.05069444444444469,2.506849315068481
86301093#6,4080,15,120,15,0.125,0.041666666666666664,3.0
86301093#6,4080,30,120,15,0.125,0.041666666666666664,3.0
86301093#6,4080,45,120,15,0.125,0.041666666666666664,3.0
86301093#6,4080,60,120,15,0.1,0.03333333333333333,3.0
86301093#6,4080,75,120,15,0.10605158730158734,0.03535052910052912,2.9999999999999996
86301093#6,4080,90,120,15,0.125,0.041666666666666664,3.0
86301093#6,4080,105,120,15,0.08611111111111111,0.02870370370370231,3.0000000000001457
86301093#6,4200,0,120,15,0.08125,0.027083333333333334,3.0
86301093#6,4200,15,120,15,0.08333333333333333,0.02777777777777778,2.9999999999999996
86301093#6,4200,30,120,15,0.08333333333333333,0.02777777777777778,2.9999999999999996
86301093#6,4200,45,120,15,0.08333333333333333,0.02777777777777778,2.9999999999999996
86301093#6,4200,60,120,15,0.10833333333333334,0.03611111111111111,3.0000000000000004
86301093#6,4200,75,120,15,0.125,0.041666666666666664,3.0
86301093#6,4200,90,120,15,0.125,0.041666666666666664,3.0
86301093#6,4200,105,120,15,0.1638888888888889,0.05462962962963047,2.999999999999954
86301093#6,4320,0,120,15,0.041666666666666664,0.013888888888888517,3.0000000000000804
86301093#6,4320,15,120,15,0.041666666666666664,0.01388888888888889,2.9999999999999996
86301093#6,4320,30,120,15,0.041666666666666664,0.01388888888888889,2.9999999999999996
86301093#6,4320,45,120,15,0.041666666666666664,0.01388888888888889,2.9999999999999996
86301093#6,4320,60,120,15,0.041666666666666664,0.01388888888888889,2.9999999999999996
86301093#6,4320,75,120,15,0.041666666666666664,0.01388888888888889,2.9999999999999996
86301093#6,4320,90,120,15,0.041666666666666664,0.01388888888888889,2.9999999999999996
86301093#6,4320,105,120,15,0.041666666666666664,0.01388888888888926,2.9999999999999196
86301093#6,4440,0,120,15,0.041666666666666664,0.013888888888888416,3.000000000000102
86301093#6,4440,15,120,15,0.041666666666666664,0.01388888888888889,2.9999999999999996
86301093#6,4440,30,120,15,0.041666666666666664,0.01388888888888889,2.9999999999999996
86301093#6,4440,45,120,15,0.041666666666666664,0.01388888888888889,2.9999999999999996
86301093#6,4440,60,120,15,0.041666666666666664,0.01388888888888889,2.9999999999999996
86301093#6,4440,75,120,15,0.041666666666666664,0.01388888888888889,2.9999999999999996
86301093#6,4440,90,120,15,0.041666666666666664,0.01388888888888889,2.9999999999999996
86301093#6,4440,105,120,15,0.041666666666666664,0.013888888888889363,2.9999999999998974
86301093#6,4560,0,120,15,0.25,0.08333333333333563,2.9999999999999174
86301093#6,4560,15,120,15,0.22748015873015873,0.07582671957671958,3.0
86301093#6,4560,30,120,15,0.20833333333333334,0.06944444444444445,3.0
86301093#6,4560,45,120,15,0.20833333333333334,0.06944444444444445,3.0
86301093#6,4560,60,120,15,0.20833333333333334,0.06944444444444445,3.0
86301093#6,4560,75,120,15,0.20833333333333334,0.06944444444444445,3.0
86301093#6,4560,90,120,15,0.18055555555555555,0.06018518518518519,2.9999999999999996
86301093#6,4560,105,120,15,0.16666666666666666,0.05555555555555471,3.0000000000000453
86301093#6,4680,0,120,15,0.0,0.0,3.0
86301093#6,4680,15,120,15,0.022519841269841277,0.007506613756613758,3.0000000000000004
86301093#6,4680,30,120,15,0.041666666666666664,0.013888888888888892,2.999999999999999
86301093#6,4680,45,120,15,0.041666666666666664,0.01388888888888889,2.9999999999999996
86301093#6,4680,60,120,15,0.041666666666666664,0.01388888888888889,2.9999999999999996
86301093#6,4680,75,120,15,0.041666666666666664,0.01388888888888889,2.9999999999999996
86301093#6,4680,90,120,15,0.06944444444444445,0.023148148148148147,3.0000000000000004
86301093#6,4680,105,120,15,0.08333333333333333,0.02777777777777633,3.0000000000001563
86301093#6,4800,0,120,15,0.041666666666666664,0.013888888888888517,3.0000000000000804
86301093#6,4800,15,120,15,0.041666666666666664,0.01388888888888889,2.9999999999999996
86301093#6,4800,30,120,15,0.041666666666666664,0.01388888888888889,2.9999999999999996
86301093#6,4800,45,120,15,0.041666666666666664,0.01388888888888889,2.9999999999999996
86301093#6,4800,60,120,15,0.021428571428571453,0.0071428571428571504,3.0000000000000004
86301093#6,4800,75,120,15,0.0,0.0,3.0
86301093#6,4800,90,120,15,0.0,0.0,3.0
86301093#6,4800,105,120,15,0.0,0.0,3.0
86301093#6,4920,0,120,15,0.08333333333333333,0.030390211640210923,2.742110990206811
86301093#6,4920,15,120,15,0.08333333333333333,0.027777777777777776,3.0
86301093#6,4920,30,120,15,0.08333333333333333,0.027777777777777776,3.0
86301093#6,4920,45,120,15,0.08333333333333333,0.02777777777777778,2.9999999999999996
86301093#6,4920,60,120,15,0.10357142857142855,0.03452380952380952,3.0
86301093#6,4920,75,120,15,0.125,0.041666666666666664,3.0
86301093#6,4920,90,120,15,0.125,0.041666666666666664,3.0
86301093#6,4920,105,120,15,0.125,0.04166666666666764,2.99999999999993
86301093#6,5040,0,120,15,0.041666666666666664,0.013888888888888047,3.0000000000001816
86301093#6,5040,15,120,15,0.041666666666666664,0.01388888888888889,2.9999999999999996
86301093#6,5040,30,120,15,0.041666666666666664,0.01388888888888889,2.9999999999999996
86301093#6,5040,45,120,15,0.041666666666666664,0.01388888888888889,2.9999999999999996
86301093#6,5040,60,120,15,0.041666666666666664,0.01388888888888889,2.9999999999999996
86301093#6,5040,75,120,15,0.041666666666666664,0.01388888888888889,2.9999999999999996
86301093#6,5040,90,120,15,0.041666666666666664,0.01388888888888889,2.9999999999999996
86301093#6,5040,105,120,15,0.041666666666666664,0.01388888888888973,2.9999999999998184
86301093#6,5160,0,120,15,0.041666666666666664,0.01388888888888889,2.9999999999999996
86301093#6,5160,15,120,15,0.041666666666666664,0.01388888888888889,2.9999999999999996
86301093#6,5160,30,120,15,0.041666666666666664,0.01388888888888889,2.9999999999999996
86301093#6,5160,45,120,15,0.041666666666666664,0.01388888888888889,2.9999999999999996
86301093#6,5160,60,120,15,0.041666666666666664,0.01388888888888889,2.9999999999999996
86301093#6,5160,75,120,15,0.010416666666666666,0.0034722222222222225,2.9999999999999996
86301093#6,5160,90,120,15,0.0,0.0,3.0
86301093#6,5160,105,120,15,0.0,0.0,3.0
86301093#6,5280,0,120,15,0.18055555555555555,0.06944444444444481,2.5999999999999863
86301093#6,5280,15,120,15,0.16666666666666666,0.05555555555555556,2.9999999999999996
86301093#6,5280,30,120,15,0.16666666666666666,0.05555555555555556,2.9999999999999996
86301093#6,5280,45,120,15,0.125,0.041666666666666664,3.0
86301093#6,5280,60,120,15,0.125,0.041666666666666664,3.0
86301093#6,5280,75,120,15,0.15625,0.052083333333333336,3.0
86301093#6,5280,90,120,15,0.16666666666666666,0.05555555555555556,2.9999999999999996
86301093#6,5280,105,120,15,0.16666666666666666,0.055555555555555206,3.0000000000000187
86301093#6,5400,0,120,15,0.2361111111111111,0.08333333333333276,2.8333333333333526
86301093#6,5400,15,120,15,0.25,0.08333333333333333,3.0
86301093#6,5400,30,120,15,0.25,0.08333333333333333,3.0
86301093#6,5400,45,120,15,0.26398809523809524,0.08799603174603177,2.9999999999999996
86301093#6,5400,60,120,15,0.25,0.08333333333333333,3.0
86301093#6,5400,75,120,15,0.25,0.08333333333333333,3.0
86301093#6,5400,90,120,15,0.25,0.08333333333333333,3.0
86301093#6,5400,105,120,15,0.25,0.09358465608465691,2.671378091872768
86301093#6,5520,0,120,15,0.20833333333333334,0.0787037037037037,2.6470588235294117
86301093#6,5520,15,120,15,0.20833333333333334,0.06944444444444445,3.0
86301093#6,5520,30,120,15,0.18055555555555555,0.06018518518518519,2.9999999999999996
86301093#6,5520,45,120,15,0.19434523809523807,0.06478174603174602,3.0
86301093#6,5520,60,120,15,0.20833333333333334,0.06944444444444445,3.0
86301093#6,5520,75,120,15,0.16666666666666666,0.05555555555555556,2.9999999999999996
86301093#6,5520,90,120,15,0.16666666666666666,0.05555555555555556,2.9999999999999996
86301093#6,5520,105,120,15,0.16666666666666666,0.055555555555555206,3.0000000000000187
86301093#6,5640,0,120,15,0.16666666666666666,0.05555555555555303,3.0000000000001363
86301093#6,5640,15,120,15,0.1277777777777778,0.0425925925925926,3.0
86301093#6,5640,30,120,15,0.15277777777777776,0.05092592592592593,2.9999999999999996
86301093#6,5640,45,120,15,0.16666666666666666,0.05555555555555556,2.9999999999999996
86301093#6,5640,60,120,15,0.1277777777777778,0.0425925925925926,3.0
86301093#6,5640,75,120,15,0.16666666666666666,0.05555555555555556,2.9999999999999996
86301093#6,5640,90,120,15,0.16666666666666666,0.05555555555555556,2.9999999999999996
86301093#6,5640,105,120,15,0.16666666666666666,0.05555555555555556,2.9999999999999996
86301093#6,5760,0,120,15,0.041666666666666664,0.013888888888888168,3.0000000000001554
86301093#6,5760,15,120,15,0.08055555555555555,0.02685185185185185,3.0
86301093#6,5760,30,120,15,0.08333333333333333,0.02777777777777778,2.9999999999999996
86301093#6,5760,45,120,15,0.08333333333333333,0.02777777777777778,2.9999999999999996
86301093#6,5760,60,120,15,0.12222222222222222,0.04074074074074074,3.0
86301093#6,5760,75,120,15,0.125,0.041666666666666664,3.0
86301093#6,5760,90,120,15,0.125,0.041666666666666664,3.0
86301093#6,5760,105,120,15,0.125,0.04259259259259416,2.934782608695544
86301093#6,5880,0,120,15,0.041666666666666664,0.01388888888888889,2.9999999999999996
86301093#6,5880,15,120,15,0.041666666666666664,0.01388888888888889,2.9999999999999996
86301093#6,5880,30,120,15,0.041666666666666664,0.01388888888888889,2.9999999999999996
86301093#6,5880,45,120,15,0.041666666666666664,0.01388888888888889,2.9999999999999996
86301093#6,5880,60,120,15,0.041666666666666664,0.01388888888888889,2.9999999999999996
86301093#6,5880,75,120,15,0.041666666666666664,0.01388888888888889,2.9999999999999996
86301093#6,5880,90,120,15,0.041666666666666664,0.01388888888888889,2.9999999999999996
86301093#6,5880,105,120,15,0.041666666666666664,0.01388888888888889,2.9999999999999996
86301093#6,6000,0,120,15,0.125,0.04166666666666643,3.0000000000000173
86301093#6,6000,15,120,15,0.125,0.041666666666666664,3.0
86301093#6,6000,30,120,15,0.125,0.041666666666666664,3.0
86301093#6,6000,45,120,15,0.125,0.041666666666666664,3.0
86301093#6,6000,60,120,15,0.125,0.041666666666666664,3.0
86301093#6,6000,75,120,15,0.125,0.041666666666666664,3.0
86301093#6,6000,90,120,15,0.125,0.041666666666666664,3.0
86301093#6,6000,105,120,15,0.125,0.0416666666666669,2.999999999999983
86301093#6,6120,0,120,15,0.041666666666666664,0.01388888888888889,2.9999999999999996
86301093#6,6120,15,120,15,0.041666666666666664,0.01388888888888889,2.9999999999999996
86301093#6,6120,30,120,15,0.041666666666666664,0.01388888888888889,2.9999999999999996
86301093#6,6120,45,120,15,0.041666666666666664,0.01388888888888889,2.9999999999999996
86301093#6,6120,60,120,15,0.041666666666666664,0.01388888888888889,2.9999999999999996
86301093#6,6120,75,120,15,0.041666666666666664,0.01388888888888889,2.9999999999999996
86301093#6,6120,90,120,15,0.041666666666666664,0.01388888888888889,2.9999999999999996
86301093#6,6120,105,120,15,0.041666666666666664,0.01388888888888889,2.9999999999999996
86301093#6,6240,0,120,15,0.08333333333333333,0.02777777777777766,3.000000000000013
86301093#6,6240,15,120,15,0.06755952380952382,0.022519841269841277,2.9999999999999996
86301093#6,6240,30,120,15,0.041666666666666664,0.01388888888888889,2.9999999999999996
86301093#6,6240,45,120,15,0.041666666666666664,0.01388888888888889,2.9999999999999996
86301093#6,6240,60,120,15,0.041666666666666664,0.01388888888888889,2.9999999999999996
86301093#6,6240,75,120,15,0.041666666666666664,0.01388888888888889,2.9999999999999996
86301093#6,6240,90,120,15,0.041666666666666664,0.01388888888888889,2.9999999999999996
86301093#6,6240,105,120,15,0.041666666666666664,0.01388888888888973,2.9999999999998184
86301093#6,6360,0,120,15,0.08333333333333333,0.02777777777777741,3.0000000000000395
86301093#6,6360,15,120,15,0.09910714285714285,0.033035714285714286,3.0
86301093#6,6360,30,120,15,0.125,0.041666666666666664,3.0
86301093#6,6360,45,120,15,0.125,0.041666666666666664,3.0
86301093#6,6360,60,120,15,0.125,0.041666666666666664,3.0
86301093#6,6360,75,120,15,0.11111111111111112,0.03703703703703704,3.0
86301093#6,6360,90,120,15,0.08333333333333333,0.02777777777777778,2.9999999999999996
86301093#6,6360,105,120,15,0.08333333333333333,0.027777777777776576,3.0000000000001297
86301093#6,6480,0,120,15,0.08333333333333333,0.027777777777777186,3.0000000000000635
86301093#6,6480,15,120,15,0.08333333333333333,0.02777777777777778,2.9999999999999996
86301093#6,6480,30,120,15,0.08333333333333333,0.02777777777777778,2.9999999999999996
86301093#6,6480,45,120,15,0.08333333333333333,0.02777777777777778,2.9999999999999996
86301093#6,6480,60,120,15,0.08333333333333333,0.02777777777777778,2.9999999999999996
86301093#6,6480,75,120,15,0.09722222222222222,0.032407407407407406,3.0
86301093#6,6480,90,120,15,0.125,0.041666666666666664,3.0
86301093#6,6480,105,120,15,0.09801587301587299,0.03267195767195863,2.999999999999911
86301093#6,6600,0,120,15,0.08333333333333333,0.028240740740741583,2.9508196721310593
86301093#6,6600,15,120,15,0.08333333333333333,0.02777777777777778,2.9999999999999996
86301093#6,6600,30,120,15,0.08333333333333333,0.02777777777777778,2.9999999999999996
86301093#6,6600,45,120,15,0.08333333333333333,0.02777777777777778,2.9999999999999996
86301093#6,6600,60,120,15,0.08333333333333333,0.02777777777777778,2.9999999999999996
86301093#6,6600,75,120,15,0.08333333333333333,0.02777777777777778,2.9999999999999996
86301093#6,6600,90,120,15,0.08333333333333333,0.02777777777777778,2.9999999999999996
86301093#6,6600,105,120,15,0.11031746031746034,0.036772486772487255,2.9999999999999614
86301093#6,6720,0,120,15,0.20833333333333334,0.08407751114444063,2.47787226926149
86301093#6,6720,15,120,15,0.20833333333333334,0.07247010790317879,2.8747484909456733
86301093#6,6720,30,120,15,0.20833333333333334,0.07493386243386244,2.7802294792586055
86301093#6,6720,45,120,15,0.20833333333333334,0.06944444444444445,3.0
86301093#6,6720,60,120,15,0.20833333333333334,0.07493386243386244,2.7802294792586055
86301093#6,6720,75,120,15,0.20833333333333334,0.07190819897512811,2.897212505703174
86301093#6,6720,90,120,15,0.20833333333333334,0.07247010790317879,2.8747484909456733
86301093#6,6720,105,120,15,0.20833333333333334,0.07493386243386159,2.780229479258637
86301093#6,6840,0,120,15,0.0,0.0,3.0
86301093#6,6840,15,120,15,0.0,0.0,3.0
86301093#6,6840,30,120,15,0.0,0.0,3.0
86301093#6,6840,45,120,15,0.0,0.0,3.0
86301093#6,6840,60,120,15,0.0,0.0,3.0
86301093#6,6840,75,120,15,0.0,0.0,3.0
86301093#6,6840,90,120,15,0.0,0.0,3.0
86301093#6,6840,105,120,15,0.0,0.0,3.0
86301093#6,6960,0,120,15,0.041666666666666664,0.013888888888889733,2.9999999999998175
86301093#6,6960,15,120,15,0.041666666666666664,0.01388888888888889,2.9999999999999996
86301093#6,6960,30,120,15,0.041666666666666664,0.01388888888888889,2.9999999999999996
86301093#6,6960,45,120,15,0.041666666666666664,0.01388888888888889,2.9999999999999996
86301093#6,6960,60,120,15,0.041666666666666664,0.01388888888888889,2.9999999999999996
86301093#6,6960,75,120,15,0.041666666666666664,0.01388888888888889,2.9999999999999996
86301093#6,6960,90,120,15,0.041666666666666664,0.01388888888888889,2.9999999999999996
86301093#6,6960,105,120,15,0.041666666666666664,0.013888888888888047,3.0000000000001816
86301093#6,7080,0,120,15,0.0,0.0,3.0
86301093#6,7080,15,120,15,0.0,0.0,3.0
86301093#6,7080,30,120,15,0.0,0.0,3.0
86301093#6,7080,45,120,15,0.0,0.0,3.0
86301093#6,7080,60,120,15,0.0,0.0,3.0
86301093#6,7080,75,120,15,0.0,0.0,3.0
86301093#6,7080,90,120,15,0.0,0.0,3.0
86301093#6,7080,105,120,15,0.0,0.0,3.0
86301093#9,0,0,120,15,0.0,0.0,3.0
86301093#9,0,15,120,15,0.0,0.0,3.0
86301093#9,0,30,120,15,0.0,0.0,3.0
86301093#9,0,45,120,15,0.0,0.0,3.0
86301093#9,0,60,120,15,0.0,0.0,3.0
86301093#9,0,75,120,15,0.0,0.0,3.0
86301093#9,0,90,120,15,0.0,0.0,3.0
86301093#9,120,0,120,15,0.041666666666666664,0.013888888888888878,3.000000000000002
86301093#9,120,15,120,15,0.041666666666666664,0.01388888888888889,2.9999999999999996
86301093#9,120,30,120,15,0.041666666666666664,0.013888888888888888,3.0
86301093#9,120,45,120,15,0.041666666666666664,0.01388888888888889,2.9999999999999996
86301093#9,120,60,120,15,0.041666666666666664,0.01388888888888889,2.9999999999999996
86301093#9,120,75,120,15,0.041666666666666664,0.01388888888888889,2.9999999999999996
86301093#9,120,90,120,15,0.03139880952380953,0.010466269841269842,3.0000000000000004
86301093#9,240,0,120,15,0.125,0.0416666666666666,3.000000000000005
86301093#9,240,15,120,15,0.125,0.041666666666666664,3.0
86301093#9,240,30,120,15,0.08705357142857145,0.02901785714285715,3.0
86301093#9,240,45,120,15,0.08333333333333333,0.027777777777777783,2.999999999999999
86301093#9,240,60,120,15,0.08333333333333333,0.027777777777777783,2.999999999999999
86301093#9,240,75,120,15,0.08333333333333333,0.02777777777777778,2.9999999999999996
86301093#9,240,90,120,15,0.09360119047619046,0.031200396825396822,3.0
86301093#9,360,0,120,15,0.16666666666666666,0.06357473544973541,2.6215864759427845
86301093#9,360,15,120,15,0.16666666666666666,0.05555555555555556,2.9999999999999996
86301093#9,360,30,120,15,0.16294642857142855,0.05431547619047618,3.0000000000000004
86301093#9,360,45,120,15,0.16666666666666666,0.05555555555555556,2.9999999999999996
86301093#9,360,60,120,15,0.16666666666666666,0.055555555555555566,2.999999999999999
86301093#9,360,75,120,15,0.16666666666666666,0.05555555555555556,2.9999999999999996
86301093#9,360,90,120,15,0.16547619047619042,0.05515873015873015,2.9999999999999996
86301093#9,480,0,120,15,0.08333333333333333,0.041666666666666664,2.0
86301093#9,480,15,120,15,0.08333333333333333,0.02777777777777778,2.9999999999999996
86301093#9,480,30,120,15,0.125,0.041666666666666664,3.0
86301093#9,480,45,120,15,0.125,0.041666666666666664,3.0
86301093#9,480,60,120,15,0.125,0.041666666666666664,3.0
86301093#9,480,75,120,15,0.125,0.041666666666666664,3.0
86301093#9,480,90,120,15,0.12619047619047624,0.042063492063492074,3.0000000000000004
86301093#9,600,0,120,15,0.16666666666666666,0.05555555555555574,2.99999999999999
86301093#9,600,15,120,15,0.16666666666666666,0.05555555555555556,2.9999999999999996
86301093#9,600,30,120,15,0.16666666666666666,0.05555555555555556,2.9999999999999996
86301093#9,600,45,120,15,0.16666666666666666,0.05555555555555556,2.9999999999999996
86301093#9,600,60,120,15,0.16666666666666666,0.05555555555555556,2.9999999999999996
86301093#9,600,75,120,15,0.125,0.041666666666666664,3.0
86301093#9,600,90,120,15,0.125,0.041666666666666664,3.0
86301093#9,720,0,120,15,0.0,0.0,3.0
86301093#9,720,15,120,15,0.0,0.0,3.0
86301093#9,720,30,120,15,0.0,0.0,3.0
86301093#9,720,45,120,15,0.0,0.0,3.0
86301093#9,720,60,120,15,0.0,0.0,3.0
86301093#9,720,75,120,15,0.041666666666666664,0.01388888888888889,2.9999999999999996
86301093#9,720,90,120,15,0.041666666666666664,0.01388888888888889,2.9999999999999996
86301093#9,840,0,120,15,0.125,0.041666666666666664,3.0
86301093#9,840,15,120,15,0.125,0.041666666666666664,3.0
86301093#9,840,30,120,15,0.125,0.041666666666666664,3.0
86301093#9,840,45,120,15,0.125,0.041666666666666664,3.0
86301093#9,840,60,120,15,0.125,0.041666666666666664,3.0
86301093#9,840,75,120,15,0.08333333333333333,0.02777777777777778,2.9999999999999996
86301093#9,840,90,120,15,0.08333333333333333,0.02777777777777778,2.9999999999999996
86301093#9,960,0,120,15,0.125,0.046412037037036766,2.6932668329177214
86301093#9,960,15,120,15,0.09732142857142857,0.0324404761904762,2.999999999999999
86301093#9,960,30,120,15,0.08333333333333333,0.02777777777777778,2.9999999999999996
86301093#9,960,45,120,15,0.08333333333333333,0.02777777777777778,2.9999999999999996
86301093#9,960,60,120,15,0.08333333333333333,0.02777777777777778,2.9999999999999996
86301093#9,960,75,120,15,0.125,0.041666666666666664,3.0
86301093#9,960,90,120,15,0.125,0.041666666666666664,3.0
86301093#9,1080,0,120,15,0.11041666666666666,0.03680555555555524,3.0000000000000258
86301093#9,1080,15,120,15,0.11101190476190476,0.03700396825396825,3.0000000000000004
86301093#9,1080,30,120,15,0.125,0.041666666666666664,3.0
86301093#9,1080,45,120,15,0.125,0.041666666666666664,3.0
86301093#9,1080,60,120,15,0.125,0.041666666666666664,3.0
86301093#9,1080,75,120,15,0.10917658730158734,0.03639219576719578,3.0
86301093#9,1080,90,120,15,0.08333333333333333,0.02777777777777778,2.9999999999999996
86301093#9,1200,0,120,15,0.18125,0.07496693121693117,2.417732686369653
86301093#9,1200,15,120,15,0.20833333333333334,0.06944444444444445,3.0
86301093#9,1200,30,120,15,0.19384920634920633,0.06461640211640211,3.0
86301093#9,1200,45,120,15,0.16666666666666666,0.05555555555555556,2.9999999999999996
86301093#9,1200,60,120,15,0.16666666666666666,0.05555555555555556,2.9999999999999996
86301093#9,1200,75,120,15,0.15411706349206342,0.05137235449735447,3.0
86301093#9,1200,90,120,15,0.16666666666666666,0.05555555555555556,2.9999999999999996
86301093#9,1320,0,120,15,0.125,0.04166666666666655,3.000000000000008
86301093#9,1320,15,120,15,0.125,0.041666666666666664,3.0
86301093#9,1320,30,120,15,0.13948412698412702,0.046494708994709,3.0000000000000004
86301093#9,1320,45,120,15,0.16666666666666666,0.05555555555555556,2.9999999999999996
86301093#9,1320,60,120,15,0.16666666666666666,0.05555555555555556,2.9999999999999996
86301093#9,1320,75,120,15,0.19503968253968257,0.06501322751322752,3.0
86301093#9,1320,90,120,15,0.20833333333333334,0.06944444444444445,3.0
86301093#9,1440,0,120,15,0.25,0.10984848484848504,2.2758620689655134
86301093#9,1440,15,120,15,0.25,0.08367003367003366,2.9879275653923547
86301093#9,1440,30,120,15,0.25,0.08703703703703704,2.872340425531915
86301093#9,1440,45,120,15,0.25,0.08501683501683502,2.9405940594059405
86301093#9,1440,60,120,15,0.2111111111111111,0.0723905723905724,2.916279069767442
86301093#9,1440,75,120,15,0.20833333333333334,0.07281144781144781,2.861271676300578
86301093#9,1440,90,120,15,0.19722222222222224,0.06607744107744108,2.9847133757961783
86301093#9,1560,0,120,15,0.16666666666666666,0.05555555555555556,2.9999999999999996
86301093#9,1560,15,120,15,0.125,0.041666666666666664,3.0
86301093#9,1560,30,120,15,0.125,0.041666666666666664,3.0
86301093#9,1560,45,120,15,0.125,0.041666666666666664,3.0
86301093#9,1560,60,120,15,0.1638888888888889,0.054629629629629625,3.0000000000000004
86301093#9,1560,75,120,15,0.16666666666666666,0.05555555555555556,2.9999999999999996
86301093#9,1560,90,120,15,0.17777777777777776,0.05925925925925926,2.9999999999999996
86301093#9,1680,0,120,15,0.07991071428571427,0.02663690476190489,2.999999999999985
86301093#9,1680,15,120,15,0.08333333333333333,0.02777777777777778,2.9999999999999996
86301093#9,1680,30,120,15,0.08333333333333333,0.02777777777777778,2.9999999999999996
86301093#9,1680,45,120,15,0.08333333333333333,0.02777777777777778,2.9999999999999996
86301093#9,1680,60,120,15,0.06954365079365078,0.023181216931216924,3.0000000000000004
86301093#9,1680,75,120,15,0.041666666666666664,0.01388888888888889,2.9999999999999996
86301093#9,1680,90,120,15,0.041666666666666664,0.01388888888888889,2.9999999999999996
86301093#9,1800,0,120,15,0.12842261904761906,0.04280753968253937,3.000000000000022
86301093#9,1800,15,120,15,0.16666666666666666,0.05555555555555556,2.9999999999999996
86301093#9,1800,30,120,15,0.16666666666666666,0.05555555555555555,3.0
86301093#9,1800,45,120,15,0.15639880952380955,0.05213293650793651,3.0000000000000004
86301093#9,1800,60,120,15,0.13878968253968257,0.04626322751322752,3.0000000000000004
86301093#9,1800,75,120,15,0.16666666666666666,0.05555555555555556,2.9999999999999996
86301093#9,1800,90,120,15,0.16666666666666666,0.05555555555555556,2.9999999999999996
86301093#9,1920,0,120,15,0.08333333333333333,0.027777777777777582,3.000000000000021
86301093#9,1920,15,120,15,0.08333333333333333,0.02777777777777778,2.9999999999999996
86301093#9,1920,30,120,15,0.041666666666666664,0.01388888888888889,2.9999999999999996
86301093#9,1920,45,120,15,0.051934523809523805,0.01731150793650794,2.999999999999999
86301093#9,1920,60,120,15,0.08333333333333333,0.027777777777777783,2.999999999999999
86301093#9,1920,75,120,15,0.08333333333333333,0.02777777777777778,2.9999999999999996
86301093#9,1920,90,120,15,0.08333333333333333,0.027777777777777853,2.9999999999999916
86301093#9,2040,0,120,15,0.08333333333333333,0.027777777777778432,2.9999999999999294
86301093#9,2040,15,120,15,0.08333333333333333,0.02777777777777778,2.9999999999999996
86301093#9,2040,30,120,15,0.125,0.041666666666666664,3.0
86301093#9,2040,45,120,15,0.125,0.04166666666666667,2.9999999999999996
86301093#9,2040,60,120,15,0.125,0.041666666666666664,3.0
86301093#9,2040,75,120,15,0.125,0.041666666666666664,3.0
86301093#9,2040,90,120,15,0.125,0.041666666666666664,3.0
86301093#9,2160,0,120,15,0.125,0.05347222222222223,2.3376623376623376
86301093#9,2160,15,120,15,0.125,0.041666666666666664,3.0
86301093#9,2160,30,120,15,0.09340277777777778,0.03113425925925926,3.0
86301093#9,2160,45,120,15,0.08333333333333333,0.02777777777777778,2.9999999999999996
86301093#9,2160,60,120,15,0.07951388888888888,0.02650462962962963,2.9999999999999996
86301093#9,2160,75,120,15,0.041666666666666664,0.01388888888888889,2.9999999999999996
86301093#9,2160,90,120,15,0.041666666666666664,0.01388888888888889,2.9999999999999996
86301093#9,2280,0,120,15,0.08333333333333333,0.03368055555555513,2.4742268041237425
86301093#9,2280,15,120,15,0.08333333333333333,0.02777777777777778,2.9999999999999996
86301093#9,2280,30,120,15,0.11493055555555555,0.0638888888888889,1.7989130434782605
86301093#9,2280,45,120,15,0.125,0.04351851851851852,2.872340425531915
86301093#9,2280,60,120,15,0.11145833333333334,0.06550925925925925,1.7014134275618378
86301093#9,2280,75,120,15,0.125,0.056767787524366474,2.2019529992488462
86301093#9,2280,90,120,15,0.125,0.06140350877192982,2.035714285714286
86301093#9,2400,0,120,15,0.14305555555555557,0.04768518518518476,3.000000000000027
86301093#9,2400,15,120,15,0.125,0.041666666666666664,3.0
86301093#9,2400,30,120,15,0.125,0.041666666666666664,3.0
86301093#9,2400,45,120,15,0.125,0.041666666666666664,3.0
86301093#9,2400,60,120,15,0.1423611111111111,0.047453703703703706,2.9999999999999996
86301093#9,2400,75,120,15,0.16666666666666666,0.05555555555555556,2.9999999999999996
86301093#9,2400,90,120,15,0.1277777777777778,0.05555555555555556,2.3000000000000003
86301093#9,2520,0,120,15,0.06527777777777778,0.02175925925925926,3.0
86301093#9,2520,15,120,15,0.08333333333333333,0.02777777777777778,2.9999999999999996
86301093#9,2520,30,120,15,0.08333333333333333,0.02777777777777778,2.9999999999999996
86301093#9,2520,45,120,15,0.08333333333333333,0.02777777777777778,2.9999999999999996
86301093#9,2520,60,120,15,0.041666666666666664,0.01388888888888889,2.9999999999999996
86301093#9,2520,75,120,15,0.041666666666666664,0.01388888888888889,2.9999999999999996
86301093#9,2520,90,120,15,0.08055555555555555,0.026851851851851852,2.9999999999999996
86301093#9,2640,0,120,15,0.08333333333333333,0.03240740740740699,2.5714285714286045
86301093#9,2640,15,120,15,0.08333333333333333,0.02777777777777778,2.9999999999999996
86301093#9,2640,30,120,15,0.08333333333333333,0.02777777777777778,2.9999999999999996
86301093#9,2640,45,120,15,0.08333333333333333,0.02777777777777778,2.9999999999999996
86301093#9,2640,60,120,15,0.125,0.041666666666666664,3.0
86301093#9,2640,75,120,15,0.125,0.04861111111111111,2.571428571428571
86301093#9,2640,90,120,15,0.125,0.07083333333333333,1.7647058823529411
86301093#9,2760,0,120,15,0.25,0.09722222222222181,2.5714285714285823
86301093#9,2760,15,120,15,0.25,0.08333333333333333,3.0
86301093#9,2760,30,120,15,0.25,0.08333333333333333,3.0
86301093#9,2760,45,120,15,0.20833333333333334,0.06944444444444445,3.0
86301093#9,2760,60,120,15,0.20833333333333334,0.06944444444444445,3.0
86301093#9,2760,75,120,15,0.19444444444444445,0.06481481481481481,3.0
86301093#9,2760,90,120,15,0.16666666666666666,0.055555555555555455,3.0000000000000053
86301093#9,2880,0,120,15,0.125,0.041666666666666116,3.0000000000000395
86301093#9,2880,15,120,15,0.125,0.041666666666666664,3.0
86301093#9,2880,30,120,15,0.125,0.04166666666666667,2.9999999999999996
86301093#9,2880,45,120,15,0.16458333333333333,0.05486111111111111,3.0
86301093#9,2880,60,120,15,0.125,0.041666666666666664,3.0
86301093#9,2880,75,120,15,0.1388888888888889,0.046296296296296294,3.0000000000000004
86301093#9,2880,90,120,15,0.16666666666666666,0.05555555555555556,2.9999999999999996
86301093#9,3000,0,120,15,0.25,0.11689814814814814,2.1386138613861387
86301093#9,3000,15,120,15,0.25,0.0833921845574388,2.99788285109386
86301093#9,3000,30,120,15,0.22222222222222224,0.07424670433145009,2.993024730500952
86301093#9,3000,45,120,15,0.21041666666666667,0.0721280602636535,2.9172650130548297
86301093#9,3000,60,120,15,0.25,0.08620527306967984,2.9000546149645006
86301093#9,3000,75,120,15,0.20833333333333334,0.07799356559949781,2.6711605211529754
86301093#9,3000,90,120,15,0.20833333333333334,0.07063699563248789,2.9493515610043177
86301093#9,3120,0,120,15,0.125,0.05092592592592593,2.454545454545454
86301093#9,3120,15,120,15,0.125,0.041666666666666664,3.0
86301093#9,3120,30,120,15,0.11111111111111112,0.03703703703703704,3.0
86301093#9,3120,45,120,15,0.125,0.041666666666666664,3.0
86301093#9,3120,60,120,15,0.125,0.041666666666666664,3.0
86301093#9,3120,75,120,15,0.1388888888888889,0.046296296296296294,3.0000000000000004
86301093#9,3120,90,120,15,0.125,0.041666666666666664,3.0
86301093#9,3240,0,120,15,0.041666666666666664,0.02314814814814815,1.7999999999999998
86301093#9,3240,15,120,15,0.041666666666666664,0.01388888888888889,2.9999999999999996
86301093#9,3240,30,120,15,0.08333333333333333,0.02777777777777778,2.9999999999999996
86301093#9,3240,45,120,15,0.08333333333333333,0.02777777777777778,2.9999999999999996
86301093#9,3240,60,120,15,0.08333333333333333,0.02777777777777778,2.9999999999999996
86301093#9,3240,75,120,15,0.11111111111111112,0.03703703703703704,3.0
86301093#9,3240,90,120,15,0.125,0.041666666666666664,3.0
86301093#9,3360,0,120,15,0.041666666666666664,0.013888888888888463,3.000000000000092
86301093#9,3360,15,120,15,0.041666666666666664,0.01388888888888889,2.9999999999999996
86301093#9,3360,30,120,15,0.024305555555555556,0.008101851851851855,2.999999999999999
86301093#9,3360,45,120,15,0.0,0.0,3.0
86301093#9,3360,60,120,15,0.0,0.0,3.0
86301093#9,3360,75,120,15,0.0,0.0,3.0
86301093#9,3360,90,120,15,0.0,0.0,3.0
86301093#9,3480,0,120,15,0.125,0.04166666666666625,3.00000000000003
86301093#9,3480,15,120,15,0.125,0.041666666666666664,3.0
86301093#9,3480,30,120,15,0.1423611111111111,0.047453703703703706,2.9999999999999996
86301093#9,3480,45,120,15,0.16666666666666666,0.05555555555555556,2.9999999999999996
86301093#9,3480,60,120,15,0.15243055555555557,0.05081018518518519,3.0
86301093#9,3480,75,120,15,0.125,0.041666666666666664,3.0
86301093#9,3480,90,120,15,0.125,0.041666666666666664,3.0
86301093#9,3600,0,120,15,0.041666666666666664,0.013888888888888472,3.00000000000009
86301093#9,3600,15,120,15,0.041666666666666664,0.01388888888888889,2.9999999999999996
86301093#9,3600,30,120,15,0.041666666666666664,0.01388888888888889,2.9999999999999996
86301093#9,3600,45,120,15,0.041666666666666664,0.01388888888888889,2.9999999999999996
86301093#9,3600,60,120,15,0.05590277777777777,0.01863425925925926,2.9999999999999996
86301093#9,3600,75,120,15,0.08333333333333333,0.02777777777777778,2.9999999999999996
86301093#9,3600,90,120,15,0.08333333333333333,0.02777777777777778,2.9999999999999996
86301093#9,3720,0,120,15,0.0,0.0,3.0
86301093#9,3720,15,120,15,0.0,0.0,3.0
86301093#9,3720,30,120,15,0.0,0.0,3.0
86301093#9,3720,45,120,15,0.0,0.0,3.0
86301093#9,3720,60,120,15,0.0,0.0,3.0
86301093#9,3720,75,120,15,0.0,0.0,3.0
86301093#9,3720,90,120,15,0.0,0.0,3.0
86301093#9,3840,0,120,15,0.08333333333333333,0.02777777777777734,3.000000000000047
86301093#9,3840,15,120,15,0.08333333333333333,0.02777777777777778,2.9999999999999996
86301093#9,3840,30,120,15,0.08333333333333333,0.027777777777777783,2.999999999999999
86301093#9,3840,45,120,15,0.08333333333333333,0.02777777777777778,2.9999999999999996
86301093#9,3840,60,120,15,0.08333333333333333,0.02777777777777778,2.9999999999999996
86301093#9,3840,75,120,15,0.08333333333333333,0.02777777777777778,2.9999999999999996
86301093#9,3840,90,120,15,0.08333333333333333,0.02777777777777778,2.9999999999999996
86301093#9,3960,0,120,15,0.3332341269841271,0.12033730158730224,2.769167353668576
86301093#9,3960,15,120,15,0.3056547619047619,0.10188492063492063,2.9999999999999996
86301093#9,3960,30,120,15,0.2916666666666667,0.09722222222222222,3.0
86301093#9,3960,45,120,15,0.2916666666666667,0.09722222222222222,3.0
86301093#9,3960,60,120,15,0.25009920634920635,0.0833664021164021,3.0000000000000004
86301093#9,3960,75,120,15,0.25,0.08333333333333333,3.0
86301093#9,3960,90,120,15,0.23621031746031743,0.07873677248677248,3.0
86301093#9,4080,0,120,15,0.16666666666666666,0.06446759259259206,2.58527827648117
86301093#9,4080,15,120,15,0.1943452380952381,0.06478174603174604,3.0
86301093#9,4080,30,120,15,0.20833333333333334,0.06944444444444445,3.0
86301093#9,4080,45,120,15,0.20833333333333334,0.06944444444444445,3.0
86301093#9,4080,60,120,15,0.24990079365079368,0.08330026455026456,3.0
86301093#9,4080,75,120,15,0.25,0.08813628456138181,2.836516211729909
86301093#9,4080,90,120,15,0.26378968253968255,0.08851715459205732,2.980096725379292
86301093#9,4200,0,120,15,0.20833333333333334,0.06944444444444504,2.9999999999999742
86301093#9,4200,15,120,15,0.20833333333333334,0.06944444444444445,3.0
86301093#9,4200,30,120,15,0.20833333333333334,0.06944444444444445,3.0
86301093#9,4200,45,120,15,0.17068452380952379,0.05689484126984126,3.0
86301093#9,4200,60,120,15,0.16666666666666666,0.05555555555555556,2.9999999999999996
86301093#9,4200,75,120,15,0.16666666666666666,0.05555555555555556,2.9999999999999996
86301093#9,4200,90,120,15,0.12901785714285713,0.04300595238095238,2.9999999999999996
86301093#9,4320,0,120,15,0.041666666666666664,0.013888888888888168,3.0000000000001554
86301093#9,4320,15,120,15,0.041666666666666664,0.01388888888888889,2.9999999999999996
86301093#9,4320,30,120,15,0.041666666666666664,0.013888888888888888,3.0
86301093#9,4320,45,120,15,0.0793154761904762,0.026438492063492067,3.0
86301093#9,4320,60,120,15,0.08333333333333333,0.02777777777777778,2.9999999999999996
86301093#9,4320,75,120,15,0.08333333333333333,0.02777777777777778,2.9999999999999996
86301093#9,4320,90,120,15,0.12098214285714287,0.04032738095238071,3.000000000000018
86301093#9,4440,0,120,15,0.08333333333333333,0.02777777777777706,3.0000000000000773
86301093#9,4440,15,120,15,0.08333333333333333,0.027777777777777776,3.0
86301093#9,4440,30,120,15,0.08333333333333333,0.027777777777777776,3.0
86301093#9,4440,45,120,15,0.041666666666666664,0.01388888888888889,2.9999999999999996
86301093#9,4440,60,120,15,0.041666666666666664,0.01388888888888889,2.9999999999999996
86301093#9,4440,75,120,15,0.041666666666666664,0.01388888888888889,2.9999999999999996
86301093#9,4440,90,120,15,0.041666666666666664,0.01388888888888889,2.9999999999999996
86301093#9,4560,0,120,15,0.16666666666666666,0.06365740740740909,2.618181818181749
86301093#9,4560,15,120,15,0.16666666666666666,0.05555555555555556,2.9999999999999996
86301093#9,4560,30,120,15,0.1388888888888889,0.046296296296296294,3.0000000000000004
86301093#9,4560,45,120,15,0.16666666666666666,0.05555555555555556,2.9999999999999996
86301093#9,4560,60,120,15,0.16666666666666666,0.05555555555555556,2.9999999999999996
86301093#9,4560,75,120,15,0.16666666666666666,0.05555555555555556,2.9999999999999996
86301093#9,4560,90,120,15,0.16666666666666666,0.05555555555555577,2.9999999999999885
86301093#9,4680,0,120,15,0.0,0.0,3.0
86301093#9,4680,15,120,15,0.0,0.0,3.0
86301093#9,4680,30,120,15,0.02777777777777778,0.00925925925925926,3.0
86301093#9,4680,45,120,15,0.041666666666666664,0.01388888888888889,2.9999999999999996
86301093#9,4680,60,120,15,0.041666666666666664,0.01388888888888889,2.9999999999999996
86301093#9,4680,75,120,15,0.041666666666666664,0.01388888888888889,2.9999999999999996
86301093#9,4680,90,120,15,0.041666666666666664,0.01388888888888889,2.9999999999999996
86301093#9,4800,0,120,15,0.08333333333333333,0.02777777777777778,2.9999999999999996
86301093#9,4800,15,120,15,0.08333333333333333,0.02777777777777778,2.9999999999999996
86301093#9,4800,30,120,15,0.08333333333333333,0.02777777777777778,2.9999999999999996
86301093#9,4800,45,120,15,0.08333333333333333,0.02777777777777778,2.9999999999999996
86301093#9,4800,60,120,15,0.08333333333333333,0.02777777777777778,2.9999999999999996
86301093#9,4800,75,120,15,0.08333333333333333,0.02777777777777778,2.9999999999999996
86301093#9,4800,90,120,15,0.08333333333333333,0.02777777777777778,2.9999999999999996
86301093#9,4920,0,120,15,0.08333333333333333,0.02777777777777778,2.9999999999999996
86301093#9,4920,15,120,15,0.08333333333333333,0.02777777777777778,2.9999999999999996
86301093#9,4920,30,120,15,0.08333333333333333,0.02777777777777778,2.9999999999999996
86301093#9,4920,45,120,15,0.08333333333333333,0.02777777777777778,2.9999999999999996
86301093#9,4920,60,120,15,0.08333333333333333,0.02777777777777778,2.9999999999999996
86301093#9,4920,75,120,15,0.08333333333333333,0.02777777777777778,2.9999999999999996
86301093#9,4920,90,120,15,0.08333333333333333,0.02777777777777788,2.999999999999989
86301093#9,5040,0,120,15,0.125,0.041666666666665825,3.000000000000061
86301093#9,5040,15,120,15,0.125,0.041666666666666664,3.0
86301093#9,5040,30,120,15,0.08611111111111111,0.0287037037037037,3.0000000000000004
86301093#9,5040,45,120,15,0.08333333333333333,0.02777777777777778,2.9999999999999996
86301093#9,5040,60,120,15,0.08333333333333333,0.02777777777777778,2.9999999999999996
86301093#9,5040,75,120,15,0.08333333333333333,0.02777777777777778,2.9999999999999996
86301093#9,5040,90,120,15,0.08333333333333333,0.02777777777777794,2.9999999999999822
86301093#9,5160,0,120,15,0.05555555555555556,0.02777777777777778,2.0
86301093#9,5160,15,120,15,0.041666666666666664,0.01388888888888889,2.9999999999999996
86301093#9,5160,30,120,15,0.08055555555555555,0.026851851851851852,2.9999999999999996
86301093#9,5160,45,120,15,0.041666666666666664,0.01388888888888889,2.9999999999999996
86301093#9,5160,60,120,15,0.041666666666666664,0.01388888888888889,2.9999999999999996
86301093#9,5160,75,120,15,0.041666666666666664,0.01388888888888889,2.9999999999999996
86301093#9,5160,90,120,15,0.041666666666666664,0.01388888888888889,2.9999999999999996
86301093#9,5280,0,120,15,0.06944444444444445,0.023148148148148147,3.0000000000000004
86301093#9,5280,15,120,15,0.08333333333333333,0.02777777777777778,2.9999999999999996
86301093#9,5280,30,120,15,0.08333333333333333,0.02777777777777778,2.9999999999999996
86301093#9,5280,45,120,15,0.125,0.041666666666666664,3.0
86301093#9,5280,60,120,15,0.125,0.041666666666666664,3.0
86301093#9,5280,75,120,15,0.125,0.041666666666666664,3.0
86301093#9,5280,90,120,15,0.125,0.041666666666666664,3.0
86301093#9,5400,0,120,15,0.125,0.0416666666666651,3.000000000000113
86301093#9,5400,15,120,15,0.125,0.041666666666666664,3.0
86301093#9,5400,30,120,15,0.125,0.041666666666666664,3.0
86301093#9,5400,45,120,15,0.08333333333333333,0.02777777777777778,2.9999999999999996
86301093#9,5400,60,120,15,0.08333333333333333,0.02777777777777778,2.9999999999999996
86301093#9,5400,75,120,15,0.08333333333333333,0.02777777777777778,2.9999999999999996
86301093#9,5400,90,120,15,0.08333333333333333,0.027777777777777537,3.0000000000000258
86301093#9,5520,0,120,15,0.0,0.0,3.0
86301093#9,5520,15,120,15,0.0,0.0,3.0
86301093#9,5520,30,120,15,0.0,0.0,3.0
86301093#9,5520,45,120,15,0.041666666666666664,0.01388888888888889,2.9999999999999996
86301093#9,5520,60,120,15,0.041666666666666664,0.01388888888888889,2.9999999999999996
86301093#9,5520,75,120,15,0.041666666666666664,0.01388888888888889,2.9999999999999996
86301093#9,5520,90,120,15,0.041666666666666664,0.01388888888888889,2.9999999999999996
86301093#9,5640,0,120,15,0.08333333333333333,0.03703703703703704,2.2499999999999996
86301093#9,5640,15,120,15,0.08333333333333333,0.02777777777777778,2.9999999999999996
86301093#9,5640,30,120,15,0.08333333333333333,0.02777777777777778,2.9999999999999996
86301093#9,5640,45,120,15,0.08333333333333333,0.02777777777777778,2.9999999999999996
86301093#9,5640,60,120,15,0.08333333333333333,0.02777777777777778,2.9999999999999996
86301093#9,5640,75,120,15,0.08333333333333333,0.02777777777777778,2.9999999999999996
86301093#9,5640,90,120,15,0.08333333333333333,0.02777777777777778,2.9999999999999996
86301093#9,5760,0,120,15,0.08333333333333333,0.027777777777777422,3.000000000000038
86301093#9,5760,15,120,15,0.08333333333333333,0.02777777777777778,2.9999999999999996
86301093#9,5760,30,120,15,0.08333333333333333,0.02777777777777778,2.9999999999999996
86301093#9,5760,45,120,15,0.08333333333333333,0.02777777777777778,2.9999999999999996
86301093#9,5760,60,120,15,0.08333333333333333,0.02777777777777778,2.9999999999999996
86301093#9,5760,75,120,15,0.08333333333333333,0.02777777777777778,2.9999999999999996
86301093#9,5760,90,120,15,0.08333333333333333,0.02777777777777778,2.9999999999999996
86301093#9,5880,0,120,15,0.08333333333333333,0.02777777777777778,2.9999999999999996
86301093#9,5880,15,120,15,0.08333333333333333,0.02777777777777778,2.9999999999999996
86301093#9,5880,30,120,15,0.08333333333333333,0.02777777777777778,2.9999999999999996
86301093#9,5880,45,120,15,0.08333333333333333,0.02777777777777778,2.9999999999999996
86301093#9,5880,60,120,15,0.08333333333333333,0.02777777777777778,2.9999999999999996
86301093#9,5880,75,120,15,0.08333333333333333,0.02777777777777778,2.9999999999999996
86301093#9,5880,90,120,15,0.08333333333333333,0.027836629001883238,2.9936575052854124
86301093#9,6000,0,120,15,0.047371031746031744,0.015790343915343317,3.0000000000001137
86301093#9,6000,15,120,15,0.041666666666666664,0.01388888888888889,2.9999999999999996
86301093#9,6000,30,120,15,0.03348214285714286,0.011160714285714284,3.000000000000001
86301093#9,6000,45,120,15,0.0,0.0,3.0
86301093#9,6000,60,120,15,0.0,0.0,3.0
86301093#9,6000,75,120,15,0.0,0.0,3.0
86301093#9,6000,90,120,15,0.0,0.0,3.0
86301093#9,6120,0,120,15,0.05679563492063492,0.01893187830687831,2.9999999999999996
86301093#9,6120,15,120,15,0.041666666666666664,0.013888888888888888,3.0
86301093#9,6120,30,120,15,0.04985119047619047,0.016617063492063492,3.0
86301093#9,6120,45,120,15,0.08333333333333333,0.02777777777777778,2.9999999999999996
86301093#9,6120,60,120,15,0.08333333333333333,0.02777777777777778,2.9999999999999996
86301093#9,6120,75,120,15,0.08333333333333333,0.02777777777777778,2.9999999999999996
86301093#9,6120,90,120,15,0.08333333333333333,0.027777777777777575,3.0000000000000218
86301093#9,6240,0,120,15,0.0625,0.023148148148148147,2.7
86301093#9,6240,15,120,15,0.08333333333333333,0.02777777777777778,2.9999999999999996
86301093#9,6240,30,120,15,0.08333333333333333,0.02777777777777778,2.9999999999999996
86301093#9,6240,45,120,15,0.08333333333333333,0.02777777777777778,2.9999999999999996
86301093#9,6240,60,120,15,0.08333333333333333,0.02777777777777778,2.9999999999999996
86301093#9,6240,75,120,15,0.08333333333333333,0.035383597883597885,2.3551401869158877
86301093#9,6240,90,120,15,0.08333333333333333,0.03082010582010582,2.703862660944206
86301093#9,6360,0,120,15,0.08333333333333333,0.027777777777778498,2.9999999999999223
86301093#9,6360,15,120,15,0.08333333333333333,0.02777777777777778,2.9999999999999996
86301093#9,6360,30,120,15,0.08333333333333333,0.027777777777777783,2.999999999999999
86301093#9,6360,45,120,15,0.07276785714285713,0.02425595238095238,2.9999999999999996
86301093#9,6360,60,120,15,0.041666666666666664,0.01388888888888889,2.9999999999999996
86301093#9,6360,75,120,15,0.041666666666666664,0.01388888888888889,2.9999999999999996
86301093#9,6360,90,120,15,0.041666666666666664,0.01388888888888889,2.9999999999999996
86301093#9,6480,0,120,15,0.08333333333333333,0.027777777777776215,3.0000000000001688
86301093#9,6480,15,120,15,0.08333333333333333,0.02777777777777778,2.9999999999999996
86301093#9,6480,30,120,15,0.08333333333333333,0.027777777777777776,3.0
86301093#9,6480,45,120,15,0.09389880952380954,0.031299603174603174,3.0000000000000004
86301093#9,6480,60,120,15,0.125,0.041666666666666664,3.0
86301093#9,6480,75,120,15,0.125,0.041666666666666664,3.0
86301093#9,6480,90,120,15,0.125,0.0416666666666665,3.000000000000012
86301093#9,6600,0,120,15,0.08194444444444444,0.02777777777777862,2.9499999999999105
86301093#9,6600,15,120,15,0.041666666666666664,0.01388888888888889,2.9999999999999996
86301093#9,6600,30,120,15,0.041666666666666664,0.01388888888888889,2.9999999999999996
86301093#9,6600,45,120,15,0.02638888888888889,0.008796296296296297,3.0
86301093#9,6600,60,120,15,0.0,0.0,3.0
86301093#9,6600,75,120,15,0.0,0.0,3.0
86301093#9,6600,90,120,15,0.0,0.0,3.0
86301093#9,6720,0,120,15,0.12638888888888888,0.042129629629630475,2.9999999999999396
86301093#9,6720,15,120,15,0.16666666666666666,0.05555555555555556,2.9999999999999996
86301093#9,6720,30,120,15,0.16666666666666666,0.07951388888888888,2.096069868995633
86301093#9,6720,45,120,15,0.18194444444444444,0.0625,2.911111111111111
86301093#9,6720,60,120,15,0.20833333333333334,0.09618055555555555,2.1660649819494586
86301093#9,6720,75,120,15,0.20833333333333334,0.07777777777777778,2.678571428571429
86301093#9,6720,90,120,15,0.20833333333333334,0.09212962962962963,2.261306532663317
86301093#9,6840,0,120,15,0.041666666666666664,0.013888888888888168,3.0000000000001554
86301093#9,6840,15,120,15,0.041666666666666664,0.01388888888888889,2.9999999999999996
86301093#9,6840,30,120,15,0.041666666666666664,0.013888888888888888,3.0
86301093#9,6840,45,120,15,0.041666666666666664,0.01388888888888889,2.9999999999999996
86301093#9,6840,60,120,15,0.041666666666666664,0.01388888888888889,2.9999999999999996
86301093#9,6840,75,120,15,0.041666666666666664,0.01388888888888889,2.9999999999999996
86301093#9,6840,90,120,15,0.041666666666666664,0.013888888888888649,3.0000000000000515
86301093#9,6960,0,120,15,0.0,0.0,3.0
86301093#9,6960,15,120,15,0.0,0.0,3.0
86301093#9,6960,30,120,15,0.0,0.0,3.0
86301093#9,6960,45,120,15,0.0,0.0,3.0
86301093#9,6960,60,120,15,0.0,0.0,3.0
86301093#9,6960,75,120,15,0.0,0.0,3.0
86301093#9,6960,90,120,15,0.0,0.0,3.0
86301093#9,7080,0,120,15,0.041666666666666664,0.013888888888889008,2.9999999999999742
86301093#9,7080,15,120,15,0.041666666666666664,0.01388888888888889,2.9999999999999996
86301093#9,7080,30,120,15,0.041666666666666664,0.01388888888888889,2.9999999999999996
86301093#9,7080,45,120,15,0.041666666666666664,0.01388888888888889,2.9999999999999996
86301093#9,7080,60,120,15,0.028621031746031752,0.009540343915343917,3.0
86301093#9,7080,75,120,15,0.0,0.0,3.0
86301093#9,7080,90,120,15,0.0,0.0,3.0
878570268#0,0,0,120,40,0.125,0.015625000000000003,7.999999999999998
878570268#0,0,40,120,40,0.125,0.015625000000000003,7.999999999999998
878570268#0,120,0,120,40,0.4166666666666667,0.055338541666666644,7.529411764705886
878570268#0,120,40,120,40,0.390625,0.048828125000000014,7.999999999999997
878570268#0,240,0,120,40,0.20833333333333334,0.03515625,5.9259259259259265
878570268#0,240,40,120,40,0.234375,0.029296875,8.0
878570268#0,360,0,120,40,0.16666666666666669,0.02539062500000002,6.564102564102559
878570268#0,360,40,120,40,0.16666666666666669,0.020833333333333322,8.000000000000005
878570268#0,480,0,120,40,0.04166666666666667,0.005208333333333334,8.0
878570268#0,480,40,120,40,0.04166666666666667,0.005208333333333334,8.0
878570268#0,600,0,120,40,0.04166666666666667,0.005208333333333295,8.00000000000006
878570268#0,600,40,120,40,0.04166666666666667,0.005208333333333359,7.999999999999962
878570268#0,720,0,120,40,0.125,0.015625,8.0
878570268#0,720,40,120,40,0.08333333333333334,0.010416666666666668,8.0
878570268#0,840,0,120,40,0.125,0.015625,8.0
878570268#0,840,40,120,40,0.16666666666666669,0.020833333333333336,8.0
878570268#0,960,0,120,40,0.0,0.0,8.0
878570268#0,960,40,120,40,0.0,0.0,8.0
878570268#0,1080,0,120,40,0.0,0.0,8.0
878570268#0,1080,40,120,40,0.0,0.0,8.0
878570268#0,1200,0,120,40,0.30729166666666663,0.04166666666666667,7.374999999999998
878570268#0,1200,40,120,40,0.29166666666666663,0.03645833333333333,8.0
878570268#0,1320,0,120,40,0.4375,0.076171875,5.743589743589744
878570268#0,1320,40,120,40,0.4166666666666667,0.052083333333333336,8.0
878570268#0,1440,0,120,40,0.005208333333333334,0.0006510416666666667,8.0
878570268#0,1440,40,120,40,0.04166666666666667,0.005208333333333334,8.0
878570268#0,1560,0,120,40,0.0638888888888889,0.00798611111111127,7.999999999999842
878570268#0,1560,40,120,40,0.04166666666666667,0.005208333333333282,8.00000000000008
878570268#0,1680,0,120,40,0.29027777777777775,0.048003472222222385,6.047016274864355
878570268#0,1680,40,120,40,0.29166666666666663,0.03645833333333318,8.000000000000032
878570268#0,1800,0,120,40,0.1875,0.024088541666666748,7.783783783783758
878570268#0,1800,40,120,40,0.16666666666666669,0.02083333333333328,8.000000000000021
878570268#0,1920,0,120,40,0.08333333333333334,0.010416666666666668,8.0
878570268#0,1920,40,120,40,0.08333333333333334,0.010416666666666668,8.0
878570268#0,2040,0,120,40,0.20833333333333334,0.026041666666666668,8.0
878570268#0,2040,40,120,40,0.25,0.03125,8.0
878570268#0,2160,0,120,40,0.25,0.03450520833333333,7.245283018867926
878570268#0,2160,40,120,40,0.25,0.03125,8.0
878570268#0,2280,0,120,40,0.08333333333333334,0.01041666666666651,8.00000000000012
878570268#0,2280,40,120,40,0.04166666666666667,0.005208333333333436,7.999999999999843
878570268#0,2400,0,120,40,0.16666666666666669,0.03255208333333333,5.120000000000001
878570268#0,2400,40,120,40,0.20833333333333334,0.026041666666666668,8.0
878570268#0,2520,0,120,40,0.20833333333333334,0.02604166666666604,8.000000000000194
878570268#0,2520,40,120,40,0.20833333333333334,0.02604166666666708,7.999999999999873
878570268#0,2640,0,120,40,0.08333333333333334,0.010416666666666668,8.0
878570268#0,2640,40,120,40,0.08333333333333334,0.010416666666666668,8.0
878570268#0,2760,0,120,40,0.4583333333333333,0.06966145833333301,6.579439252336479
878570268#0,2760,40,120,40,0.4583333333333333,0.057291666666666866,7.999999999999972
878570268#0,2880,0,120,40,0.29166666666666663,0.03645833333333333,8.0
878570268#0,2880,40,120,40,0.29166666666666663,0.03645833333333333,8.0
878570268#0,3000,0,120,40,0.125,0.015624999999999842,8.000000000000082
878570268#0,3000,40,120,40,0.125,0.015625000000000104,7.999999999999947
878570268#0,3120,0,120,40,0.125,0.015625,8.0
878570268#0,3120,40,120,40,0.125,0.015625,8.0
878570268#0,3240,0,120,40,0.125,0.015625,8.0
878570268#0,3240,40,120,40,0.125,0.015625,8.0
878570268#0,3360,0,120,40,0.16666666666666669,0.029947916666666668,5.565217391304349
878570268#0,3360,40,120,40,0.16666666666666669,0.020833333333333336,8.0
878570268#0,3480,0,120,40,0.125,0.015625,8.0
878570268#0,3480,40,120,40,0.125,0.015625,8.0
878570268#0,3600,0,120,40,0.20833333333333334,0.026041666666666196,8.000000000000146
878570268#0,3600,40,120,40,0.20833333333333334,0.026041666666666973,7.999999999999906
878570268#0,3720,0,120,40,0.328125,0.053385416666666664,6.146341463414634
878570268#0,3720,40,120,40,0.29166666666666663,0.03645833333333333,8.0
878570268#0,3840,0,120,40,0.08854166666666666,0.014973958333333334,5.913043478260868
878570268#0,3840,40,120,40,0.125,0.015625,8.0
878570268#0,3960,0,120,40,0.04166666666666667,0.005208333333333334,8.0
878570268#0,3960,40,120,40,0.04166666666666667,0.005208333333333334,8.0
878570268#0,4080,0,120,40,0.4479166666666667,0.07877604166666666,5.685950413223141
878570268#0,4080,40,120,40,0.4166666666666667,0.052083333333333336,8.0
878570268#0,4200,0,120,40,0.26041666666666663,0.04622395833333333,5.633802816901408
878570268#0,4200,40,120,40,0.29166666666666663,0.03645833333333333,8.0
878570268#0,4320,0,120,40,0.125,0.01562500000000063,7.999999999999677
878570268#0,4320,40,120,40,0.125,0.015624999999999589,8.000000000000211
878570268#0,4440,0,120,40,0.16666666666666669,0.020833333333333336,8.0
878570268#0,4440,40,120,40,0.16666666666666669,0.020833333333333336,8.0
878570268#0,4560,0,120,40,0.04166666666666667,0.005208333333333334,8.0
878570268#0,4560,40,120,40,0.04166666666666667,0.005208333333333334,8.0
878570268#0,4680,0,120,40,0.4166666666666667,0.06901041666666666,6.037735849056605
878570268#0,4680,40,120,40,0.4166666666666667,0.052083333333333336,8.0
878570268#0,4800,0,120,40,0.08333333333333334,0.010416666666666668,8.0
878570268#0,4800,40,120,40,0.04166666666666667,0.005208333333333334,8.0
878570268#0,4920,0,120,40,0.375,0.05859375000000032,6.399999999999965
878570268#0,4920,40,120,40,0.375,0.04687499999999979,8.000000000000036
878570268#0,5040,0,120,40,0.25,0.03125,8.0
878570268#0,5040,40,120,40,0.29166666666666663,0.03645833333333333,8.0
878570268#0,5160,0,120,40,0.0,0.0,8.0
878570268#0,5160,40,120,40,0.0,0.0,8.0
878570268#0,5280,0,120,40,0.16666666666666669,0.024088541666666664,6.91891891891892
878570268#0,5280,40,120,40,0.16666666666666669,0.020833333333333336,8.0
878570268#0,5400,0,120,40,0.08333333333333334,0.010416666666666984,7.9999999999997575
878570268#0,5400,40,120,40,0.08333333333333334,0.01041666666666646,8.00000000000016
878570268#0,5520,0,120,40,0.04166666666666667,0.005208333333333334,8.0
878570268#0,5520,40,120,40,0.04166666666666667,0.005208333333333334,8.0
878570268#0,5640,0,120,40,0.0,0.0,8.0
878570268#0,5640,40,120,40,0.0,0.0,8.0
878570268#0,5760,0,120,40,0.0,0.0,8.0
878570268#0,5760,40,120,40,0.0,0.0,8.0
878570268#0,5880,0,120,40,0.20833333333333334,0.03515625000000032,5.925925925925872
878570268#0,5880,40,120,40,0.20833333333333334,0.026041666666666456,8.000000000000066
878570268#0,6000,0,120,40,0.29166666666666663,0.03645833333333333,8.0
878570268#0,6000,40,120,40,0.29166666666666663,0.03645833333333333,8.0
878570268#0,6120,0,120,40,0.16666666666666669,0.02083333333333365,7.999999999999879
878570268#0,6120,40,120,40,0.16666666666666669,0.020833333333333127,8.00000000000008
878570268#0,6240,0,120,40,0.04166666666666667,0.005208333333333334,8.0
878570268#0,6240,40,120,40,0.04166666666666667,0.005208333333333334,8.0
878570268#0,6360,0,120,40,0.08333333333333334,0.010416666666666668,8.0
878570268#0,6360,40,120,40,0.08333333333333334,0.010416666666666668,8.0
878570268#0,6480,0,120,40,0.0,0.0,8.0
878570268#0,6480,40,120,40,0.0,0.0,8.0
878570268#0,6600,0,120,40,0.08333333333333334,0.010416666666666668,8.0
878570268#0,6600,40,120,40,0.08333333333333334,0.010416666666666668,8.0
878570268#0,6720,0,120,40,0.23958333333333334,0.03776041666666667,6.344827586206896
878570268#0,6720,40,120,40,0.20833333333333334,0.026041666666666668,8.0
878570268#0,6840,0,120,40,0.21875,0.03190104166666667,6.857142857142856
878570268#0,6840,40,120,40,0.20833333333333334,0.026041666666666668,8.0
878570268#0,6960,0,120,40,0.08333333333333334,0.010416666666666668,8.0
878570268#0,6960,40,120,40,0.125,0.015625,8.0
878570268#0,7080,0,120,40,0.0,0.0,8.0
878570268#0,7080,40,120,40,0.0,0.0,8.0
891567020#0,0,0,120,40,0.125,0.015625,8.0
891567020#0,0,40,120,40,0.125,0.015625,8.0
891567020#0,120,0,120,40,0.0,0.0,8.0
891567020#0,120,40,120,40,0.0,0.0,8.0
891567020#0,240,0,120,40,0.20833333333333334,0.026041666666666637,8.000000000000009
891567020#0,240,40,120,40,0.1748015873015873,0.02185019841269841,8.0
891567020#0,360,0,120,40,0.04166666666666667,0.0052083333333333495,7.999999999999976
891567020#0,360,40,120,40,0.07519841269841268,0.009399801587301585,8.0
891567020#0,480,0,120,40,0.4321428571428571,0.07488839285714274,5.770491803278697
891567020#0,480,40,120,40,0.4166666666666667,0.052083333333333336,8.0
891567020#0,600,0,120,40,0.5261904761904761,0.06577380952380932,8.000000000000023
891567020#0,600,40,120,40,0.5261904761904762,0.06577380952380953,8.0
891567020#0,720,0,120,40,0.16666666666666669,0.020833333333333284,8.00000000000002
891567020#0,720,40,120,40,0.18214285714285716,0.022767857142857142,8.000000000000002
891567020#0,840,0,120,40,0.20833333333333334,0.026041666666666668,8.0
891567020#0,840,40,120,40,0.20833333333333334,0.026041666666666668,8.0
891567020#0,960,0,120,40,0.375,0.04687500000000002,7.9999999999999964
891567020#0,960,40,120,40,0.375,0.046875,8.0
891567020#0,1080,0,120,40,0.5,0.06250000000000011,7.999999999999986
891567020#0,1080,40,120,40,0.4744047619047619,0.059300595238095236,8.0
891567020#0,1200,0,120,40,0.20833333333333334,0.026041666666666567,8.00000000000003
891567020#0,1200,40,120,40,0.23392857142857143,0.02924107142857143,8.0
891567020#0,1320,0,120,40,0.33333333333333337,0.04166666666666684,7.999999999999968
891567020#0,1320,40,120,40,0.33333333333333337,0.04166666666666667,8.0
891567020#0,1440,0,120,40,0.2791666666666667,0.034895833333333195,8.000000000000032
891567020#0,1440,40,120,40,0.225,0.028125,8.0
891567020#0,1560,0,120,40,0.21845238095238098,0.027306547619047612,8.000000000000004
891567020#0,1560,40,120,40,0.23333333333333334,0.029166666666666667,8.0
891567020#0,1680,0,120,40,0.21071428571428572,0.026339285714285714,8.0
891567020#0,1680,40,120,40,0.25,0.03125,8.0
891567020#0,1800,0,120,40,0.19285714285714284,0.02410714285714262,8.000000000000078
891567020#0,1800,40,120,40,0.16666666666666669,0.020833333333333336,8.0
891567020#0,1920,0,120,40,0.2654761904761905,0.03318452380952348,8.000000000000078
891567020#0,1920,40,120,40,0.29166666666666663,0.03645833333333333,8.0
891567020#0,2040,0,120,40,0.25342261904761904,0.03167782738095272,7.999999999999914
891567020#0,2040,40,120,40,0.25,0.03125,8.0
891567020#0,2160,0,120,40,0.24657738095238096,0.03082217261904796,7.999999999999912
891567020#0,2160,40,120,40,0.25,0.03125,8.0
891567020#0,2280,0,120,40,0.5,0.0655505952380955,7.6276958002269835
891567020#0,2280,40,120,40,0.5,0.0625,8.0
891567020#0,2400,0,120,40,0.4583333333333333,0.05729166666666742,7.999999999999894
891567020#0,2400,40,120,40,0.4583333333333333,0.057291666666666664,8.0
891567020#0,2520,0,120,40,0.5375,0.24817708333333374,2.1657922350472156
891567020#0,2520,40,120,40,0.5,0.0625,8.0
891567020#0,2640,0,120,40,0.3375,0.05260416666666769,6.415841584158292
891567020#0,2640,40,120,40,0.375,0.046875,8.0
891567020#0,2760,0,120,40,0.16666666666666669,0.02083333333333306,8.000000000000105
891567020#0,2760,40,120,40,0.16666666666666669,0.020833333333333332,8.000000000000002
891567020#0,2880,0,120,40,0.29166666666666663,0.03645833333333394,7.999999999999866
891567020#0,2880,40,120,40,0.29166666666666663,0.03645833333333333,8.0
891567020#0,3000,0,120,40,0.25,0.03125000000000034,7.999999999999913
891567020#0,3000,40,120,40,0.25,0.03125,8.0
891567020#0,3120,0,120,40,0.16666666666666669,0.02083333333333412,7.999999999999699
891567020#0,3120,40,120,40,0.16666666666666669,0.020833333333333336,8.0
891567020#0,3240,0,120,40,0.26666666666666666,0.03333333333333259,8.000000000000178
891567020#0,3240,40,120,40,0.20833333333333334,0.026041666666666664,8.000000000000002
891567020#0,3360,0,120,40,0.3255952380952381,0.0448660714285719,7.257048092868912
891567020#0,3360,40,120,40,0.375,0.046875,8.0
891567020#0,3480,0,120,40,0.19940476190476192,0.02492559523809565,7.9999999999998685
891567020#0,3480,40,120,40,0.20833333333333334,0.026041666666666668,8.0
891567020#0,3600,0,120,40,0.08333333333333334,0.010416666666666668,8.0
891567020#0,3600,40,120,40,0.08333333333333334,0.010416666666666668,8.0
891567020#0,3720,0,120,40,0.04166666666666667,0.005208333333333537,7.999999999999688
891567020#0,3720,40,120,40,0.04166666666666667,0.005208333333333334,8.0
891567020#0,3840,0,120,40,0.33333333333333337,0.04166666666666667,8.0
891567020#0,3840,40,120,40,0.33333333333333337,0.04166666666666667,8.0
891567020#0,3960,0,120,40,0.5833333333333333,0.07291666666666653,8.000000000000014
891567020#0,3960,40,120,40,0.5571428571428572,0.06964285714285715,8.0
891567020#0,4080,0,120,40,0.3943452380952381,0.04929315476190544,7.99999999999989
891567020#0,4080,40,120,40,0.2761904761904762,0.03452380952380952,8.000000000000002
891567020#0,4200,0,120,40,0.605654761904762,0.07570684523809419,8.000000000000112
891567020#0,4200,40,120,40,0.75,0.09375,8.0
891567020#0,4320,0,120,40,0.33333333333333337,0.041666666666668156,7.999999999999715
891567020#0,4320,40,120,40,0.33333333333333337,0.04166992526937782,7.999374397205642
891567020#0,4440,0,120,40,0.16666666666666669,0.020833333333333426,7.999999999999965
891567020#0,4440,40,120,40,0.16666666666666669,0.020833333333333332,8.000000000000002
891567020#0,4560,0,120,40,0.3797619047619048,0.04747023809524008,7.999999999999667
891567020#0,4560,40,120,40,0.33333333333333337,0.041666666666666664,8.000000000000002
891567020#0,4680,0,120,40,0.2452380952380952,0.03065476190476204,7.999999999999964
891567020#0,4680,40,120,40,0.29166666666666663,0.03645833333333333,8.0
891567020#0,4800,0,120,40,0.29166666666666663,0.03645833333333401,7.999999999999851
891567020#0,4800,40,120,40,0.29166666666666663,0.03645833333333333,8.0
891567020#0,4920,0,120,40,0.29166666666666663,0.03645833333333442,7.999999999999761
891567020#0,4920,40,120,40,0.2773809523809524,0.03467261904761904,8.000000000000002
891567020#0,5040,0,120,40,0.0,0.0,8.0
891567020#0,5040,40,120,40,0.014285714285714294,0.0017857142857142867,8.0
891567020#0,5160,0,120,40,0.16666666666666669,0.020833333333333558,7.999999999999915
891567020#0,5160,40,120,40,0.16666666666666669,0.020833333333333336,8.0
891567020#0,5280,0,120,40,0.2851190476190476,0.03563988095238041,8.00000000000012
891567020#0,5280,40,120,40,0.2267857142857143,0.02834821428571429,8.0
891567020#0,5400,0,120,40,0.08988095238095238,0.011235119047619046,8.000000000000002
891567020#0,5400,40,120,40,0.14821428571428572,0.01852678571428571,8.000000000000002
891567020#0,5520,0,120,40,0.5416666666666667,0.0677083333333341,7.999999999999909
891567020#0,5520,40,120,40,0.5375,0.06718750000000001,7.999999999999998
891567020#0,5640,0,120,40,0.5416666666666667,0.06770833333333198,8.00000000000016
891567020#0,5640,40,120,40,0.5071428571428571,0.06339285714285714,8.0
891567020#0,5760,0,120,40,0.16666666666666669,0.020833333333332794,8.000000000000208
891567020#0,5760,40,120,40,0.20535714285714288,0.025669642857142856,8.000000000000002
891567020#0,5880,0,120,40,0.365922619047619,0.04574032738095279,7.999999999999928
891567020#0,5880,40,120,40,0.3178571428571429,0.039732142857142855,8.000000000000002
891567020#0,6000,0,120,40,0.40535714285714286,0.050669642857141095,8.000000000000279
891567020#0,6000,40,120,40,0.4321428571428571,0.05401785714285714,8.0
891567020#0,6120,0,120,40,0.8119047619047619,0.10565476190476204,7.684507042253511
891567020#0,6120,40,120,40,0.8333333333333334,0.10416666666666666,8.000000000000002
891567020#0,6240,0,120,40,0.6854166666666667,0.1260416666666676,5.438016528925579
891567020#0,6240,40,120,40,0.64375,0.08046875,8.0
891567020#0,6360,0,120,40,0.8145833333333334,0.11376488095238149,7.160235448005199
891567020#0,6360,40,120,40,0.85625,0.10703124999999998,8.000000000000002
891567020#0,6480,0,120,40,0.08095238095238096,0.010119047619046943,8.000000000000535
891567020#0,6480,40,120,40,0.04166666666666667,0.005208333333333334,8.0
891567020#0,6600,0,120,40,0.3357142857142857,0.04196428571428585,7.999999999999973
891567020#0,6600,40,120,40,0.375,0.046875,8.0
891567020#0,6720,0,120,40,0.1275297619047619,0.015941220238095917,7.999999999999659
891567020#0,6720,40,120,40,0.125,0.015625,8.0
891567020#0,6840,0,120,40,0.23675595238095237,0.029594494047619862,7.99999999999978
891567020#0,6840,40,120,40,0.20833333333333334,0.026041666666666668,8.0
891567020#0,6960,0,120,40,0.1773809523809524,0.022172619047618233,8.000000000000295
891567020#0,6960,40,120,40,0.20833333333333334,0.026041666666666668,8.0
891567020#0,7080,0,120,40,0.04166666666666667,0.005208333333333063,8.000000000000416
891567020#0,7080,40,120,40,0.04166666666666667,0.005208333333333334,8.0
903019486#0,0,0,120,40,0.0,0.0,8.0
903019486#0,0,40,120,40,0.0,0.0,8.0
903019486#0,0,80,120,40,0.0,0.0,8.0
903019486#0,120,0,120,40,0.16666666666666669,0.020833333333333322,8.000000000000005
903019486#0,120,40,120,40,0.16666666666666669,0.020833333333333336,8.0
903019486#0,120,80,120,40,0.16666666666666669,0.020833333333333336,8.0
903019486#0,240,0,120,40,0.33333333333333337,0.04287574404761908,7.774403470715829
903019486#0,240,40,120,40,0.33333333333333337,0.04166666666666667,8.0
903019486#0,240,80,120,40,0.33333333333333337,0.041666666666666664,8.000000000000002
903019486#0,360,0,120,40,0.5833333333333333,0.08297991071428566,7.029813943062098
903019486#0,360,40,120,40,0.5279761904761904,0.07172619047619047,7.360995850622405
903019486#0,360,80,120,40,0.4947916666666667,0.06194196428571428,7.987987987987989
903019486#0,480,0,120,40,0.375,0.04696800595238121,7.984158415841541
903019486#0,480,40,120,40,0.4303571428571429,0.0707217261904762,6.085218306154655
903019486#0,480,80,120,40,0.46279761904761907,0.05812872023809523,7.961600000000001
903019486#0,600,0,120,40,0.20833333333333334,0.026041666666666668,8.0
903019486#0,600,40,120,40,0.20833333333333334,0.026041666666666668,8.0
903019486#0,600,80,120,40,0.20907738095238093,0.02616279069767442,7.991402116402115
903019486#0,720,0,120,40,0.125,0.015625000000000017,7.999999999999991
903019486#0,720,40,120,40,0.125,0.015625,8.0
903019486#0,720,80,120,40,0.125,0.015625,8.0
903019486#0,840,0,120,40,0.08333333333333334,0.0104166666666666,8.000000000000052
903019486#0,840,40,120,40,0.08333333333333334,0.010416666666666666,8.000000000000002
903019486#0,840,80,120,40,0.08333333333333334,0.010467397186147188,7.9612277867528265
903019486#0,960,0,120,40,0.20833333333333334,0.026041666666666647,8.000000000000007
903019486#0,960,40,120,40,0.193452380952381,0.02418154761904762,8.000000000000002
903019486#0,960,80,120,40,0.13125,0.01640625,8.0
903019486#0,1080,0,120,40,0.7608630952380953,0.096885146103896,7.853248158620458
903019486#0,1080,40,120,40,0.7648809523809523,0.09963023088023087,7.67719742916629
903019486#0,1080,80,120,40,0.8270833333333334,0.10350040584415585,7.991111982485378
903019486#0,1200,0,120,40,0.5308035714285714,0.06636904761904762,7.997757847533632
903019486#0,1200,40,120,40,0.4976190476190476,0.06220238095238095,8.0
903019486#0,1200,80,120,40,0.4583333333333333,0.05739121476145896,7.986123577246997
903019486#0,1320,0,120,40,0.16666666666666669,0.02083333333333349,7.999999999999941
903019486#0,1320,40,120,40,0.2107142857142857,0.026339285714285714,7.999999999999999
903019486#0,1320,80,120,40,0.25,0.03125,8.0
903019486#0,1440,0,120,40,0.3098214285714286,0.04114583333333337,7.529837251356232
903019486#0,1440,40,120,40,0.29166666666666663,0.06138392857142858,4.75151515151515
903019486#0,1440,80,120,40,0.29166666666666663,0.03664434523809524,7.959390862944161
903019486#0,1560,0,120,40,0.5651785714285713,0.07124255952380967,7.933159268929486
903019486#0,1560,40,120,40,0.5833333333333333,0.08050595238095239,7.245841035120146
903019486#0,1560,80,120,40,0.5833333333333333,0.07310313975796932,7.979593424641399
903019486#0,1680,0,120,40,0.625,0.09871651785714271,6.331260599208602
903019486#0,1680,40,120,40,0.625,0.078125,8.0
903019486#0,1680,80,120,40,0.625,0.078125,8.0
903019486#0,1800,0,120,40,0.75,0.10005055708180725,7.49621013490965
903019486#0,1800,40,120,40,0.7083333333333333,0.13423143696581197,5.276955602536997
903019486#0,1800,80,120,40,0.6614583333333333,0.08305322128851542,7.964270657672848
903019486#0,1920,0,120,40,0.375,0.060546875,6.193548387096774
903019486#0,1920,40,120,40,0.4166666666666667,0.052083333333333336,8.0
903019486#0,1920,80,120,40,0.4635416666666667,0.057942708333333336,8.0
903019486#0,2040,0,120,40,0.4583333333333333,0.0629092261904771,7.285629804849095
903019486#0,2040,40,120,40,0.42023809523809524,0.060788690476190475,6.9130966952264385
903019486#0,2040,80,120,40,0.375,0.046874999999999986,8.000000000000002
903019486#0,2160,0,120,40,0.5,0.07617187500000007,6.5641025641025585
903019486#0,2160,40,120,40,0.5224702380952381,0.11848958333333333,4.409419152276295
903019486#0,2160,80,120,40,0.4583333333333333,0.05757068452380952,7.961227786752827
903019486#0,2280,0,120,40,0.20833333333333334,0.026041666666666668,8.0
903019486#0,2280,40,120,40,0.21354166666666666,0.28489583333333335,0.7495429616087751
903019486#0,2280,80,120,40,0.24479166666666666,0.0310639880952381,7.8802395209580824
903019486#0,2400,0,120,40,0.6302083333333333,0.10156250000000007,6.2051282051282
903019486#0,2400,40,120,40,0.5989583333333333,0.13802083333333331,4.339622641509434
903019486#0,2400,80,120,40,0.6666666666666667,0.08361235119047619,7.973303670745273
903019486#0,2520,0,120,40,0.578125,0.07795138888888888,7.416481069042318
903019486#0,2520,40,120,40,0.609375,0.1523065476190476,4.0009770395701025
903019486#0,2520,80,120,40,0.5416666666666667,0.06808035714285714,7.956284153005466
903019486#0,2640,0,120,40,0.875,0.12048160173160172,7.262519649674378
903019486#0,2640,40,120,40,0.8333333333333334,0.12803030303030302,6.508875739644971
903019486#0,2640,80,120,40,0.8385416666666666,0.10532670454545454,7.961339626882446
903019486#0,2760,0,120,40,0.7083333333333333,0.09244791666666666,7.661971830985915
903019486#0,2760,40,120,40,0.75,0.19322916666666667,3.8814016172506736
903019486#0,2760,80,120,40,0.7447916666666667,0.09421502976190477,7.905231984205331
903019486#0,2880,0,120,40,0.61875,0.08898947042338337,6.953069807654613
903019486#0,2880,40,120,40,0.59375,0.12150160100518806,4.886766882805496
903019486#0,2880,80,120,40,0.671875,0.0846573998917749,7.936400135828855
903019486#0,3000,0,120,40,0.4229166666666667,0.05310132575757568,7.964333481943838
903019486#0,3000,40,120,40,0.4583333333333333,0.057705965909090905,7.942564102564103
903019486#0,3000,80,120,40,0.4583333333333333,0.057463586760461774,7.976065525528469
903019486#0,3120,0,120,40,0.5416666666666667,0.06966145833333373,7.775700934579396
903019486#0,3120,40,120,40,0.511904761904762,0.06398809523809525,8.0
903019486#0,3120,80,120,40,0.4583333333333333,0.05729166666666663,8.000000000000005
903019486#0,3240,0,120,40,0.6299603174603174,0.08358134920634992,7.537091988130499
903019486#0,3240,40,120,40,0.6547619047619048,0.0818452380952381,8.0
903019486#0,3240,80,120,40,0.7083333333333333,0.08869298986486478,7.986350831250255
903019486#0,3360,0,120,40,0.44384920634920644,0.05548115079365031,8.000000000000071
903019486#0,3360,40,120,40,0.4166666666666667,0.05208333333333333,8.000000000000002
903019486#0,3360,80,120,40,0.3875,0.048622604529616725,7.9695442839547646
903019486#0,3480,0,120,40,0.2178571428571429,0.027232142857143128,7.999999999999922
903019486#0,3480,40,120,40,0.19166666666666668,0.02395833333333333,8.000000000000002
903019486#0,3480,80,120,40,0.19583333333333333,0.02447916666666671,7.999999999999985
903019486#0,3600,0,120,40,0.25,0.034468005952380955,7.253103076092822
903019486#0,3600,40,120,40,0.30833333333333335,0.03854166666666667,8.0
903019486#0,3600,80,120,40,0.3,0.0375,8.0
903019486#0,3720,0,120,40,0.3571428571428571,0.052790178571428356,6.765327695560281
903019486#0,3720,40,120,40,0.27291666666666664,0.04040178571428571,6.755064456721915
903019486#0,3720,80,120,40,0.2833333333333333,0.03547498391248391,7.986848818094213
903019486#0,3840,0,120,40,0.3928571428571429,0.0579799107142856,6.775745909528407
903019486#0,3840,40,120,40,0.4770833333333333,0.09151785714285714,5.213008130081301
903019486#0,3840,80,120,40,0.5,0.06307772626757745,7.926728333215219
903019486#0,3960,0,120,40,0.16666666666666669,0.020833333333333127,8.00000000000008
903019486#0,3960,40,120,40,0.16666666666666669,0.020833333333333336,8.0
903019486#0,3960,80,120,40,0.16666666666666669,0.020833333333333336,8.0
903019486#0,4080,0,120,40,0.7848214285714287,0.11508556547619109,6.819460158396603
903019486#0,4080,40,120,40,0.75,0.10930059523809524,6.861810755616065
903019486#0,4080,80,120,40,0.671875,0.08407738095238096,7.991150442477876
903019486#0,4200,0,120,40,0.17351190476190476,0.02168898809523823,7.99999999999995
903019486#0,4200,40,120,40,0.20833333333333334,0.026041666666666668,8.0
903019486#0,4200,80,120,40,0.28645833333333337,0.035807291666666644,8.000000000000005
903019486#0,4320,0,120,40,0.5270833333333333,0.07044270833333388,7.4824399260627885
903019486#0,4320,40,120,40,0.4965277777777778,0.06349826388888889,7.819548872180451
903019486#0,4320,80,120,40,0.4583333333333333,0.057291666666666664,8.0
903019486#0,4440,0,120,40,0.4729166666666667,0.059114583333331985,8.000000000000183
903019486#0,4440,40,120,40,0.5034722222222222,0.07309027777777778,6.888361045130641
903019486#0,4440,80,120,40,0.4833333333333333,0.060734362092110694,7.9581527933116725
903019486#0,4560,0,120,40,0.6666666666666667,0.08920717592592593,7.473240350308141
903019486#0,4560,40,120,40,0.6510416666666667,0.15050636574074075,4.3256752859751995
903019486#0,4560,80,120,40,0.6,0.0754577351774043,7.9514710929154555
903019486#0,4680,0,120,40,0.625,0.10937500000000014,5.714285714285707
903019486#0,4680,40,120,40,0.640625,0.12760416666666669,5.020408163265305
903019486#0,4680,80,120,40,0.75,0.09421502976190475,7.9605133267522215
903019486#0,4800,0,120,40,0.16666666666666669,0.020833333333332198,8.000000000000437
903019486#0,4800,40,120,40,0.14315476190476192,0.017894345238095237,8.000000000000002
903019486#0,4800,80,120,40,0.125,0.015625,8.0
903019486#0,4920,0,120,40,0.08333333333333334,0.010416666666665807,8.00000000000066
903019486#0,4920,40,120,40,0.10684523809523808,0.01335565476190476,8.0
903019486#0,4920,80,120,40,0.125,0.015625,8.0
903019486#0,5040,0,120,40,0.16666666666666669,0.020833333333332656,8.000000000000261
903019486#0,5040,40,120,40,0.16666666666666669,0.020833333333333332,8.000000000000002
903019486#0,5040,80,120,40,0.14419642857142856,0.01802455357142857,8.0
903019486#0,5160,0,120,40,0.16666666666666669,0.02083333333333234,8.000000000000382
903019486#0,5160,40,120,40,0.16666666666666669,0.020833333333333336,8.0
903019486#0,5160,80,120,40,0.1688988095238095,0.02111235119047619,8.0
903019486#0,5280,0,120,40,0.125,0.015625000000000003,7.999999999999998
903019486#0,5280,40,120,40,0.125,0.015625,8.0
903019486#0,5280,80,120,40,0.14523809523809522,0.018154761904761847,8.000000000000025
903019486#0,5400,0,120,40,0.4166666666666667,0.052083333333333516,7.9999999999999725
903019486#0,5400,40,120,40,0.4166666666666667,0.052083333333333336,8.0
903019486#0,5400,80,120,40,0.4166666666666667,0.05212466931216932,7.993655828707375
903019486#0,5520,0,120,40,0.08333333333333334,0.010416666666666349,8.000000000000245
903019486#0,5520,40,120,40,0.08333333333333334,0.010416666666666666,8.000000000000002
903019486#0,5520,80,120,40,0.08333333333333334,0.010416666666666668,8.0
903019486#0,5640,0,120,40,0.375,0.0468749999999991,8.000000000000155
903019486#0,5640,40,120,40,0.375,0.04687499999999999,8.000000000000002
903019486#0,5640,80,120,40,0.36875,0.0461171068346432,7.9959482567322455
903019486#0,5760,0,120,40,0.4166666666666667,0.061328124999999456,6.7940552016985745
903019486#0,5760,40,120,40,0.36979166666666663,0.0691592261904762,5.346960731576115
903019486#0,5760,80,120,40,0.334375,0.04201595568783069,7.958286192139307
903019486#0,5880,0,120,40,0.20833333333333334,0.026041666666666935,7.999999999999918
903019486#0,5880,40,120,40,0.22604166666666664,0.049460565476190474,4.570139150056412
903019486#0,5880,80,120,40,0.25520833333333337,0.032459077380952384,7.862464183381089
903019486#0,6000,0,120,40,0.4581845238095238,0.06106770833333279,7.502893694791416
903019486#0,6000,40,120,40,0.415625,0.05195312499999999,8.000000000000002
903019486#0,6000,80,120,40,0.4113095238095238,0.05147741546713739,7.9900966293092015
903019486#0,6120,0,120,40,0.4584821428571429,0.0647507440476185,7.080723929905259
903019486#0,6120,40,120,40,0.5302083333333333,0.06809895833333333,7.785850860420649
903019486#0,6120,80,120,40,0.5470238095238096,0.06837797619047616,8.000000000000005
903019486#0,6240,0,120,40,0.33333333333333337,0.041666666666666796,7.999999999999976
903019486#0,6240,40,120,40,0.3261904761904762,0.040773809523809525,8.0
903019486#0,6240,80,120,40,0.25,0.031336805555555555,7.977839335180056
903019486#0,6360,0,120,40,0.6528273809523809,0.09648437499999823,6.76614613456731
903019486#0,6360,40,120,40,0.6321428571428571,0.08420138888888888,7.5075110456553755
903019486#0,6360,80,120,40,0.7083333333333333,0.08854166666666671,7.999999999999995
903019486#0,6480,0,120,40,0.22217261904761904,0.027771577380952477,7.999999999999972
903019486#0,6480,40,120,40,0.25,0.03125,8.0
903019486#0,6480,80,120,40,0.25,0.031331463177089805,7.979199649469452
903019486#0,6600,0,120,40,0.2569444444444444,0.03211805555555579,7.999999999999941
903019486#0,6600,40,120,40,0.25,0.03125,8.0
903019486#0,6600,80,120,40,0.25,0.03124999999999999,8.000000000000004
903019486#0,6720,0,120,40,0.29166666666666663,0.036458333333332746,8.000000000000128
903019486#0,6720,40,120,40,0.29166666666666663,0.03645833333333333,8.0
903019486#0,6720,80,120,40,0.29166666666666663,0.036458333333333356,7.999999999999994
903019486#0,6840,0,120,40,0.5263888888888888,0.07178819444444322,7.332527206771587
903019486#0,6840,40,120,40,0.4760416666666667,0.05950520833333334,8.0
903019486#0,6840,80,120,40,0.434375,0.05438368055555556,7.987230646448523
903019486#0,6960,0,120,40,0.38333333333333336,0.05146949404761797,7.447777376219889
903019486#0,6960,40,120,40,0.440625,0.055078125,8.0
903019486#0,6960,80,120,40,0.4822916666666667,0.06036326611984506,7.989820592363675
903019486#0,7080,0,120,40,0.125,0.015624999999999728,8.00000000000014
903019486#0,7080,40,120,40,0.125,0.015625,8.0
903019486#0,7080,80,120,40,0.125,0.015625000000000007,7.9999999999999964
903019486#5,0,0,120,40,0.04166666666666667,0.005208333333333334,8.0
903019486#5,0,40,120,40,0.04166666666666667,0.005208333333333334,8.0
903019486#5,0,80,120,40,0.04166666666666667,0.005208333333333334,8.0
903019486#5,120,0,120,40,0.04166666666666667,0.005208333333333326,8.000000000000012
903019486#5,120,40,120,40,0.04166666666666667,0.005208333333333334,8.0
903019486#5,120,80,120,40,0.04166666666666667,0.005208333333333334,8.0
903019486#5,240,0,120,40,0.08333333333333334,0.010416666666666668,8.0
903019486#5,240,40,120,40,0.08333333333333334,0.010416666666666668,8.0
903019486#5,240,80,120,40,0.08333333333333334,0.010416666666666668,8.0
903019486#5,360,0,120,40,0.140625,0.017578125000000007,7.9999999999999964
903019486#5,360,40,120,40,0.125,0.015625,8.0
903019486#5,360,80,120,40,0.125,0.015625,8.0
903019486#5,480,0,120,40,0.10208333333333333,0.012760416666666635,8.00000000000002
903019486#5,480,40,120,40,0.08333333333333334,0.010416666666666668,8.0
903019486#5,480,80,120,40,0.08333333333333334,0.010416666666666668,8.0
903019486#5,600,0,120,40,0.04895833333333333,0.006119791666666667,8.0
903019486#5,600,40,120,40,0.08333333333333334,0.010416666666666668,8.0
903019486#5,600,80,120,40,0.08333333333333334,0.010416666666666668,8.0
903019486#5,720,0,120,40,0.08333333333333334,0.010416666666666633,8.000000000000027
903019486#5,720,40,120,40,0.08333333333333334,0.010416666666666668,8.0
903019486#5,720,80,120,40,0.08333333333333334,0.010416666666666668,8.0
903019486#5,840,0,120,40,0.04166666666666667,0.005208333333333282,8.00000000000008
903019486#5,840,40,120,40,0.04166666666666667,0.005208333333333334,8.0
903019486#5,840,80,120,40,0.04166666666666667,0.005208333333333334,8.0
903019486#5,960,0,120,40,0.04166666666666667,0.005208333333333334,8.0
903019486#5,960,40,120,40,0.04166666666666667,0.005208333333333334,8.0
903019486#5,960,80,120,40,0.04166666666666667,0.005208333333333334,8.0
903019486#5,1080,0,120,40,0.125,0.015625000000000087,7.999999999999956
903019486#5,1080,40,120,40,0.125,0.015625,8.0
903019486#5,1080,80,120,40,0.125,0.015625,8.0
903019486#5,1200,0,120,40,0.125,0.01562500000000005,7.999999999999975
903019486#5,1200,40,120,40,0.125,0.015625,8.0
903019486#5,1200,80,120,40,0.125,0.015624999999999997,8.000000000000002
903019486#5,1320,0,120,40,0.04166666666666667,0.005208333333333334,8.0
903019486#5,1320,40,120,40,0.04166666666666667,0.005208333333333334,8.0
903019486#5,1320,80,120,40,0.04166666666666667,0.005208333333333334,8.0
903019486#5,1440,0,120,40,0.08333333333333334,0.010416666666666668,8.0
903019486#5,1440,40,120,40,0.08333333333333334,0.010416666666666668,8.0
903019486#5,1440,80,120,40,0.04375,0.00546875,8.0
903019486#5,1560,0,120,40,0.125,0.015624999999999925,8.000000000000039
903019486#5,1560,40,120,40,0.08422619047619051,0.010528273809523814,8.0
903019486#5,1560,80,120,40,0.12291666666666667,0.015364583333333334,8.0
903019486#5,1680,0,120,40,0.5833333333333333,0.07291666666666649,8.000000000000018
903019486#5,1680,40,120,40,0.6241071428571427,0.07801339285714284,8.0
903019486#5,1680,80,120,40,0.5833333333333333,0.07291666666666666,8.0
903019486#5,1800,0,120,40,0.08333333333333334,0.010416666666666668,8.0
903019486#5,1800,40,120,40,0.08333333333333334,0.010416666666666668,8.0
903019486#5,1800,80,120,40,0.125,0.015625,8.0
903019486#5,1920,0,120,40,0.125,0.015625,8.0
903019486#5,1920,40,120,40,0.125,0.015625,8.0
903019486#5,1920,80,120,40,0.125,0.015625,8.0
903019486#5,2040,0,120,40,0.125,0.015624999999999908,8.000000000000048
903019486#5,2040,40,120,40,0.125,0.015625,8.0
903019486#5,2040,80,120,40,0.125,0.015625,8.0
903019486#5,2160,0,120,40,0.16666666666666669,0.020833333333333336,8.0
903019486#5,2160,40,120,40,0.16666666666666669,0.020833333333333336,8.0
903019486#5,2160,80,120,40,0.16666666666666669,0.020833333333333336,8.0
903019486#5,2280,0,120,40,0.04166666666666667,0.005208333333333334,8.0
903019486#5,2280,40,120,40,0.0,0.0,8.0
903019486#5,2280,80,120,40,0.0,0.0,8.0
903019486#5,2400,0,120,40,0.29166666666666663,0.04036458333333333,7.225806451612903
903019486#5,2400,40,120,40,0.3,0.0375,8.0
903019486#5,2400,80,120,40,0.25520833333333337,0.03190104166666667,8.0
903019486#5,2520,0,120,40,0.33333333333333337,0.04166666666666667,8.0
903019486#5,2520,40,120,40,0.36666666666666664,0.04583333333333333,8.0
903019486#5,2520,80,120,40,0.4114583333333333,0.051432291666666664,8.0
903019486#5,2640,0,120,40,0.20833333333333334,0.026041666666666668,8.0
903019486#5,2640,40,120,40,0.20833333333333334,0.026041666666666668,8.0
903019486#5,2640,80,120,40,0.20833333333333334,0.026041666666666668,8.0
903019486#5,2760,0,120,40,0.20833333333333334,0.026041666666666668,8.0
903019486#5,2760,40,120,40,0.16979166666666667,0.021223958333333334,8.0
903019486#5,2760,80,120,40,0.16666666666666669,0.020833333333333336,8.0
903019486#5,2880,0,120,40,0.16666666666666669,0.020833333333333336,8.0
903019486#5,2880,40,120,40,0.20520833333333335,0.02565104166666667,8.0
903019486#5,2880,80,120,40,0.20833333333333334,0.026041666666666668,8.0
903019486#5,3000,0,120,40,0.0,0.0,8.0
903019486#5,3000,40,120,40,0.0,0.0,8.0
903019486#5,3000,80,120,40,0.0,0.0,8.0
903019486#5,3120,0,120,40,0.08333333333333334,0.010416666666666668,8.0
903019486#5,3120,40,120,40,0.08333333333333334,0.010416666666666668,8.0
903019486#5,3120,80,120,40,0.08333333333333334,0.010416666666666668,8.0
903019486#5,3240,0,120,40,0.33333333333333337,0.04166666666666734,7.999999999999872
903019486#5,3240,40,120,40,0.302827380952381,0.03785342261904762,8.0
903019486#5,3240,80,120,40,0.29166666666666663,0.03645833333333333,8.0
903019486#5,3360,0,120,40,0.125,0.015624999999999936,8.000000000000034
903019486#5,3360,40,120,40,0.15550595238095236,0.019438244047619044,8.0
903019486#5,3360,80,120,40,0.16666666666666669,0.020833333333333336,8.0
903019486#5,3480,0,120,40,0.08333333333333334,0.010416666666666668,8.0
903019486#5,3480,40,120,40,0.08333333333333334,0.010416666666666668,8.0
903019486#5,3480,80,120,40,0.08333333333333334,0.010416666666666668,8.0
903019486#5,3600,0,120,40,0.04166666666666667,0.0052083333333334,7.999999999999899
903019486#5,3600,40,120,40,0.04166666666666667,0.005208333333333334,8.0
903019486#5,3600,80,120,40,0.04166666666666667,0.005208333333333334,8.0
903019486#5,3720,0,120,40,0.33333333333333337,0.04166666666666667,8.0
903019486#5,3720,40,120,40,0.33333333333333337,0.04166666666666667,8.0
903019486#5,3720,80,120,40,0.33333333333333337,0.04166666666666667,8.0
903019486#5,3840,0,120,40,0.16666666666666669,0.020833333333333336,8.0
903019486#5,3840,40,120,40,0.16666666666666669,0.020833333333333336,8.0
903019486#5,3840,80,120,40,0.16666666666666669,0.020833333333333336,8.0
903019486#5,3960,0,120,40,0.0,0.0,8.0
903019486#5,3960,40,120,40,0.0,0.0,8.0
903019486#5,3960,80,120,40,0.0,0.0,8.0
903019486#5,4080,0,120,40,0.04166666666666667,0.005208333333333334,8.0
903019486#5,4080,40,120,40,0.04166666666666667,0.005208333333333334,8.0
903019486#5,4080,80,120,40,0.04166666666666667,0.005208333333333334,8.0
903019486#5,4200,0,120,40,0.08333333333333334,0.010416666666666668,8.0
903019486#5,4200,40,120,40,0.08333333333333334,0.010416666666666668,8.0
903019486#5,4200,80,120,40,0.08333333333333334,0.010416666666666668,8.0
903019486#5,4320,0,120,40,0.08333333333333334,0.010416666666666668,8.0
903019486#5,4320,40,120,40,0.08333333333333334,0.010416666666666668,8.0
903019486#5,4320,80,120,40,0.06458333333333334,0.008072916666666667,8.0
903019486#5,4440,0,120,40,0.022916666666666665,0.002864583333333333,8.0
903019486#5,4440,40,120,40,0.0,0.0,8.0
903019486#5,4440,80,120,40,0.01875,0.00234375,8.0
903019486#5,4560,0,120,40,0.26875,0.03359375,8.0
903019486#5,4560,40,120,40,0.25,0.03125,8.0
903019486#5,4560,80,120,40,0.25,0.03125,8.0
903019486#5,4680,0,120,40,0.5244047619047619,0.06555059523809538,7.999999999999983
903019486#5,4680,40,120,40,0.5416666666666667,0.06770833333333334,8.0
903019486#5,4680,80,120,40,0.5416666666666667,0.06770833333333334,8.0
903019486#5,4800,0,120,40,0.14226190476190476,0.017782738095237956,8.000000000000062
903019486#5,4800,40,120,40,0.16666666666666669,0.020833333333333336,8.0
903019486#5,4800,80,120,40,0.16666666666666669,0.020833333333333336,8.0
903019486#5,4920,0,120,40,0.08333333333333334,0.010416666666666668,8.0
903019486#5,4920,40,120,40,0.04166666666666667,0.005208333333333334,8.0
903019486#5,4920,80,120,40,0.04166666666666667,0.005208333333333334,8.0
903019486#5,5040,0,120,40,0.08333333333333334,0.010416666666666668,8.0
903019486#5,5040,40,120,40,0.125,0.015625,8.0
903019486#5,5040,80,120,40,0.125,0.015625,8.0
903019486#5,5160,0,120,40,0.0,0.0,8.0
903019486#5,5160,40,120,40,0.0,0.0,8.0
903019486#5,5160,80,120,40,0.0,0.0,8.0
903019486#5,5280,0,120,40,0.08333333333333334,0.010416666666666668,8.0
903019486#5,5280,40,120,40,0.08333333333333334,0.010416666666666668,8.0
903019486#5,5280,80,120,40,0.08333333333333334,0.010416666666666668,8.0
903019486#5,5400,0,120,40,0.04166666666666667,0.005208333333333334,8.0
903019486#5,5400,40,120,40,0.04166666666666667,0.005208333333333334,8.0
903019486#5,5400,80,120,40,0.04166666666666667,0.005208333333333334,8.0
903019486#5,5520,0,120,40,0.08333333333333334,0.010416666666666668,8.0
903019486#5,5520,40,120,40,0.08333333333333334,0.010416666666666668,8.0
903019486#5,5520,80,120,40,0.08333333333333334,0.010416666666666668,8.0
903019486#5,5640,0,120,40,0.04166666666666667,0.005208333333333334,8.0
903019486#5,5640,40,120,40,0.04166666666666667,0.005208333333333334,8.0
903019486#5,5640,80,120,40,0.04166666666666667,0.005208333333333334,8.0
903019486#5,5760,0,120,40,0.04166666666666667,0.005208333333333334,8.0
903019486#5,5760,40,120,40,0.04166666666666667,0.005208333333333334,8.0
903019486#5,5760,80,120,40,0.04166666666666667,0.005208333333333334,8.0
903019486#5,5880,0,120,40,0.04166666666666667,0.005208333333333334,8.0
903019486#5,5880,40,120,40,0.04166666666666667,0.005208333333333334,8.0
903019486#5,5880,80,120,40,0.04166666666666667,0.005208333333333334,8.0
903019486#5,6000,0,120,40,0.08839285714285715,0.011049107142857006,8.0000000000001
903019486#5,6000,40,120,40,0.08333333333333334,0.010416666666666668,8.0
903019486#5,6000,80,120,40,0.08333333333333334,0.010416666666666668,8.0
903019486#5,6120,0,120,40,0.2866071428571429,0.035825892857143125,7.999999999999941
903019486#5,6120,40,120,40,0.29166666666666663,0.03645833333333333,8.0
903019486#5,6120,80,120,40,0.25,0.03125,8.0
903019486#5,6240,0,120,40,0.20833333333333334,0.026041666666666803,7.999999999999958
903019486#5,6240,40,120,40,0.18541666666666667,0.023177083333333334,8.0
903019486#5,6240,80,120,40,0.20833333333333334,0.02604166666666665,8.000000000000005
903019486#5,6360,0,120,40,0.20833333333333334,0.026041666666666397,8.000000000000083
903019486#5,6360,40,120,40,0.23125,0.02890625,8.0
903019486#5,6360,80,120,40,0.21666666666666665,0.02708333333333333,8.0
903019486#5,6480,0,120,40,0.08333333333333334,0.010416666666666668,8.0
903019486#5,6480,40,120,40,0.08333333333333334,0.010416666666666668,8.0
903019486#5,6480,80,120,40,0.11666666666666667,0.014583333333333334,8.0
903019486#5,6600,0,120,40,0.04166666666666667,0.005208333333333334,8.0
903019486#5,6600,40,120,40,0.04166666666666667,0.005208333333333334,8.0
903019486#5,6600,80,120,40,0.04166666666666667,0.005208333333333334,8.0
903019486#5,6720,0,120,40,0.04166666666666667,0.005208333333333334,8.0
903019486#5,6720,40,120,40,0.04166666666666667,0.005208333333333334,8.0
903019486#5,6720,80,120,40,0.04166666666666667,0.005208333333333334,8.0
903019486#5,6840,0,120,40,0.20833333333333334,0.026041666666665853,8.00000000000025
903019486#5,6840,40,120,40,0.18958333333333333,0.023697916666666666,8.0
903019486#5,6840,80,120,40,0.16666666666666669,0.020833333333333336,8.0
903019486#5,6960,0,120,40,0.5,0.06705729166666503,7.456310679611832
903019486#5,6960,40,120,40,0.51875,0.06484375,8.0
903019486#5,6960,80,120,40,0.5,0.0625,8.0
903019486#5,7080,0,120,40,0.125,0.015624999999999728,8.00000000000014
903019486#5,7080,40,120,40,0.125,0.015625,8.0
903019486#5,7080,80,120,40,0.16666666666666669,0.020833333333333336,8.0
903019487#0,0,0,120,70,0.9258928571428572,0.07072704081632653,13.091073038773672
903019487#0,120,0,120,70,0.7824404761904762,0.05856684728154828,13.359784801613987
903019487#0,240,0,120,70,0.943452380952381,0.0673894557823129,14.000000000000007
903019487#0,360,0,120,70,1.181547619047619,0.08439625850340139,13.999999999999995
903019487#0,480,0,120,70,0.45833333333333337,0.03273809523809519,14.000000000000021
903019487#0,600,0,120,70,1.249702380952381,0.18941293571692236,6.59776681155537
903019487#0,720,0,120,70,0.6669642857142857,0.05365613299583376,12.430345768042462
903019487#0,840,0,120,70,0.3333333333333333,0.02387288248632781,13.962843972621906
903019487#0,960,0,120,70,0.20238095238095238,0.014455782312925053,14.000000000000114
903019487#0,1080,0,120,70,0.13095238095238093,0.00935374149659863,14.00000000000001
903019487#0,1200,0,120,70,0.6711309523809523,0.04801102458527293,13.978684233012961
903019487#0,1320,0,120,70,0.9122023809523809,0.06515731292517009,13.999999999999995
903019487#0,1440,0,120,70,1.0833333333333333,0.07761445135005424,13.957881740957204
903019487#0,1560,0,120,70,0.45833333333333337,0.03273809523809529,13.99999999999998
903019487#0,1680,0,120,70,0.5833333333333334,0.04166666666666683,13.999999999999945
903019487#0,1800,0,120,70,0.45833333333333337,0.03273809523809541,13.999999999999925
903019487#0,1920,0,120,70,0.375,0.026785714285714284,14.0
903019487#0,2040,0,120,70,0.4056547619047619,0.028975340136054305,14.000000000000057
903019487#0,2160,0,120,70,1.4276785714285714,0.12912616106104877,11.0564626075547
903019487#0,2280,0,120,70,0.4017857142857143,0.028698979591836853,13.999999999999943
903019487#0,2400,0,120,70,0.5648809523809524,0.0404120853767864,13.978020364804845
903019487#0,2520,0,120,70,0.2,0.014285714285714285,14.000000000000002
903019487#0,2640,0,120,70,0.8791666666666667,0.06279761904761849,14.000000000000124
903019487#0,2760,0,120,70,0.5791666666666666,0.04136904761904771,13.999999999999968
903019487#0,2880,0,120,70,0.7083333333333334,0.0505952380952383,13.999999999999945
903019487#0,3000,0,120,70,0.3333333333333333,0.023809523809523763,14.000000000000027
903019487#0,3120,0,120,70,0.6666666666666666,0.04761904761904719,14.000000000000124
903019487#0,3240,0,120,70,0.7202380952380952,0.05144557823129299,13.99999999999987
903019487#0,3360,0,120,70,0.4785714285714286,0.03418367346938745,14.000000000000126
903019487#0,3480,0,120,70,0.5095238095238095,0.03644557823129263,13.980401306579518
903019487#0,3600,0,120,70,0.041666666666666664,0.0029761904761905697,13.99999999999956
903019487#0,3720,0,120,70,0.2916666666666667,0.020833333333333568,13.999999999999844
903019487#0,3840,0,120,70,0.5833333333333334,0.04166666666666648,14.000000000000064
903019487#0,3960,0,120,70,0.16666666666666666,0.01190476190476202,13.999999999999863
903019487#0,4080,0,120,70,0.4125,0.029464285714286127,13.999999999999803
903019487#0,4200,0,120,70,0.38963293650793646,0.027830924036281388,13.999999999999893
903019487#0,4320,0,120,70,0.28095238095238095,0.020068027210883917,14.000000000000306
903019487#0,4440,0,120,70,0.375,0.026785714285714322,13.99999999999998
903019487#0,4560,0,120,70,0.2916666666666667,0.020833333333332375,14.000000000000645
903019487#0,4680,0,120,70,0.4166666666666667,0.02976190476190496,13.999999999999908
903019487#0,4800,0,120,70,0.3875,0.027678571428571667,13.99999999999988
903019487#0,4920,0,120,70,0.4041666666666667,0.028869047619046687,14.000000000000453
903019487#0,5040,0,120,70,0.2152777777777778,0.015376984126983694,14.000000000000394
903019487#0,5160,0,120,70,0.557936507936508,0.04519959701437819,12.3438381045527
903019487#0,5280,0,120,70,0.4544642857142857,0.06468962585033941,7.0253039763392175
903019487#0,5400,0,120,70,0.730654761904762,0.052189625850339254,14.000000000000238
903019487#0,5520,0,120,70,0.5041666666666667,0.03601190476190426,14.000000000000195
903019487#0,5640,0,120,70,0.4125,0.029464285714285738,13.999999999999988
903019487#0,5760,0,120,70,0.75,0.05895381590136028,12.721822812197214
903019487#0,5880,0,120,70,0.7744047619047619,0.05531462585034067,13.999999999999865
903019487#0,6000,0,120,70,0.919047619047619,0.06593034941249189,13.939674629928264
903019487#0,6120,0,120,70,0.8464285714285714,0.060605860467165,13.966117548766574
903019487#0,6240,0,120,70,0.7934523809523809,0.059078273484966956,13.43052757210792
903019487#0,6360,0,120,70,0.4708333333333334,0.03938277002940889,11.955312767023267
903019487#0,6480,0,120,70,0.15416666666666665,0.011011904761904763,13.999999999999996
903019487#0,6600,0,120,70,0.08333333333333333,0.005952380952380539,14.000000000000972
903019487#0,6720,0,120,70,0.625,0.044642857142857637,13.999999999999845
903019487#0,6840,0,120,70,0.375,0.026881377551020554,13.950177935942985
903019487#0,6960,0,120,70,0.625,0.04477374283046402,13.95907423613356
903019487#0,7080,0,120,70,0.16666666666666666,0.011904761904761701,14.000000000000238
905205417#0,0,0,120,40,0.08333333333333334,0.010416666666666668,8.0
905205417#0,0,40,120,40,0.08333333333333334,0.010416666666666668,8.0
905205417#0,0,80,120,40,0.08333333333333334,0.010416666666666668,8.0
905205417#0,120,0,120,40,0.20833333333333334,0.030598958333333332,6.808510638297873
905205417#0,120,40,120,40,0.20833333333333334,0.026041666666666668,8.0
905205417#0,120,80,120,40,0.20833333333333334,0.026041666666666668,8.0
905205417#0,240,0,120,40,0.08333333333333334,0.010416666666666668,8.0
905205417#0,240,40,120,40,0.08333333333333334,0.010416666666666668,8.0
905205417#0,240,80,120,40,0.08333333333333334,0.010416666666666668,8.0
905205417#0,360,0,120,40,0.125,0.015625,8.0
905205417#0,360,40,120,40,0.10833333333333332,0.013541666666666665,8.0
905205417#0,360,80,120,40,0.08333333333333334,0.010416666666666668,8.0
905205417#0,480,0,120,40,0.25,0.03255208333333333,7.6800000000000015
905205417#0,480,40,120,40,0.25625,0.03203125,8.0
905205417#0,480,80,120,40,0.25,0.03125,8.0
905205417#0,600,0,120,40,0.33333333333333337,0.046223958333333356,7.2112676056338
905205417#0,600,40,120,40,0.34375,0.04296875,8.0
905205417#0,600,80,120,40,0.375,0.046875,8.0
905205417#0,720,0,120,40,0.0,0.0,8.0
905205417#0,720,40,120,40,0.0,0.0,8.0
905205417#0,720,80,120,40,0.0,0.0,8.0
905205417#0,840,0,120,40,0.20833333333333334,0.026041666666666668,8.0
905205417#0,840,40,120,40,0.20833333333333334,0.026041666666666668,8.0
905205417#0,840,80,120,40,0.20833333333333334,0.026041666666666668,8.0
905205417#0,960,0,120,40,0.20833333333333334,0.026041666666666668,8.0
905205417#0,960,40,120,40,0.16666666666666669,0.020833333333333336,8.0
905205417#0,960,80,120,40,0.16666666666666669,0.020833333333333336,8.0
905205417#0,1080,0,120,40,0.33333333333333337,0.04166666666666667,8.0
905205417#0,1080,40,120,40,0.375,0.046875,8.0
905205417#0,1080,80,120,40,0.34895833333333337,0.04361979166666667,8.0
905205417#0,1200,0,120,40,0.33333333333333337,0.04166666666666646,8.00000000000004
905205417#0,1200,40,120,40,0.33333333333333337,0.04166666666666667,8.0
905205417#0,1200,80,120,40,0.33333333333333337,0.04166666666666676,7.999999999999983
905205417#0,1320,0,120,40,0.33333333333333337,0.04934895833333333,6.754617414248022
905205417#0,1320,40,120,40,0.32708333333333334,0.04088541666666667,8.0
905205417#0,1320,80,120,40,0.31770833333333337,0.03971354166666667,8.0
905205417#0,1440,0,120,40,0.20833333333333334,0.03125,6.666666666666667
905205417#0,1440,40,120,40,0.17291666666666666,0.025520833333333333,6.775510204081633
905205417#0,1440,80,120,40,0.20833333333333334,0.03070549242424242,6.784888203546648
905205417#0,1560,0,120,40,0.5416666666666667,0.0859374999999998,6.303030303030318
905205417#0,1560,40,120,40,0.5572916666666667,0.06966145833333334,8.0
905205417#0,1560,80,120,40,0.5416666666666667,0.06770833333333336,7.999999999999998
905205417#0,1680,0,120,40,0.4166666666666667,0.061197916666666664,6.808510638297873
905205417#0,1680,40,120,40,0.4166666666666667,0.052083333333333336,8.0
905205417#0,1680,80,120,40,0.4166666666666667,0.052083333333333336,8.0
905205417#0,1800,0,120,40,0.29166666666666663,0.04166666666666667,6.999999999999998
905205417#0,1800,40,120,40,0.31770833333333337,0.059244791666666664,5.362637362637363
905205417#0,1800,80,120,40,0.33333333333333337,0.051432291666666664,6.481012658227849
905205417#0,1920,0,120,40,0.375,0.05085565476190477,7.373811265544988
905205417#0,1920,40,120,40,0.33333333333333337,0.08651413690476191,3.8529348527198453
905205417#0,1920,80,120,40,0.328125,0.07013888888888889,4.678217821782178
905205417#0,2040,0,120,40,0.04166666666666667,0.005208333333333334,8.0
905205417#0,2040,40,120,40,0.08333333333333334,0.010416666666666668,8.0
905205417#0,2040,80,120,40,0.08854166666666666,0.011067708333333332,8.0
905205417#0,2160,0,120,40,0.25,0.03784722222222222,6.605504587155964
905205417#0,2160,40,120,40,0.25,0.03654513888888889,6.840855106888361
905205417#0,2160,80,120,40,0.25,0.036328125,6.881720430107526
905205417#0,2280,0,120,40,0.125,0.016927083333333336,7.384615384615383
905205417#0,2280,40,120,40,0.125,0.015625,8.0
905205417#0,2280,80,120,40,0.125,0.015625,8.0
905205417#0,2400,0,120,40,0.5520833333333333,0.08333333333333334,6.624999999999998
905205417#0,2400,40,120,40,0.5364583333333333,0.06705729166666666,8.0
905205417#0,2400,80,120,40,0.5,0.0625,8.0
905205417#0,2520,0,120,40,0.28125,0.037109375,7.578947368421052
905205417#0,2520,40,120,40,0.296875,0.037109375,8.0
905205417#0,2520,80,120,40,0.33333333333333337,0.04622395833333333,7.211267605633805
905205417#0,2640,0,120,40,0.4166666666666667,0.06770833333333334,6.153846153846153
905205417#0,2640,40,120,40,0.4166666666666667,0.052083333333333336,8.0
905205417#0,2640,80,120,40,0.4166666666666667,0.052083333333333336,8.0
905205417#0,2760,0,120,40,0.4166666666666667,0.061495535714285975,6.775559588626711
905205417#0,2760,40,120,40,0.4166666666666667,0.052083333333333336,8.0
905205417#0,2760,80,120,40,0.4166666666666667,0.05208333333333294,8.00000000000006
905205417#0,2880,0,120,40,0.29166666666666663,0.045971190754339385,6.3445532273739325
905205417#0,2880,40,120,40,0.29166666666666663,0.03851211337338674,7.573374741574655
905205417#0,2880,80,120,40,0.26041666666666663,0.034382127558967496,7.574187089499793
905205417#0,3000,0,120,40,0.22395833333333334,0.027994791666666668,8.0
905205417#0,3000,40,120,40,0.20833333333333334,0.026041666666666668,8.0
905205417#0,3000,80,120,40,0.19791666666666669,0.024739583333333336,8.0
905205417#0,3120,0,120,40,0.234375,0.05169270833333334,4.534005037783375
905205417#0,3120,40,120,40,0.25,0.054947916666666666,4.549763033175355
905205417#0,3120,80,120,40,0.29166666666666663,0.05364583333333334,5.4368932038834945
905205417#0,3240,0,120,40,0.40625,0.06380208333333334,6.367346938775509
905205417#0,3240,40,120,40,0.375,0.046875,8.0
905205417#0,3240,80,120,40,0.34895833333333337,0.04361979166666667,8.0
905205417#0,3360,0,120,40,0.09375,0.016276041666666664,5.760000000000001
905205417#0,3360,40,120,40,0.125,0.015625,8.0
905205417#0,3360,80,120,40,0.15104166666666669,0.018880208333333336,8.0
905205417#0,3480,0,120,40,0.27083333333333337,0.048828125,5.546666666666668
905205417#0,3480,40,120,40,0.25,0.03125,8.0
905205417#0,3480,80,120,40,0.21354166666666666,0.026692708333333332,8.0
905205417#0,3600,0,120,40,0.3125,0.0546875,5.714285714285714
905205417#0,3600,40,120,40,0.33333333333333337,0.04166666666666667,8.0
905205417#0,3600,80,120,40,0.36979166666666663,0.04622395833333333,8.0
905205417#0,3720,0,120,40,0.08333333333333334,0.010416666666666668,8.0
905205417#0,3720,40,120,40,0.08333333333333334,0.010416666666666668,8.0
905205417#0,3720,80,120,40,0.08333333333333334,0.010416666666666668,8.0
905205417#0,3840,0,120,40,0.525,0.07057291666666667,7.439114391143912
905205417#0,3840,40,120,40,0.5,0.0625,8.0
905205417#0,3840,80,120,40,0.4677083333333333,0.05846354166666666,8.0
905205417#0,3960,0,120,40,0.14166666666666666,0.017708333333333333,8.0
905205417#0,3960,40,120,40,0.16666666666666669,0.020833333333333336,8.0
905205417#0,3960,80,120,40,0.19895833333333332,0.024869791666666665,8.0
905205417#0,4080,0,120,40,0.04166666666666667,0.005208333333333334,8.0
905205417#0,4080,40,120,40,0.04166666666666667,0.005208333333333334,8.0
905205417#0,4080,80,120,40,0.04166666666666667,0.005208333333333334,8.0
905205417#0,4200,0,120,40,0.125,0.015625,8.0
905205417#0,4200,40,120,40,0.125,0.015625,8.0
905205417#0,4200,80,120,40,0.125,0.015625,8.0
905205417#0,4320,0,120,40,0.04166666666666667,0.005208333333333334,8.0
905205417#0,4320,40,120,40,0.04166666666666667,0.005208333333333334,8.0
905205417#0,4320,80,120,40,0.04166666666666667,0.005208333333333334,8.0
905205417#0,4440,0,120,40,0.08333333333333334,0.010416666666666668,8.0
905205417#0,4440,40,120,40,0.08333333333333334,0.010416666666666668,8.0
905205417#0,4440,80,120,40,0.04166666666666667,0.005208333333333334,8.0
905205417#0,4560,0,120,40,0.20833333333333334,0.026041666666666668,8.0
905205417#0,4560,40,120,40,0.18229166666666669,0.022786458333333336,8.0
905205417#0,4560,80,120,40,0.20833333333333334,0.026041666666666668,8.0
905205417#0,4680,0,120,40,0.33333333333333337,0.04622395833333333,7.211267605633805
905205417#0,4680,40,120,40,0.359375,0.044921875,8.0
905205417#0,4680,80,120,40,0.33333333333333337,0.04166666666666667,8.0
905205417#0,4800,0,120,40,0.20833333333333334,0.02734375,7.6190476190476195
905205417#0,4800,40,120,40,0.16666666666666669,0.020833333333333336,8.0
905205417#0,4800,80,120,40,0.20833333333333334,0.026041666666666668,8.0
905205417#0,4920,0,120,40,0.125,0.015625,8.0
905205417#0,4920,40,120,40,0.16666666666666669,0.020833333333333336,8.0
905205417#0,4920,80,120,40,0.16666666666666669,0.020833333333333336,8.0
905205417#0,5040,0,120,40,0.16666666666666669,0.020833333333333336,8.0
905205417#0,5040,40,120,40,0.16666666666666669,0.020833333333333336,8.0
905205417#0,5040,80,120,40,0.16666666666666669,0.020833333333333336,8.0
905205417#0,5160,0,120,40,0.20833333333333334,0.026041666666666668,8.0
905205417#0,5160,40,120,40,0.20833333333333334,0.026041666666666668,8.0
905205417#0,5160,80,120,40,0.20833333333333334,0.027126736111111112,7.68
905205417#0,5280,0,120,40,0.29166666666666663,0.03645833333333333,8.0
905205417#0,5280,40,120,40,0.29166666666666663,0.03645833333333333,8.0
905205417#0,5280,80,120,40,0.25,0.03125,8.0
905205417#0,5400,0,120,40,0.35416666666666663,0.052734375,6.716049382716049
905205417#0,5400,40,120,40,0.30208333333333337,0.046875,6.4444444444444455
905205417#0,5400,80,120,40,0.328125,0.04557291666666667,7.199999999999999
905205417#0,5520,0,120,40,0.35416666666666663,0.06367187500000013,5.562372188139047
905205417#0,5520,40,120,40,0.36458333333333337,0.06106770833333334,5.970149253731344
905205417#0,5520,80,120,40,0.38020833333333337,0.061067708333333325,6.226012793176974
905205417#0,5640,0,120,40,0.5,0.078125,6.4
905205417#0,5640,40,120,40,0.5208333333333333,0.06510416666666666,8.0
905205417#0,5640,80,120,40,0.5,0.0625,8.0
905205417#0,5760,0,120,40,0.0,0.0,8.0
905205417#0,5760,40,120,40,0.020833333333333336,0.002604166666666667,8.0
905205417#0,5760,80,120,40,0.04166666666666667,0.006770833333333333,6.153846153846155
905205417#0,5880,0,120,40,0.4427083333333333,0.07924952651515152,5.5862584017923815
905205417#0,5880,40,120,40,0.38541666666666663,0.08312026515151516,4.636855596696097
905205417#0,5880,80,120,40,0.35416666666666663,0.06888020833333333,5.141776937618147
905205417#0,6000,0,120,40,0.09895833333333334,0.031119791666666667,3.179916317991632
905205417#0,6000,40,120,40,0.15625,0.04309895833333333,3.6253776435045317
905205417#0,6000,80,120,40,0.1875,0.03385416666666667,5.538461538461537
905205417#0,6120,0,120,40,0.0,0.0,8.0
905205417#0,6120,40,120,40,0.0,0.0,8.0
905205417#0,6120,80,120,40,0.0,0.0,8.0
905205417#0,6240,0,120,40,0.125,0.015625,8.0
905205417#0,6240,40,120,40,0.125,0.015625,8.0
905205417#0,6240,80,120,40,0.125,0.015625,8.0
905205417#0,6360,0,120,40,0.08333333333333334,0.010416666666666668,8.0
905205417#0,6360,40,120,40,0.08333333333333334,0.010416666666666668,8.0
905205417#0,6360,80,120,40,0.08333333333333334,0.013020833333333334,6.4
905205417#0,6480,0,120,40,0.16666666666666669,0.024088541666666664,6.91891891891892
905205417#0,6480,40,120,40,0.16666666666666669,0.020833333333333336,8.0
905205417#0,6480,80,120,40,0.16666666666666669,0.020833333333333336,8.0
905205417#0,6600,0,120,40,0.25,0.03255208333333347,7.679999999999969
905205417#0,6600,40,120,40,0.25,0.03125,8.0
905205417#0,6600,80,120,40,0.25,0.03124999999999999,8.000000000000004
905205417#0,6720,0,120,40,0.20833333333333334,0.02734375,7.6190476190476195
905205417#0,6720,40,120,40,0.16666666666666669,0.020833333333333336,8.0
905205417#0,6720,80,120,40,0.15625,0.01953125,8.0
905205417#0,6840,0,120,40,0.375,0.04817708333333333,7.783783783783784
905205417#0,6840,40,120,40,0.4166666666666667,0.052083333333333336,8.0
905205417#0,6840,80,120,40,0.38541666666666663,0.04817708333333333,8.0
905205417#0,6960,0,120,40,0.04166666666666667,0.005208333333333334,8.0
905205417#0,6960,40,120,40,0.04166666666666667,0.005208333333333334,8.0
905205417#0,6960,80,120,40,0.08333333333333334,0.010416666666666668,8.0
905205417#0,7080,0,120,40,0.0,0.0,8.0
905205417#0,7080,40,120,40,0.0,0.0,8.0
905205417#0,7080,80,120,40,0.0,0.0,8.0
905205418#0,0,0,120,40,0.08333333333333334,0.010416666666666668,8.0
905205418#0,0,40,120,40,0.08333333333333334,0.010416666666666668,8.0
905205418#0,0,80,120,40,0.08125,0.01015625,8.0
905205418#0,120,0,120,40,0.04166666666666667,0.005208333333333334,8.0
905205418#0,120,40,120,40,0.04166666666666667,0.005208333333333334,8.0
905205418#0,120,80,120,40,0.04375,0.00546875,8.0
905205418#0,240,0,120,40,0.4583333333333333,0.06640625,6.901960784313725
905205418#0,240,40,120,40,0.45625,0.05703125,8.0
905205418#0,240,80,120,40,0.4166666666666667,0.052083333333333336,8.0
905205418#0,360,0,120,40,0.5,0.083984375,5.953488372093023
905205418#0,360,40,120,40,0.4760416666666667,0.05950520833333334,8.0
905205418#0,360,80,120,40,0.5,0.0625,8.0
905205418#0,480,0,120,40,0.29166666666666663,0.03776041666666667,7.72413793103448
905205418#0,480,40,120,40,0.31770833333333337,0.03971354166666667,8.0
905205418#0,480,80,120,40,0.33333333333333337,0.04166666666666667,8.0
905205418#0,600,0,120,40,0.04166666666666667,0.005208333333333334,8.0
905205418#0,600,40,120,40,0.0,0.0,8.0
905205418#0,600,80,120,40,0.0,0.0,8.0
905205418#0,720,0,120,40,0.16666666666666669,0.022135416666666664,7.529411764705884
905205418#0,720,40,120,40,0.20833333333333334,0.026041666666666668,8.0
905205418#0,720,80,120,40,0.20833333333333334,0.026041666666666668,8.0
905205418#0,840,0,120,40,0.4166666666666667,0.0703125,5.9259259259259265
905205418#0,840,40,120,40,0.390625,0.048828125,8.0
905205418#0,840,80,120,40,0.375,0.046875,8.0
905205418#0,960,0,120,40,0.5989583333333333,0.10807291666666667,5.542168674698794
905205418#0,960,40,120,40,0.609375,0.076171875,8.0
905205418#0,960,80,120,40,0.609375,0.076171875,8.0
905205418#0,1080,0,120,40,0.4427083333333333,0.07581845238095239,5.839057899901864
905205418#0,1080,40,120,40,0.4291666666666667,0.05651971726190476,7.593220338983052
905205418#0,1080,80,120,40,0.4291666666666667,0.05610584077380952,7.649233319519271
905205418#0,1200,0,120,40,0.621875,0.11145833333333333,5.579439252336448
905205418#0,1200,40,120,40,0.6125,0.0765625,8.0
905205418#0,1200,80,120,40,0.609375,0.076171875,8.0
905205418#0,1320,0,120,40,0.5864583333333333,0.11690104166666666,5.01670750723992
905205418#0,1320,40,120,40,0.6166666666666667,0.08020833333333334,7.688311688311688
905205418#0,1320,80,120,40,0.6020833333333333,0.07838541666666667,7.681063122923588
905205418#0,1440,0,120,40,0.196875,0.026041666666666668,7.56
905205418#0,1440,40,120,40,0.175,0.021875,8.0
905205418#0,1440,80,120,40,0.18125,0.02265625,8.0
905205418#0,1560,0,120,40,0.30520833333333336,0.07057291666666667,4.324723247232472
905205418#0,1560,40,120,40,0.31979166666666664,0.07721354166666666,4.141652613827993
905205418#0,1560,80,120,40,0.31875,0.06477141203703704,4.921152557516193
905205418#0,1680,0,120,40,0.4958333333333333,0.06497395833333333,7.6312625250501
905205418#0,1680,40,120,40,0.471875,0.058984375,8.0
905205418#0,1680,80,120,40,0.4979166666666667,0.062239583333333334,8.0
905205418#0,1800,0,120,40,0.5854166666666667,0.103125,5.676767676767677
905205418#0,1800,40,120,40,0.6041666666666667,0.07552083333333334,8.0
905205418#0,1800,80,120,40,0.5854166666666667,0.07317708333333334,8.0
905205418#0,1920,0,120,40,0.625,0.10872395833333333,5.748502994011976
905205418#0,1920,40,120,40,0.609375,0.076171875,8.0
905205418#0,1920,80,120,40,0.6145833333333333,0.07682291666666666,8.0
905205418#0,2040,0,120,40,0.29166666666666663,0.050130208333333336,5.8181818181818175
905205418#0,2040,40,120,40,0.328125,0.041015625,8.0
905205418#0,2040,80,120,40,0.34375,0.04296875,8.0
905205418#0,2160,0,120,40,0.29166666666666663,0.04947916666666667,5.894736842105262
905205418#0,2160,40,120,40,0.26041666666666663,0.03255208333333333,8.0
905205418#0,2160,80,120,40,0.24479166666666666,0.030598958333333332,8.0
905205418#0,2280,0,120,40,0.125,0.016927083333333336,7.384615384615383
905205418#0,2280,40,120,40,0.15625,0.01953125,8.0
905205418#0,2280,80,120,40,0.171875,0.021484375,8.0
905205418#0,2400,0,120,40,0.26041666666666663,0.03971354166666667,6.557377049180326
905205418#0,2400,40,120,40,0.24479166666666666,0.030598958333333332,8.0
905205418#0,2400,80,120,40,0.20833333333333334,0.026041666666666668,8.0
905205418#0,2520,0,120,40,0.6145833333333333,0.10872395833333333,5.652694610778442
905205418#0,2520,40,120,40,0.609375,0.076171875,8.0
905205418#0,2520,80,120,40,0.625,0.078125,8.0
905205418#0,2640,0,120,40,0.578125,0.095703125,6.040816326530612
905205418#0,2640,40,120,40,0.5625,0.0703125,8.0
905205418#0,2640,80,120,40,0.5625,0.0703125,8.0
905205418#0,2760,0,120,40,0.171875,0.025390625,6.769230769230769
905205418#0,2760,40,120,40,0.20833333333333334,0.026041666666666668,8.0
905205418#0,2760,80,120,40,0.22916666666666666,0.028645833333333332,8.0
905205418#0,2880,0,120,40,0.4583333333333333,0.07552083333333334,6.068965517241378
905205418#0,2880,40,120,40,0.421875,0.052734375,8.0
905205418#0,2880,80,120,40,0.40625,0.05078125,8.0
905205418#0,3000,0,120,40,0.4166666666666667,0.061197916666666664,6.808510638297873
905205418#0,3000,40,120,40,0.453125,0.056640625,8.0
905205418#0,3000,80,120,40,0.46875,0.05859375,8.0
905205418#0,3120,0,120,40,0.5052083333333333,0.07708333333333334,6.554054054054053
905205418#0,3120,40,120,40,0.4895833333333333,0.061197916666666664,8.0
905205418#0,3120,80,120,40,0.4583333333333333,0.057291666666666664,8.0
905205418#0,3240,0,120,40,0.453125,0.075390625,6.010362694300518
905205418#0,3240,40,120,40,0.46875,0.05859375,8.0
905205418#0,3240,80,120,40,0.5,0.0625,8.0
905205418#0,3360,0,120,40,0.0,0.0,8.0
905205418#0,3360,40,120,40,0.0,0.0,8.0
905205418#0,3360,80,120,40,0.0,0.0,8.0
905205418#0,3480,0,120,40,0.04166666666666667,0.005208333333333334,8.0
905205418#0,3480,40,120,40,0.04166666666666667,0.005208333333333334,8.0
905205418#0,3480,80,120,40,0.04166666666666667,0.005208333333333334,8.0
905205418#0,3600,0,120,40,0.22395833333333334,0.027994791666666668,8.0
905205418#0,3600,40,120,40,0.20833333333333334,0.026041666666666668,8.0
905205418#0,3600,80,120,40,0.16666666666666669,0.020833333333333336,8.0
905205418#0,3720,0,120,40,0.27604166666666663,0.04947916666666667,5.578947368421051
905205418#0,3720,40,120,40,0.29166666666666663,0.03645833333333333,8.0
905205418#0,3720,80,120,40,0.33333333333333337,0.04166666666666667,8.0
905205418#0,3840,0,120,40,0.375,0.052083333333333336,7.199999999999999
905205418#0,3840,40,120,40,0.375,0.046875,8.0
905205418#0,3840,80,120,40,0.375,0.046875,8.0
905205418#0,3960,0,120,40,0.4322916666666667,0.06966145833333334,6.205607476635514
905205418#0,3960,40,120,40,0.4166666666666667,0.052083333333333336,8.0
905205418#0,3960,80,120,40,0.375,0.046875,8.0
905205418#0,4080,0,120,40,0.026041666666666668,0.0032552083333333335,8.0
905205418#0,4080,40,120,40,0.04166666666666667,0.005208333333333334,8.0
905205418#0,4080,80,120,40,0.08333333333333334,0.010416666666666668,8.0
905205418#0,4200,0,120,40,0.16666666666666669,0.020833333333333336,8.0
905205418#0,4200,40,120,40,0.16666666666666669,0.020833333333333336,8.0
905205418#0,4200,80,120,40,0.16666666666666669,0.020833333333333336,8.0
905205418#0,4320,0,120,40,0.16666666666666669,0.026692708333333332,6.243902439024391
905205418#0,4320,40,120,40,0.13020833333333331,0.016276041666666664,8.0
905205418#0,4320,80,120,40,0.11458333333333333,0.014322916666666666,8.0
905205418#0,4440,0,120,40,0.33333333333333337,0.05078125,6.564102564102565
905205418#0,4440,40,120,40,0.36979166666666663,0.04622395833333333,8.0
905205418#0,4440,80,120,40,0.38541666666666663,0.04817708333333333,8.0
905205418#0,4560,0,120,40,0.453125,0.06901041666666666,6.566037735849058
905205418#0,4560,40,120,40,0.4166666666666667,0.052083333333333336,8.0
905205418#0,4560,80,120,40,0.39583333333333337,0.04947916666666667,8.0
905205418#0,4680,0,120,40,0.38020833333333337,0.053385416666666664,7.121951219512196
905205418#0,4680,40,120,40,0.4145833333333333,0.05221354166666666,7.940149625935162
905205418#0,4680,80,120,40,0.39583333333333337,0.05182291666666666,7.6381909547738704
905205418#0,4800,0,120,40,0.34895833333333337,0.04505208333333333,7.745664739884394
905205418#0,4800,40,120,40,0.33541666666666664,0.04192708333333333,8.0
905205418#0,4800,80,120,40,0.33333333333333337,0.042563657407407404,7.831407205982327
905205418#0,4920,0,120,40,0.19270833333333331,0.025390625,7.589743589743589
905205418#0,4920,40,120,40,0.16666666666666669,0.020833333333333336,8.0
905205418#0,4920,80,120,40,0.20833333333333334,0.026041666666666668,8.0
905205418#0,5040,0,120,40,0.4010416666666667,0.06510416666666666,6.160000000000001
905205418#0,5040,40,120,40,0.4166666666666667,0.052083333333333336,8.0
905205418#0,5040,80,120,40,0.38541666666666663,0.04817708333333333,8.0
905205418#0,5160,0,120,40,0.18229166666666669,0.022786458333333336,8.0
905205418#0,5160,40,120,40,0.20833333333333334,0.026041666666666668,8.0
905205418#0,5160,80,120,40,0.23958333333333334,0.029947916666666668,8.0
905205418#0,5280,0,120,40,0.16666666666666669,0.022135416666666664,7.529411764705884
905205418#0,5280,40,120,40,0.16666666666666669,0.020833333333333336,8.0
905205418#0,5280,80,120,40,0.16666666666666669,0.020833333333333336,8.0
905205418#0,5400,0,120,40,0.4583333333333333,0.06640625,6.901960784313725
905205418#0,5400,40,120,40,0.4583333333333333,0.057291666666666664,8.0
905205418#0,5400,80,120,40,0.4583333333333333,0.057291666666666664,8.0
905205418#0,5520,0,120,40,0.28958333333333336,0.038802083333333334,7.463087248322148
905205418#0,5520,40,120,40,0.25,0.03125,8.0
905205418#0,5520,80,120,40,0.23958333333333334,0.029947916666666668,8.0
905205418#0,5640,0,120,40,0.3770833333333333,0.052994791666666666,7.115479115479116
905205418#0,5640,40,120,40,0.375,0.046875,8.0
905205418#0,5640,80,120,40,0.375,0.046875,8.0
905205418#0,5760,0,120,40,0.125,0.015625,8.0
905205418#0,5760,40,120,40,0.16666666666666669,0.020833333333333336,8.0
905205418#0,5760,80,120,40,0.17708333333333331,0.022135416666666664,8.0
905205418#0,5880,0,120,40,0.33333333333333337,0.053385416666666664,6.243902439024391
905205418#0,5880,40,120,40,0.33333333333333337,0.04166666666666667,8.0
905205418#0,5880,80,120,40,0.33333333333333337,0.04248046875,7.846743295019158
905205418#0,6000,0,120,40,0.20833333333333334,0.026041666666666668,8.0
905205418#0,6000,40,120,40,0.20833333333333334,0.0267578125,7.785888077858882
905205418#0,6000,80,120,40,0.20833333333333334,0.02757161458333333,7.556080283353012
905205418#0,6120,0,120,40,0.33333333333333337,0.056640625,5.885057471264369
905205418#0,6120,40,120,40,0.33333333333333337,0.04166666666666667,8.0
905205418#0,6120,80,120,40,0.33333333333333337,0.04166666666666667,8.0
905205418#0,6240,0,120,40,0.04166666666666667,0.005208333333333334,8.0
905205418#0,6240,40,120,40,0.04166666666666667,0.005208333333333334,8.0
905205418#0,6240,80,120,40,0.04166666666666667,0.005208333333333334,8.0
905205418#0,6360,0,120,40,0.578125,0.099609375,5.803921568627451
905205418#0,6360,40,120,40,0.5416666666666667,0.06770833333333334,8.0
905205418#0,6360,80,120,40,0.5208333333333333,0.06510416666666666,8.0
905205418#0,6480,0,120,40,0.409375,0.0703125,5.822222222222222
905205418#0,6480,40,120,40,0.4166666666666667,0.052083333333333336,8.0
905205418#0,6480,80,120,40,0.409375,0.051171875,8.0
905205418#0,6600,0,120,40,0.4708333333333333,0.06901041666666666,6.822641509433963
905205418#0,6600,40,120,40,0.5,0.0625,8.0
905205418#0,6600,80,120,40,0.528125,0.066015625,8.0
905205418#0,6720,0,120,40,0.5208333333333333,0.08984375,5.797101449275361
905205418#0,6720,40,120,40,0.5,0.0625,8.0
905205418#0,6720,80,120,40,0.4635416666666667,0.057942708333333336,8.0
905205418#0,6840,0,120,40,0.609375,0.11002604166666667,5.538461538461538
905205418#0,6840,40,120,40,0.6145833333333333,0.07682291666666666,8.0
905205418#0,6840,80,120,40,0.6197916666666667,0.07747395833333334,8.0
905205418#0,6960,0,120,40,0.5364583333333333,0.08072916666666666,6.64516129032258
905205418#0,6960,40,120,40,0.5520833333333333,0.06901041666666666,8.0
905205418#0,6960,80,120,40,0.5833333333333333,0.07291666666666666,8.0
905205418#0,7080,0,120,40,0.0,0.0,8.0
905205418#0,7080,40,120,40,0.0,0.0,8.0
905205418#0,7080,80,120,40,0.0,0.0,8.0
908375870,0,0,120,15,0.08333333333333333,0.03703703703703704,2.2499999999999996
908375870,0,15,120,15,0.05555555555555556,0.01851851851851852,3.0
908375870,0,30,120,15,0.041666666666666664,0.01388888888888889,2.9999999999999996
908375870,0,45,120,15,0.041666666666666664,0.01388888888888889,2.9999999999999996
908375870,0,60,120,15,0.0,0.0,3.0
908375870,0,75,120,15,0.0,0.0,3.0
908375870,0,90,120,15,0.0,0.0,3.0
908375870,120,0,120,15,0.16666666666666666,0.06944444444444445,2.4
908375870,120,15,120,15,0.19444444444444445,0.06481481481481481,3.0
908375870,120,30,120,15,0.20833333333333334,0.06944444444444445,3.0
908375870,120,45,120,15,0.20833333333333334,0.06944444444444445,3.0
908375870,120,60,120,15,0.25,0.08333333333333333,3.0
908375870,120,75,120,15,0.25,0.08333333333333333,3.0
908375870,120,90,120,15,0.25,0.08333333333333334,2.9999999999999996
908375870,240,0,120,15,0.125,0.05555555555555556,2.25
908375870,240,15,120,15,0.125,0.041666666666666664,3.0
908375870,240,30,120,15,0.125,0.041666666666666664,3.0
908375870,240,45,120,15,0.125,0.041666666666666664,3.0
908375870,240,60,120,15,0.11111111111111112,0.03703703703703704,3.0
908375870,240,75,120,15,0.08333333333333333,0.02777777777777778,2.9999999999999996
908375870,240,90,120,15,0.08333333333333333,0.02777777777777778,2.9999999999999996
908375870,360,0,120,15,0.0,0.0,3.0
908375870,360,15,120,15,0.0,0.0,3.0
908375870,360,30,120,15,0.0,0.0,3.0
908375870,360,45,120,15,0.0,0.0,3.0
908375870,360,60,120,15,0.01388888888888889,0.00462962962962963,3.0
908375870,360,75,120,15,0.041666666666666664,0.01388888888888889,2.9999999999999996
908375870,360,90,120,15,0.041666666666666664,0.013888888888888866,3.000000000000005
908375870,480,0,120,15,0.0,0.0,3.0
908375870,480,15,120,15,0.0,0.0,3.0
908375870,480,30,120,15,0.0,0.0,3.0
908375870,480,45,120,15,0.0,0.0,3.0
908375870,480,60,120,15,0.0,0.0,3.0
908375870,480,75,120,15,0.0,0.0,3.0
908375870,480,90,120,15,0.0,0.0,3.0
908375870,600,0,120,15,0.0,0.0,3.0
908375870,600,15,120,15,0.0,0.0,3.0
908375870,600,30,120,15,0.0,0.0,3.0
908375870,600,45,120,15,0.0,0.0,3.0
908375870,600,60,120,15,0.0,0.0,3.0
908375870,600,75,120,15,0.0,0.0,3.0
908375870,600,90,120,15,0.0,0.0,3.0
908375870,720,0,120,15,0.0,0.0,3.0
908375870,720,15,120,15,0.0,0.0,3.0
908375870,720,30,120,15,0.0,0.0,3.0
908375870,720,45,120,15,0.0,0.0,3.0
908375870,720,60,120,15,0.0,0.0,3.0
908375870,720,75,120,15,0.0,0.0,3.0
908375870,720,90,120,15,0.0,0.0,3.0
908375870,840,0,120,15,0.0,0.0,3.0
908375870,840,15,120,15,0.0,0.0,3.0
908375870,840,30,120,15,0.0,0.0,3.0
908375870,840,45,120,15,0.0,0.0,3.0
908375870,840,60,120,15,0.0,0.0,3.0
908375870,840,75,120,15,0.0,0.0,3.0
908375870,840,90,120,15,0.0,0.0,3.0
908375870,960,0,120,15,0.0,0.0,3.0
908375870,960,15,120,15,0.0,0.0,3.0
908375870,960,30,120,15,0.0,0.0,3.0
908375870,960,45,120,15,0.0,0.0,3.0
908375870,960,60,120,15,0.0,0.0,3.0
908375870,960,75,120,15,0.0,0.0,3.0
908375870,960,90,120,15,0.0,0.0,3.0
908375870,1080,0,120,15,0.0,0.0,3.0
908375870,1080,15,120,15,0.0,0.0,3.0
908375870,1080,30,120,15,0.0,0.0,3.0
908375870,1080,45,120,15,0.0,0.0,3.0
908375870,1080,60,120,15,0.0,0.0,3.0
908375870,1080,75,120,15,0.0,0.0,3.0
908375870,1080,90,120,15,0.0,0.0,3.0
908375870,1200,0,120,15,0.0,0.0,3.0
908375870,1200,15,120,15,0.0,0.0,3.0
908375870,1200,30,120,15,0.0,0.0,3.0
908375870,1200,45,120,15,0.0,0.0,3.0
908375870,1200,60,120,15,0.0,0.0,3.0
908375870,1200,75,120,15,0.0,0.0,3.0
908375870,1200,90,120,15,0.0,0.0,3.0
908375870,1320,0,120,15,0.0,0.0,3.0
908375870,1320,15,120,15,0.0,0.0,3.0
908375870,1320,30,120,15,0.0,0.0,3.0
908375870,1320,45,120,15,0.0,0.0,3.0
908375870,1320,60,120,15,0.0,0.0,3.0
908375870,1320,75,120,15,0.0,0.0,3.0
908375870,1320,90,120,15,0.0,0.0,3.0
908375870,1440,0,120,15,0.041666666666666664,0.01388888888888889,2.9999999999999996
908375870,1440,15,120,15,0.041666666666666664,0.01388888888888889,2.9999999999999996
908375870,1440,30,120,15,0.041666666666666664,0.01388888888888889,2.9999999999999996
908375870,1440,45,120,15,0.041666666666666664,0.01388888888888889,2.9999999999999996
908375870,1440,60,120,15,0.041666666666666664,0.01388888888888889,2.9999999999999996
908375870,1440,75,120,15,0.0,0.0,3.0
908375870,1440,90,120,15,0.0,0.0,3.0
908375870,1560,0,120,15,0.18055555555555555,0.08333333333333333,2.166666666666667
908375870,1560,15,120,15,0.16666666666666666,0.05555555555555556,2.9999999999999996
908375870,1560,30,120,15,0.16666666666666666,0.05555555555555556,2.9999999999999996
908375870,1560,45,120,15,0.125,0.041666666666666664,3.0
908375870,1560,60,120,15,0.125,0.041666666666666664,3.0
908375870,1560,75,120,15,0.15277777777777776,0.05092592592592593,2.9999999999999996
908375870,1560,90,120,15,0.125,0.041666666666666664,3.0
908375870,1680,0,120,15,0.18055555555555555,0.25925925925925924,0.6964285714285715
908375870,1680,15,120,15,0.16666666666666666,0.05555555555555556,2.9999999999999996
908375870,1680,30,120,15,0.1388888888888889,0.24074074074074078,0.5769230769230769
908375870,1680,45,120,15,0.16666666666666666,0.05555555555555556,2.9999999999999996
908375870,1680,60,120,15,0.125,0.25,0.5
908375870,1680,75,120,15,0.125,0.26388888888888895,0.47368421052631565
908375870,1680,90,120,15,0.125,0.04166666666666656,3.0000000000000075
908375870,1800,0,120,15,0.1388888888888889,0.2685185185185185,0.5172413793103449
908375870,1800,15,120,15,0.15277777777777776,0.05092592592592593,2.9999999999999996
908375870,1800,30,120,15,0.15277777777777776,0.24537037037037035,0.6226415094339622
908375870,1800,45,120,15,0.16666666666666666,0.05555555555555556,2.9999999999999996
908375870,1800,60,120,15,0.18055555555555555,0.24074074074074076,0.7499999999999999
908375870,1800,75,120,15,0.18055555555555555,0.22685185185185183,0.7959183673469389
908375870,1800,90,120,15,0.20833333333333334,0.06944444444444424,3.000000000000009
908375870,1920,0,120,15,0.20833333333333334,0.0925925925925926,2.25
908375870,1920,15,120,15,0.22222222222222224,0.07407407407407408,3.0
908375870,1920,30,120,15,0.25,0.08333333333333333,3.0
908375870,1920,45,120,15,0.25,0.08333333333333333,3.0
908375870,1920,60,120,15,0.2777777777777778,0.09259259259259259,3.0000000000000004
908375870,1920,75,120,15,0.2916666666666667,0.09722222222222222,3.0
908375870,1920,90,120,15,0.2916666666666667,0.09722222222222202,3.0000000000000067
908375870,2040,0,120,15,0.0,0.0,3.0
908375870,2040,15,120,15,0.0,0.0,3.0
908375870,2040,30,120,15,0.0,0.0,3.0
908375870,2040,45,120,15,0.0,0.0,3.0
908375870,2040,60,120,15,0.0,0.0,3.0
908375870,2040,75,120,15,0.0,0.0,3.0
908375870,2040,90,120,15,0.0,0.0,3.0
908375870,2160,0,120,15,0.0,0.0,3.0
908375870,2160,15,120,15,0.0,0.0,3.0
908375870,2160,30,120,15,0.0,0.0,3.0
908375870,2160,45,120,15,0.0,0.0,3.0
908375870,2160,60,120,15,0.0,0.0,3.0
908375870,2160,75,120,15,0.0,0.0,3.0
908375870,2160,90,120,15,0.0,0.0,3.0
908375870,2280,0,120,15,0.0,0.0,3.0
908375870,2280,15,120,15,0.0,0.0,3.0
908375870,2280,30,120,15,0.0,0.0,3.0
908375870,2280,45,120,15,0.0,0.0,3.0
908375870,2280,60,120,15,0.0,0.0,3.0
908375870,2280,75,120,15,0.0,0.0,3.0
908375870,2280,90,120,15,0.0,0.0,3.0
908375870,2400,0,120,15,0.0,0.0,3.0
908375870,2400,15,120,15,0.0,0.0,3.0
908375870,2400,30,120,15,0.0,0.0,3.0
908375870,2400,45,120,15,0.0,0.0,3.0
908375870,2400,60,120,15,0.0,0.0,3.0
908375870,2400,75,120,15,0.0,0.0,3.0
908375870,2400,90,120,15,0.0,0.0,3.0
908375870,2520,0,120,15,0.0,0.0,3.0
908375870,2520,15,120,15,0.0,0.0,3.0
908375870,2520,30,120,15,0.0,0.0,3.0
908375870,2520,45,120,15,0.0,0.0,3.0
908375870,2520,60,120,15,0.0,0.0,3.0
908375870,2520,75,120,15,0.0,0.0,3.0
908375870,2520,90,120,15,0.0,0.0,3.0
908375870,2640,0,120,15,0.0,0.0,3.0
908375870,2640,15,120,15,0.0,0.0,3.0
908375870,2640,30,120,15,0.0,0.0,3.0
908375870,2640,45,120,15,0.0,0.0,3.0
908375870,2640,60,120,15,0.0,0.0,3.0
908375870,2640,75,120,15,0.0,0.0,3.0
908375870,2640,90,120,15,0.0,0.0,3.0
908375870,2760,0,120,15,0.08333333333333333,0.03703703703703704,2.2499999999999996
908375870,2760,15,120,15,0.08333333333333333,0.02777777777777778,2.9999999999999996
908375870,2760,30,120,15,0.08333333333333333,0.02777777777777778,2.9999999999999996
908375870,2760,45,120,15,0.05555555555555556,0.01851851851851852,3.0
908375870,2760,60,120,15,0.041666666666666664,0.01388888888888889,2.9999999999999996
908375870,2760,75,120,15,0.041666666666666664,0.01388888888888889,2.9999999999999996
908375870,2760,90,120,15,0.0,0.0,3.0
908375870,2880,0,120,15,0.0,0.0,3.0
908375870,2880,15,120,15,0.0,0.0,3.0
908375870,2880,30,120,15,0.0,0.0,3.0
908375870,2880,45,120,15,0.02777777777777778,0.00925925925925926,3.0
908375870,2880,60,120,15,0.041666666666666664,0.01388888888888889,2.9999999999999996
908375870,2880,75,120,15,0.041666666666666664,0.01388888888888889,2.9999999999999996
908375870,2880,90,120,15,0.08333333333333333,0.02777777777777778,2.9999999999999996
908375870,3000,0,120,15,0.041666666666666664,0.01388888888888889,2.9999999999999996
908375870,3000,15,120,15,0.041666666666666664,0.01388888888888889,2.9999999999999996
908375870,3000,30,120,15,0.041666666666666664,0.01388888888888889,2.9999999999999996
908375870,3000,45,120,15,0.041666666666666664,0.01388888888888889,2.9999999999999996
908375870,3000,60,120,15,0.041666666666666664,0.01388888888888889,2.9999999999999996
908375870,3000,75,120,15,0.041666666666666664,0.01388888888888889,2.9999999999999996
908375870,3000,90,120,15,0.041666666666666664,0.01388888888888889,2.9999999999999996
908375870,3120,0,120,15,0.0,0.0,3.0
908375870,3120,15,120,15,0.0,0.0,3.0
908375870,3120,30,120,15,0.0,0.0,3.0
908375870,3120,45,120,15,0.0,0.0,3.0
908375870,3120,60,120,15,0.0,0.0,3.0
908375870,3120,75,120,15,0.0,0.0,3.0
908375870,3120,90,120,15,0.0,0.0,3.0
908375870,3240,0,120,15,0.08333333333333333,0.03703703703703704,2.2499999999999996
908375870,3240,15,120,15,0.05555555555555556,0.01851851851851852,3.0
908375870,3240,30,120,15,0.041666666666666664,0.01388888888888889,2.9999999999999996
908375870,3240,45,120,15,0.041666666666666664,0.01388888888888889,2.9999999999999996
908375870,3240,60,120,15,0.0,0.0,3.0
908375870,3240,75,120,15,0.0,0.0,3.0
908375870,3240,90,120,15,0.0,0.0,3.0
908375870,3360,0,120,15,0.3611111111111111,0.17129629629629628,2.1081081081081083
908375870,3360,15,120,15,0.3611111111111111,0.12037037037037038,2.9999999999999996
908375870,3360,30,120,15,0.375,0.13425925925925924,2.7931034482758625
908375870,3360,45,120,15,0.3472222222222222,0.125,2.7777777777777777
908375870,3360,60,120,15,0.375,0.125,3.0
908375870,3360,75,120,15,0.375,0.13425925925925924,2.7931034482758625
908375870,3360,90,120,15,0.3333333333333333,0.11111111111111174,2.9999999999999827
908375870,3480,0,120,15,0.19444444444444445,0.24074074074074078,0.8076923076923076
908375870,3480,15,120,15,0.20833333333333334,0.06944444444444445,3.0
908375870,3480,30,120,15,0.20833333333333334,0.22222222222222227,0.9374999999999999
908375870,3480,45,120,15,0.19444444444444445,0.06481481481481481,3.0
908375870,3480,60,120,15,0.20833333333333334,0.22222222222222224,0.9375
908375870,3480,75,120,15,0.19444444444444445,0.2175925925925926,0.8936170212765958
908375870,3480,90,120,15,0.20833333333333334,0.06944444444444466,2.999999999999991
908375870,3600,0,120,15,0.15277777777777776,0.05555555555555556,2.7499999999999996
908375870,3600,15,120,15,0.16666666666666666,0.05555555555555556,2.9999999999999996
908375870,3600,30,120,15,0.16666666666666666,0.05555555555555556,2.9999999999999996
908375870,3600,45,120,15,0.20833333333333334,0.06944444444444445,3.0
908375870,3600,60,120,15,0.20833333333333334,0.06944444444444445,3.0
908375870,3600,75,120,15,0.22222222222222224,0.07407407407407408,3.0
908375870,3600,90,120,15,0.25,0.08333333333333376,2.999999999999985
908375870,3720,0,120,15,0.0,0.0,3.0
908375870,3720,15,120,15,0.0,0.0,3.0
908375870,3720,30,120,15,0.0,0.0,3.0
908375870,3720,45,120,15,0.0,0.0,3.0
908375870,3720,60,120,15,0.0,0.0,3.0
908375870,3720,75,120,15,0.0,0.0,3.0
908375870,3720,90,120,15,0.0,0.0,3.0
908375870,3840,0,120,15,0.0,0.0,3.0
908375870,3840,15,120,15,0.0,0.0,3.0
908375870,3840,30,120,15,0.0,0.0,3.0
908375870,3840,45,120,15,0.0,0.0,3.0
908375870,3840,60,120,15,0.0,0.0,3.0
908375870,3840,75,120,15,0.0,0.0,3.0
908375870,3840,90,120,15,0.0,0.0,3.0
908375870,3960,0,120,15,0.041666666666666664,0.01388888888888889,2.9999999999999996
908375870,3960,15,120,15,0.041666666666666664,0.01388888888888889,2.9999999999999996
908375870,3960,30,120,15,0.041666666666666664,0.01388888888888889,2.9999999999999996
908375870,3960,45,120,15,0.041666666666666664,0.01388888888888889,2.9999999999999996
908375870,3960,60,120,15,0.041666666666666664,0.01388888888888889,2.9999999999999996
908375870,3960,75,120,15,0.041666666666666664,0.01388888888888889,2.9999999999999996
908375870,3960,90,120,15,0.041666666666666664,0.01388888888888889,2.9999999999999996
908375870,4080,0,120,15,0.125,0.05555555555555556,2.25
908375870,4080,15,120,15,0.125,0.04398148148148148,2.8421052631578947
908375870,4080,30,120,15,0.125,0.04398148148148148,2.8421052631578947
908375870,4080,45,120,15,0.125,0.046296296296296294,2.7
908375870,4080,60,120,15,0.125,0.041666666666666664,3.0
908375870,4080,75,120,15,0.125,0.046296296296296294,2.7
908375870,4080,90,120,15,0.125,0.04166666666666625,3.00000000000003
908375870,4200,0,120,15,0.0,0.0,3.0
908375870,4200,15,120,15,0.0,0.0,3.0
908375870,4200,30,120,15,0.0,0.0,3.0
908375870,4200,45,120,15,0.0,0.0,3.0
908375870,4200,60,120,15,0.0,0.0,3.0
908375870,4200,75,120,15,0.0,0.0,3.0
908375870,4200,90,120,15,0.0,0.0,3.0
908375870,4320,0,120,15,0.0,0.0,3.0
908375870,4320,15,120,15,0.0,0.0,3.0
908375870,4320,30,120,15,0.0,0.0,3.0
908375870,4320,45,120,15,0.0,0.0,3.0
908375870,4320,60,120,15,0.0,0.0,3.0
908375870,4320,75,120,15,0.0,0.0,3.0
908375870,4320,90,120,15,0.0,0.0,3.0
908375870,4440,0,120,15,0.11111111111111112,0.05092592592592593,2.1818181818181817
908375870,4440,15,120,15,0.08333333333333333,0.02777777777777778,2.9999999999999996
908375870,4440,30,120,15,0.08333333333333333,0.02777777777777778,2.9999999999999996
908375870,4440,45,120,15,0.05555555555555556,0.01851851851851852,3.0
908375870,4440,60,120,15,0.041666666666666664,0.01388888888888889,2.9999999999999996
908375870,4440,75,120,15,0.041666666666666664,0.01388888888888889,2.9999999999999996
908375870,4440,90,120,15,0.0,0.0,3.0
908375870,4560,0,120,15,0.09722222222222222,0.041666666666666664,2.3333333333333335
908375870,4560,15,120,15,0.125,0.041666666666666664,3.0
908375870,4560,30,120,15,0.125,0.041666666666666664,3.0
908375870,4560,45,120,15,0.15277777777777776,0.05092592592592593,2.9999999999999996
908375870,4560,60,120,15,0.16666666666666666,0.05555555555555556,2.9999999999999996
908375870,4560,75,120,15,0.16666666666666666,0.05555555555555556,2.9999999999999996
908375870,4560,90,120,15,0.20833333333333334,0.06944444444444402,3.0000000000000187
908375870,4680,0,120,15,0.20833333333333334,0.0925925925925926,2.25
908375870,4680,15,120,15,0.20833333333333334,0.06944444444444445,3.0
908375870,4680,30,120,15,0.20833333333333334,0.06944444444444445,3.0
908375870,4680,45,120,15,0.20833333333333334,0.06944444444444445,3.0
908375870,4680,60,120,15,0.20833333333333334,0.06944444444444445,3.0
908375870,4680,75,120,15,0.20833333333333334,0.06944444444444445,3.0
908375870,4680,90,120,15,0.20833333333333334,0.06944444444444402,3.0000000000000187
908375870,4800,0,120,15,0.0,0.0,3.0
908375870,4800,15,120,15,0.0,0.0,3.0
908375870,4800,30,120,15,0.0,0.0,3.0
908375870,4800,45,120,15,0.0,0.0,3.0
908375870,4800,60,120,15,0.0,0.0,3.0
908375870,4800,75,120,15,0.0,0.0,3.0
908375870,4800,90,120,15,0.0,0.0,3.0
908375870,4920,0,120,15,0.0,0.0,3.0
908375870,4920,15,120,15,0.0,0.0,3.0
908375870,4920,30,120,15,0.0,0.0,3.0
908375870,4920,45,120,15,0.0,0.0,3.0
908375870,4920,60,120,15,0.0,0.0,3.0
908375870,4920,75,120,15,0.0,0.0,3.0
908375870,4920,90,120,15,0.0,0.0,3.0
908375870,5040,0,120,15,0.0,0.0,3.0
908375870,5040,15,120,15,0.0,0.0,3.0
908375870,5040,30,120,15,0.0,0.0,3.0
908375870,5040,45,120,15,0.0,0.0,3.0
908375870,5040,60,120,15,0.0,0.0,3.0
908375870,5040,75,120,15,0.0,0.0,3.0
908375870,5040,90,120,15,0.0,0.0,3.0
908375870,5160,0,120,15,0.041666666666666664,0.01388888888888889,2.9999999999999996
908375870,5160,15,120,15,0.041666666666666664,0.01388888888888889,2.9999999999999996
908375870,5160,30,120,15,0.041666666666666664,0.01388888888888889,2.9999999999999996
908375870,5160,45,120,15,0.041666666666666664,0.01388888888888889,2.9999999999999996
908375870,5160,60,120,15,0.041666666666666664,0.01388888888888889,2.9999999999999996
908375870,5160,75,120,15,0.041666666666666664,0.01388888888888889,2.9999999999999996
908375870,5160,90,120,15,0.041666666666666664,0.01388888888888889,2.9999999999999996
908375870,5280,0,120,15,0.0,0.0,3.0
908375870,5280,15,120,15,0.0,0.0,3.0
908375870,5280,30,120,15,0.0,0.0,3.0
908375870,5280,45,120,15,0.0,0.0,3.0
908375870,5280,60,120,15,0.0,0.0,3.0
908375870,5280,75,120,15,0.0,0.0,3.0
908375870,5280,90,120,15,0.0,0.0,3.0
908375870,5400,0,120,15,0.0,0.0,3.0
908375870,5400,15,120,15,0.0,0.0,3.0
908375870,5400,30,120,15,0.0,0.0,3.0
908375870,5400,45,120,15,0.0,0.0,3.0
908375870,5400,60,120,15,0.0,0.0,3.0
908375870,5400,75,120,15,0.0,0.0,3.0
908375870,5400,90,120,15,0.0,0.0,3.0
908375870,5520,0,120,15,0.0,0.0,3.0
908375870,5520,15,120,15,0.0,0.0,3.0
908375870,5520,30,120,15,0.0,0.0,3.0
908375870,5520,45,120,15,0.0,0.0,3.0
908375870,5520,60,120,15,0.0,0.0,3.0
908375870,5520,75,120,15,0.0,0.0,3.0
908375870,5520,90,120,15,0.0,0.0,3.0
908375870,5640,0,120,15,0.0,0.0,3.0
908375870,5640,15,120,15,0.0,0.0,3.0
908375870,5640,30,120,15,0.0,0.0,3.0
908375870,5640,45,120,15,0.0,0.0,3.0
908375870,5640,60,120,15,0.0,0.0,3.0
908375870,5640,75,120,15,0.0,0.0,3.0
908375870,5640,90,120,15,0.0,0.0,3.0
908375870,5760,0,120,15,0.041666666666666664,0.01388888888888889,2.9999999999999996
908375870,5760,15,120,15,0.041666666666666664,0.01388888888888889,2.9999999999999996
908375870,5760,30,120,15,0.041666666666666664,0.01388888888888889,2.9999999999999996
908375870,5760,45,120,15,0.041666666666666664,0.01388888888888889,2.9999999999999996
908375870,5760,60,120,15,0.041666666666666664,0.01388888888888889,2.9999999999999996
908375870,5760,75,120,15,0.041666666666666664,0.01388888888888889,2.9999999999999996
908375870,5760,90,120,15,0.041666666666666664,0.01388888888888889,2.9999999999999996
908375870,5880,0,120,15,0.0,0.0,3.0
908375870,5880,15,120,15,0.0,0.0,3.0
908375870,5880,30,120,15,0.0,0.0,3.0
908375870,5880,45,120,15,0.0,0.0,3.0
908375870,5880,60,120,15,0.0,0.0,3.0
908375870,5880,75,120,15,0.0,0.0,3.0
908375870,5880,90,120,15,0.0,0.0,3.0
908375870,6000,0,120,15,0.0,0.0,3.0
908375870,6000,15,120,15,0.0,0.0,3.0
908375870,6000,30,120,15,0.0,0.0,3.0
908375870,6000,45,120,15,0.0,0.0,3.0
908375870,6000,60,120,15,0.0,0.0,3.0
908375870,6000,75,120,15,0.0,0.0,3.0
908375870,6000,90,120,15,0.0,0.0,3.0
908375870,6120,0,120,15,0.0,0.0,3.0
908375870,6120,15,120,15,0.0,0.0,3.0
908375870,6120,30,120,15,0.0,0.0,3.0
908375870,6120,45,120,15,0.0,0.0,3.0
908375870,6120,60,120,15,0.0,0.0,3.0
908375870,6120,75,120,15,0.0,0.0,3.0
908375870,6120,90,120,15,0.0,0.0,3.0
908375870,6240,0,120,15,0.0,0.0,3.0
908375870,6240,15,120,15,0.0,0.0,3.0
908375870,6240,30,120,15,0.0,0.0,3.0
908375870,6240,45,120,15,0.0,0.0,3.0
908375870,6240,60,120,15,0.0,0.0,3.0
908375870,6240,75,120,15,0.0,0.0,3.0
908375870,6240,90,120,15,0.0,0.0,3.0
908375870,6360,0,120,15,0.19444444444444445,0.15277777777777776,1.272727272727273
908375870,6360,15,120,15,0.16666666666666666,0.05555555555555556,2.9999999999999996
908375870,6360,30,120,15,0.1388888888888889,0.125,1.1111111111111112
908375870,6360,45,120,15,0.125,0.05092592592592593,2.454545454545454
908375870,6360,60,120,15,0.08333333333333333,0.11111111111111112,0.7499999999999999
908375870,6360,75,120,15,0.06944444444444445,0.12962962962962965,0.5357142857142857
908375870,6360,90,120,15,0.041666666666666664,0.01388888888888889,2.9999999999999996
908375870,6480,0,120,15,0.09722222222222222,0.12037037037037039,0.8076923076923076
908375870,6480,15,120,15,0.125,0.04398148148148148,2.8421052631578947
908375870,6480,30,120,15,0.15277777777777776,0.12268518518518519,1.2452830188679245
908375870,6480,45,120,15,0.16666666666666666,0.06018518518518519,2.7692307692307687
908375870,6480,60,120,15,0.20833333333333334,0.19444444444444445,1.0714285714285714
908375870,6480,75,120,15,0.22222222222222224,0.18981481481481483,1.170731707317073
908375870,6480,90,120,15,0.25,0.08564814814814731,2.9189189189189477
908375870,6600,0,120,15,0.0,0.0,3.0
908375870,6600,15,120,15,0.0,0.0,3.0
908375870,6600,30,120,15,0.0,0.0,3.0
908375870,6600,45,120,15,0.0,0.0,3.0
908375870,6600,60,120,15,0.0,0.0,3.0
908375870,6600,75,120,15,0.0,0.0,3.0
908375870,6600,90,120,15,0.0,0.0,3.0
908375870,6720,0,120,15,0.0,0.0,3.0
908375870,6720,15,120,15,0.0,0.0,3.0
908375870,6720,30,120,15,0.0,0.0,3.0
908375870,6720,45,120,15,0.0,0.0,3.0
908375870,6720,60,120,15,0.0,0.0,3.0
908375870,6720,75,120,15,0.0,0.0,3.0
908375870,6720,90,120,15,0.0,0.0,3.0
908375870,6840,0,120,15,0.0,0.0,3.0
908375870,6840,15,120,15,0.0,0.0,3.0
908375870,6840,30,120,15,0.0,0.0,3.0
908375870,6840,45,120,15,0.0,0.0,3.0
908375870,6840,60,120,15,0.0,0.0,3.0
908375870,6840,75,120,15,0.0,0.0,3.0
908375870,6840,90,120,15,0.0,0.0,3.0
908375870,6960,0,120,15,0.041666666666666664,0.01388888888888889,2.9999999999999996
908375870,6960,15,120,15,0.041666666666666664,0.01388888888888889,2.9999999999999996
908375870,6960,30,120,15,0.041666666666666664,0.01388888888888889,2.9999999999999996
908375870,6960,45,120,15,0.041666666666666664,0.01388888888888889,2.9999999999999996
908375870,6960,60,120,15,0.041666666666666664,0.01388888888888889,2.9999999999999996
908375870,6960,75,120,15,0.041666666666666664,0.01388888888888889,2.9999999999999996
908375870,6960,90,120,15,0.041666666666666664,0.01388888888888889,2.9999999999999996
908375870,7080,0,120,15,0.0,0.0,3.0
908375870,7080,15,120,15,0.0,0.0,3.0
908375870,7080,30,120,15,0.0,0.0,3.0
908375870,7080,45,120,15,0.0,0.0,3.0
908375870,7080,60,120,15,0.0,0.0,3.0
908375870,7080,75,120,15,0.0,0.0,3.0
908375870,7080,90,120,15,0.0,0.0,3.0
908375872#2,0,0,120,70,0.0,0.0,14.0
908375872#2,120,0,120,70,0.8333333333333334,0.06456602625305637,12.906684547492743
908375872#2,240,0,120,70,0.3333333333333333,0.024942988559059978,13.363808933483133
908375872#2,360,0,120,70,0.16666666666666666,0.01190476190476189,14.000000000000016
908375872#2,480,0,120,70,0.08333333333333333,0.00595238095238096,13.999999999999982
908375872#2,600,0,120,70,0.625,0.04464285714285762,13.999999999999849
908375872#2,720,0,120,70,0.25,0.019295824245728715,12.956171077031835
908375872#2,840,0,120,70,0.20833333333333334,0.014880952380952505,13.999999999999885
908375872#2,960,0,120,70,0.5416666666666666,0.040487078977932585,13.378753922008084
908375872#2,1080,0,120,70,0.5416666666666666,0.03869047619047666,13.99999999999983
908375872#2,1200,0,120,70,0.125,0.008928571428571527,13.999999999999845
908375872#2,1320,0,120,70,0.2916666666666667,0.020833333333333516,13.999999999999877
908375872#2,1440,0,120,70,0.584375,0.0417410714285718,13.999999999999874
908375872#2,1560,0,120,70,0.415625,0.03303366589379691,12.581861224129122
908375872#2,1680,0,120,70,0.16651785714285713,0.01189413265306133,13.999999999999874
908375872#2,1800,0,120,70,0.20833333333333334,0.014880952380952524,13.999999999999867
908375872#2,1920,0,120,70,0.2916666666666667,0.020833333333333537,13.999999999999865
908375872#2,2040,0,120,70,0.2916666666666667,0.020833333333333454,13.99999999999992
908375872#2,2160,0,120,70,0.22916666666666669,0.016369047619047797,13.999999999999849
908375872#2,2280,0,120,70,0.2708333333333333,0.0193452380952382,13.999999999999924
908375872#2,2400,0,120,70,0.6666666666666666,0.04761904761904808,13.999999999999863
908375872#2,2520,0,120,70,0.7916666666666666,0.05869547872340459,13.487694178239877
908375872#2,2640,0,120,70,0.6979166666666666,0.05164779326364738,13.513000702740568
908375872#2,2760,0,120,70,0.71875,0.05133928571428631,13.999999999999838
908375872#2,2880,0,120,70,0.7135416666666666,0.052405943293348335,13.615663068452648
908375872#2,3000,0,120,70,0.8958333333333334,0.06999740001758312,12.79809440219641
908375872#2,3120,0,120,70,0.5989583333333334,0.04278273809523851,13.999999999999865
908375872#2,3240,0,120,70,0.3333333333333333,0.023809523809524075,13.999999999999844
908375872#2,3360,0,120,70,0.5833333333333334,0.041666666666667,13.99999999999989
908375872#2,3480,0,120,70,0.75,0.05382801462644408,13.933265144643615
908375872#2,3600,0,120,70,0.2916666666666667,0.02238820207570225,13.027694929697386
908375872#2,3720,0,120,70,0.20833333333333334,0.014880952380952417,13.999999999999966
908375872#2,3840,0,120,70,0.0,0.0,14.0
908375872#2,3960,0,120,70,0.20833333333333334,0.014880952380952417,13.999999999999966
908375872#2,4080,0,120,70,0.6666666666666666,0.0478218210361056,13.940637395705437
908375872#2,4200,0,120,70,0.20833333333333334,0.014880952380951313,14.000000000001005
908375872#2,4320,0,120,70,0.12901785714285716,0.00921556122449002,13.999999999999662
908375872#2,4440,0,120,70,0.41264880952380956,0.029474914965988815,13.999999999998852
908375872#2,4560,0,120,70,0.16666666666666666,0.011904761904761783,14.000000000000142
908375872#2,4680,0,120,70,0.25,0.01785714285714153,14.00000000000104
908375872#2,4800,0,120,70,0.3833333333333333,0.029182807382210924,13.135587961527076
908375872#2,4920,0,120,70,0.575,0.04107142857142612,14.000000000000833
908375872#2,5040,0,120,70,0.0,0.0,14.0
908375872#2,5160,0,120,70,0.08333333333333333,0.005952380952380511,14.000000000001036
908375872#2,5280,0,120,70,0.2079861111111111,0.014856150793650963,13.99999999999984
908375872#2,5400,0,120,70,0.45833333333333337,0.032738095238093484,14.000000000000751
908375872#2,5520,0,120,70,0.45625,0.03258928571428368,14.000000000000872
908375872#2,5640,0,120,70,0.296875,0.021205357142855822,14.000000000000872
908375872#2,5760,0,120,70,0.36041666666666666,0.025744047619046667,14.000000000000517
908375872#2,5880,0,120,70,0.303125,0.02165178571428433,14.000000000000895
908375872#2,6000,0,120,70,0.2916666666666667,0.02083333333333307,14.00000000000018
908375872#2,6120,0,120,70,0.3333333333333333,0.023809523809523333,14.000000000000279
908375872#2,6240,0,120,70,0.16026785714285716,0.011447704081633191,13.999999999999343
908375872#2,6360,0,120,70,0.1730654761904762,0.012361819727890463,14.000000000000785
908375872#2,6480,0,120,70,0.25,0.01785714285714198,14.00000000000069
908375872#2,6600,0,120,70,0.18110119047619047,0.014115646258504505,12.82981927710743
908375872#2,6720,0,120,70,0.48556547619047624,0.03468324829932212,13.999999999999035
908375872#2,6840,0,120,70,0.375,0.02678571428571486,13.9999999999997
908375872#2,6960,0,120,70,0.4166666666666667,0.029761904761905943,13.999999999999444
908375872#2,7080,0,120,70,0.041666666666666664,0.0029761904761906816,13.999999999999034
908375872#4,0,0,120,70,0.0,0.0,14.0
908375872#4,120,0,120,70,1.0,0.08070994645135497,12.39004662954044
908375872#4,240,0,120,70,0.4166666666666667,0.035685941043083896,11.675933280381257
908375872#4,360,0,120,70,0.2130952380952381,0.015221088435374152,13.999999999999996
908375872#4,480,0,120,70,0.16259920634920635,0.01161422902494333,13.999999999999977
908375872#4,600,0,120,70,0.7493055555555556,0.053962402132926114,13.885696817383774
908375872#4,720,0,120,70,0.3333333333333333,0.024248256858101065,13.746692609038842
908375872#4,840,0,120,70,0.2916666666666667,0.02287833246724617,12.748598136871736
908375872#4,960,0,120,70,0.45833333333333337,0.03273809523809559,13.999999999999853
908375872#4,1080,0,120,70,0.6858630952380952,0.04899022108843497,14.000000000000115
908375872#4,1200,0,120,70,0.23080357142857144,0.016485969387754953,14.000000000000128
908375872#4,1320,0,120,70,0.350297619047619,0.026818120540898927,13.061974962540654
908375872#4,1440,0,120,70,0.3416666666666667,0.02440476190476124,14.000000000000382
908375872#4,1560,0,120,70,0.7663690476190477,0.056479314750038825,13.569021703092119
908375872#4,1680,0,120,70,0.25,0.0178571428571425,14.00000000000028
908375872#4,1800,0,120,70,0.375,0.02678571428571354,14.00000000000039
908375872#4,1920,0,120,70,0.4044642857142857,0.028890306122448268,14.000000000000345
908375872#4,2040,0,120,70,0.6372023809523809,0.045514455782312384,14.000000000000165
908375872#4,2160,0,120,70,0.45833333333333337,0.03354714687382485,13.66236404714786
908375872#4,2280,0,120,70,0.2916666666666667,0.02083333333333343,13.999999999999936
908375872#4,2400,0,120,70,0.7603670634920635,0.05623710412012615,13.520736449513288
908375872#4,2520,0,120,70,0.8361607142857143,0.06248988472222471,13.38073702652121
908375872#4,2640,0,120,70,1.0832837301587301,0.07737740929705261,13.999999999999917
908375872#4,2760,0,120,70,1.0090277777777779,0.07857757108063432,12.841167828187753
908375872#4,2880,0,120,70,0.9361607142857142,0.07454064798949979,12.559063269983742
908375872#4,3000,0,120,70,1.1666666666666667,0.08903508420190097,13.103448793523548
908375872#4,3120,0,120,70,0.7083333333333334,0.050706944022962684,13.969158405849976
908375872#4,3240,0,120,70,0.5166170634920635,0.03690121882086213,13.99999999999983
908375872#4,3360,0,120,70,0.7576388888888889,0.054117063492063945,13.999999999999883
908375872#4,3480,0,120,70,1.0174107142857143,0.07568625683014,13.44247630807074
908375872#4,3600,0,120,70,0.7083333333333334,0.05403445077090406,13.108920757546587
908375872#4,3720,0,120,70,0.4166666666666667,0.029761904761904795,13.999999999999986
908375872#4,3840,0,120,70,0.041666666666666664,0.002976190476190519,13.999999999999797
908375872#4,3960,0,120,70,0.20833333333333334,0.014880952380952413,13.99999999999997
908375872#4,4080,0,120,70,0.8333333333333334,0.0595238095238127,13.999999999999254
908375872#4,4200,0,120,70,0.25,0.017857142857144147,13.99999999999899
908375872#4,4320,0,120,70,0.125,0.008928571428571782,13.999999999999446
908375872#4,4440,0,120,70,0.5,0.03571428571428353,14.000000000000858
908375872#4,4560,0,120,70,0.20833333333333334,0.01488095238095278,13.999999999999625
908375872#4,4680,0,120,70,0.33303571428571427,0.023788265306123057,13.999999999999641
908375872#4,4800,0,120,70,1.0,0.07248804817728735,13.795377653903083
908375872#4,4920,0,120,70,0.5013392857142858,0.037170493197280954,13.487560766370436
908375872#4,5040,0,120,70,0.08199404761904762,0.005856717687074604,14.00000000000054
908375872#4,5160,0,120,70,0.08333333333333333,0.0059523809523815375,13.999999999998623
908375872#4,5280,0,120,70,0.25,0.017992488662131375,13.894687093852264
908375872#4,5400,0,120,70,0.25,0.017857142857144643,13.9999999999986
908375872#4,5520,0,120,70,0.20833333333333334,0.014880952380953825,13.999999999998641
908375872#4,5640,0,120,70,0.3325892857142857,0.02375637755102273,13.99999999999863
908375872#4,5760,0,120,70,0.334077380952381,0.02386267006802895,13.999999999998982
908375872#4,5880,0,120,70,0.34717261904761904,0.027310655857436996,12.711983954536928
908375872#4,6000,0,120,70,0.3040178571428571,0.02171556122449042,13.999999999999597
908375872#4,6120,0,120,70,0.3904761904761905,0.027891156462586063,13.999999999999483
908375872#4,6240,0,120,70,0.25,0.01785714285714254,14.000000000000249
908375872#4,6360,0,120,70,0.2669642857142857,0.019068877551020373,14.000000000000025
908375872#4,6480,0,120,70,0.3163690476190476,0.02259778911564786,13.999999999999007
908375872#4,6600,0,120,70,0.4970238095238095,0.03736023327241274,13.303552092401363
908375872#4,6720,0,120,70,0.5446428571428571,0.038903061224488396,14.000000000000503
908375872#4,6840,0,120,70,0.041666666666666664,0.0029761904761907826,13.999999999998558
908375872#4,6960,0,120,70,0.4166666666666667,0.03162910997732349,13.173518539263233
908375872#4,7080,0,120,70,0.041666666666666664,0.002976190476190328,14.000000000000696
908375875,0,0,120,15,0.041666666666666664,0.01388888888888889,2.9999999999999996
908375875,0,15,120,15,0.041666666666666664,0.01388888888888889,2.9999999999999996
908375875,0,30,120,15,0.041666666666666664,0.01388888888888889,2.9999999999999996
908375875,0,45,120,15,0.041666666666666664,0.01388888888888889,2.9999999999999996
908375875,0,60,120,15,0.0,0.0,3.0
908375875,120,0,120,15,0.0,0.0,3.0
908375875,120,15,120,15,0.0,0.0,3.0
908375875,120,30,120,15,0.0,0.0,3.0
908375875,120,45,120,15,0.0,0.0,3.0
908375875,120,60,120,15,0.041666666666666664,0.01388888888888889,2.9999999999999996
908375875,240,0,120,15,0.0,0.0,3.0
908375875,240,15,120,15,0.0,0.0,3.0
908375875,240,30,120,15,0.0,0.0,3.0
908375875,240,45,120,15,0.0,0.0,3.0
908375875,240,60,120,15,0.0,0.0,3.0
908375875,360,0,120,15,0.0,0.0,3.0
908375875,360,15,120,15,0.0,0.0,3.0
908375875,360,30,120,15,0.0,0.0,3.0
908375875,360,45,120,15,0.0,0.0,3.0
908375875,360,60,120,15,0.0,0.0,3.0
908375875,480,0,120,15,0.0,0.0,3.0
908375875,480,15,120,15,0.0,0.0,3.0
908375875,480,30,120,15,0.0,0.0,3.0
908375875,480,45,120,15,0.0,0.0,3.0
908375875,480,60,120,15,0.0,0.0,3.0
908375875,600,0,120,15,0.0,0.0,3.0
908375875,600,15,120,15,0.0,0.0,3.0
908375875,600,30,120,15,0.0,0.0,3.0
908375875,600,45,120,15,0.0,0.0,3.0
908375875,600,60,120,15,0.0,0.0,3.0
908375875,720,0,120,15,0.2916666666666667,0.125,2.3333333333333335
908375875,720,15,120,15,0.2916666666666667,0.09722222222222222,3.0
908375875,720,30,120,15,0.25,0.08333333333333333,3.0
908375875,720,45,120,15,0.25,0.08333333333333333,3.0
908375875,720,60,120,15,0.2361111111111111,0.07870370370370378,2.9999999999999973
908375875,840,0,120,15,0.041666666666666664,0.02314814814814815,1.7999999999999998
908375875,840,15,120,15,0.041666666666666664,0.01388888888888889,2.9999999999999996
908375875,840,30,120,15,0.08333333333333333,0.02777777777777778,2.9999999999999996
908375875,840,45,120,15,0.08333333333333333,0.02777777777777778,2.9999999999999996
908375875,840,60,120,15,0.09722222222222222,0.03240740740740748,2.9999999999999933
908375875,960,0,120,15,0.0,0.0,3.0
908375875,960,15,120,15,0.0,0.0,3.0
908375875,960,30,120,15,0.0,0.0,3.0
908375875,960,45,120,15,0.0,0.0,3.0
908375875,960,60,120,15,0.0,0.0,3.0
908375875,1080,0,120,15,0.0,0.0,3.0
908375875,1080,15,120,15,0.0,0.0,3.0
908375875,1080,30,120,15,0.0,0.0,3.0
908375875,1080,45,120,15,0.0,0.0,3.0
908375875,1080,60,120,15,0.0,0.0,3.0
908375875,1200,0,120,15,0.0,0.0,3.0
908375875,1200,15,120,15,0.0,0.0,3.0
908375875,1200,30,120,15,0.0,0.0,3.0
908375875,1200,45,120,15,0.0,0.0,3.0
908375875,1200,60,120,15,0.0,0.0,3.0
908375875,1320,0,120,15,0.125,0.05555555555555556,2.25
908375875,1320,15,120,15,0.125,0.041666666666666664,3.0
908375875,1320,30,120,15,0.125,0.041666666666666664,3.0
908375875,1320,45,120,15,0.125,0.041666666666666664,3.0
908375875,1320,60,120,15,0.125,0.04166666666666652,3.0000000000000107
908375875,1440,0,120,15,0.20833333333333334,0.0925925925925926,2.25
908375875,1440,15,120,15,0.18055555555555555,0.06018518518518519,2.9999999999999996
908375875,1440,30,120,15,0.16666666666666666,0.05555555555555556,2.9999999999999996
908375875,1440,45,120,15,0.16666666666666666,0.05555555555555556,2.9999999999999996
908375875,1440,60,120,15,0.125,0.04166666666666652,3.0000000000000107
908375875,1560,0,120,15,0.041666666666666664,0.01851851851851852,2.2499999999999996
908375875,1560,15,120,15,0.06944444444444445,0.023148148148148147,3.0000000000000004
908375875,1560,30,120,15,0.08333333333333333,0.02777777777777778,2.9999999999999996
908375875,1560,45,120,15,0.08333333333333333,0.02777777777777778,2.9999999999999996
908375875,1560,60,120,15,0.125,0.04166666666666652,3.0000000000000107
908375875,1680,0,120,15,0.0,0.0,3.0
908375875,1680,15,120,15,0.0,0.0,3.0
908375875,1680,30,120,15,0.0,0.0,3.0
908375875,1680,45,120,15,0.0,0.0,3.0
908375875,1680,60,120,15,0.0,0.0,3.0
908375875,1800,0,120,15,0.0,0.0,3.0
908375875,1800,15,120,15,0.0,0.0,3.0
908375875,1800,30,120,15,0.0,0.0,3.0
908375875,1800,45,120,15,0.0,0.0,3.0
908375875,1800,60,120,15,0.0,0.0,3.0
908375875,1920,0,120,15,0.16666666666666666,0.06944444444444445,2.4
908375875,1920,15,120,15,0.16666666666666666,0.05555555555555556,2.9999999999999996
908375875,1920,30,120,15,0.16666666666666666,0.05555555555555556,2.9999999999999996
908375875,1920,45,120,15,0.16666666666666666,0.05555555555555556,2.9999999999999996
908375875,1920,60,120,15,0.16666666666666666,0.0555555555555554,3.0000000000000084
908375875,2040,0,120,15,0.0,0.0,3.0
908375875,2040,15,120,15,0.0,0.0,3.0
908375875,2040,30,120,15,0.0,0.0,3.0
908375875,2040,45,120,15,0.0,0.0,3.0
908375875,2040,60,120,15,0.0,0.0,3.0
908375875,2160,0,120,15,0.0,0.0,3.0
908375875,2160,15,120,15,0.0,0.0,3.0
908375875,2160,30,120,15,0.0,0.0,3.0
908375875,2160,45,120,15,0.0,0.0,3.0
908375875,2160,60,120,15,0.0,0.0,3.0
908375875,2280,0,120,15,0.0,0.0,3.0
908375875,2280,15,120,15,0.0,0.0,3.0
908375875,2280,30,120,15,0.0,0.0,3.0
908375875,2280,45,120,15,0.0,0.0,3.0
908375875,2280,60,120,15,0.0,0.0,3.0
908375875,2400,0,120,15,0.0,0.0,3.0
908375875,2400,15,120,15,0.0,0.0,3.0
908375875,2400,30,120,15,0.0,0.0,3.0
908375875,2400,45,120,15,0.0,0.0,3.0
908375875,2400,60,120,15,0.0,0.0,3.0
908375875,2520,0,120,15,0.0,0.0,3.0
908375875,2520,15,120,15,0.0,0.0,3.0
908375875,2520,30,120,15,0.0,0.0,3.0
908375875,2520,45,120,15,0.0,0.0,3.0
908375875,2520,60,120,15,0.0,0.0,3.0
908375875,2640,0,120,15,0.0,0.0,3.0
908375875,2640,15,120,15,0.0,0.0,3.0
908375875,2640,30,120,15,0.0,0.0,3.0
908375875,2640,45,120,15,0.0,0.0,3.0
908375875,2640,60,120,15,0.0,0.0,3.0
908375875,2760,0,120,15,0.0,0.0,3.0
908375875,2760,15,120,15,0.0,0.0,3.0
908375875,2760,30,120,15,0.0,0.0,3.0
908375875,2760,45,120,15,0.0,0.0,3.0
908375875,2760,60,120,15,0.0,0.0,3.0
908375875,2880,0,120,15,0.20833333333333334,0.0925925925925926,2.25
908375875,2880,15,120,15,0.20833333333333334,0.06944444444444445,3.0
908375875,2880,30,120,15,0.20833333333333334,0.06944444444444445,3.0
908375875,2880,45,120,15,0.20833333333333334,0.06944444444444445,3.0
908375875,2880,60,120,15,0.20833333333333334,0.06944444444444474,2.9999999999999876
908375875,3000,0,120,15,0.0,0.0,3.0
908375875,3000,15,120,15,0.0,0.0,3.0
908375875,3000,30,120,15,0.0,0.0,3.0
908375875,3000,45,120,15,0.0,0.0,3.0
908375875,3000,60,120,15,0.0,0.0,3.0
908375875,3120,0,120,15,0.0,0.0,3.0
908375875,3120,15,120,15,0.0,0.0,3.0
908375875,3120,30,120,15,0.0,0.0,3.0
908375875,3120,45,120,15,0.0,0.0,3.0
908375875,3120,60,120,15,0.0,0.0,3.0
908375875,3240,0,120,15,0.0,0.0,3.0
908375875,3240,15,120,15,0.0,0.0,3.0
908375875,3240,30,120,15,0.0,0.0,3.0
908375875,3240,45,120,15,0.0,0.0,3.0
908375875,3240,60,120,15,0.0,0.0,3.0
908375875,3360,0,120,15,0.08333333333333333,0.03703703703703704,2.2499999999999996
908375875,3360,15,120,15,0.08333333333333333,0.02777777777777778,2.9999999999999996
908375875,3360,30,120,15,0.08333333333333333,0.02777777777777778,2.9999999999999996
908375875,3360,45,120,15,0.08333333333333333,0.02777777777777778,2.9999999999999996
908375875,3360,60,120,15,0.08333333333333333,0.02777777777777778,2.9999999999999996
908375875,3480,0,120,15,0.0,0.0,3.0
908375875,3480,15,120,15,0.0,0.0,3.0
908375875,3480,30,120,15,0.0,0.0,3.0
908375875,3480,45,120,15,0.0,0.0,3.0
908375875,3480,60,120,15,0.0,0.0,3.0
908375875,3600,0,120,15,0.0,0.0,3.0
908375875,3600,15,120,15,0.0,0.0,3.0
908375875,3600,30,120,15,0.0,0.0,3.0
908375875,3600,45,120,15,0.0,0.0,3.0
908375875,3600,60,120,15,0.0,0.0,3.0
908375875,3720,0,120,15,0.0,0.0,3.0
908375875,3720,15,120,15,0.0,0.0,3.0
908375875,3720,30,120,15,0.0,0.0,3.0
908375875,3720,45,120,15,0.0,0.0,3.0
908375875,3720,60,120,15,0.0,0.0,3.0
908375875,3840,0,120,15,0.0,0.0,3.0
908375875,3840,15,120,15,0.0,0.0,3.0
908375875,3840,30,120,15,0.0,0.0,3.0
908375875,3840,45,120,15,0.0,0.0,3.0
908375875,3840,60,120,15,0.0,0.0,3.0
908375875,3960,0,120,15,0.0,0.0,3.0
908375875,3960,15,120,15,0.0,0.0,3.0
908375875,3960,30,120,15,0.0,0.0,3.0
908375875,3960,45,120,15,0.0,0.0,3.0
908375875,3960,60,120,15,0.0,0.0,3.0
908375875,4080,0,120,15,0.08333333333333333,0.03703703703703704,2.2499999999999996
908375875,4080,15,120,15,0.08333333333333333,0.02777777777777778,2.9999999999999996
908375875,4080,30,120,15,0.08333333333333333,0.02777777777777778,2.9999999999999996
908375875,4080,45,120,15,0.08333333333333333,0.02777777777777778,2.9999999999999996
908375875,4080,60,120,15,0.08333333333333333,0.02777777777777778,2.9999999999999996
908375875,4200,0,120,15,0.08333333333333333,0.03703703703703704,2.2499999999999996
908375875,4200,15,120,15,0.05555555555555556,0.01851851851851852,3.0
908375875,4200,30,120,15,0.041666666666666664,0.01388888888888889,2.9999999999999996
908375875,4200,45,120,15,0.041666666666666664,0.01388888888888889,2.9999999999999996
908375875,4200,60,120,15,0.0,0.0,3.0
908375875,4320,0,120,15,0.041666666666666664,0.01851851851851852,2.2499999999999996
908375875,4320,15,120,15,0.06944444444444445,0.023148148148148147,3.0000000000000004
908375875,4320,30,120,15,0.08333333333333333,0.02777777777777778,2.9999999999999996
908375875,4320,45,120,15,0.08333333333333333,0.02777777777777778,2.9999999999999996
908375875,4320,60,120,15,0.125,0.04166666666666607,3.000000000000043
908375875,4440,0,120,15,0.0,0.0,3.0
908375875,4440,15,120,15,0.0,0.0,3.0
908375875,4440,30,120,15,0.0,0.0,3.0
908375875,4440,45,120,15,0.0,0.0,3.0
908375875,4440,60,120,15,0.0,0.0,3.0
908375875,4560,0,120,15,0.125,0.05555555555555556,2.25
908375875,4560,15,120,15,0.125,0.041666666666666664,3.0
908375875,4560,30,120,15,0.125,0.041666666666666664,3.0
908375875,4560,45,120,15,0.11111111111111112,0.03703703703703704,3.0
908375875,4560,60,120,15,0.08333333333333333,0.02777777777777778,2.9999999999999996
908375875,4680,0,120,15,0.0,0.0,3.0
908375875,4680,15,120,15,0.0,0.0,3.0
908375875,4680,30,120,15,0.0,0.0,3.0
908375875,4680,45,120,15,0.01388888888888889,0.00462962962962963,3.0
908375875,4680,60,120,15,0.041666666666666664,0.013888888888888286,3.00000000000013
908375875,4800,0,120,15,0.0,0.0,3.0
908375875,4800,15,120,15,0.0,0.0,3.0
908375875,4800,30,120,15,0.0,0.0,3.0
908375875,4800,45,120,15,0.0,0.0,3.0
908375875,4800,60,120,15,0.0,0.0,3.0
908375875,4920,0,120,15,0.0,0.0,3.0
908375875,4920,15,120,15,0.0,0.0,3.0
908375875,4920,30,120,15,0.0,0.0,3.0
908375875,4920,45,120,15,0.0,0.0,3.0
908375875,4920,60,120,15,0.0,0.0,3.0
908375875,5040,0,120,15,0.0,0.0,3.0
908375875,5040,15,120,15,0.0,0.0,3.0
908375875,5040,30,120,15,0.0,0.0,3.0
908375875,5040,45,120,15,0.0,0.0,3.0
908375875,5040,60,120,15,0.0,0.0,3.0
908375875,5160,0,120,15,0.0,0.0,3.0
908375875,5160,15,120,15,0.0,0.0,3.0
908375875,5160,30,120,15,0.0,0.0,3.0
908375875,5160,45,120,15,0.0,0.0,3.0
908375875,5160,60,120,15,0.0,0.0,3.0
908375875,5280,0,120,15,0.08333333333333333,0.03703703703703704,2.2499999999999996
908375875,5280,15,120,15,0.08333333333333333,0.02777777777777778,2.9999999999999996
908375875,5280,30,120,15,0.08333333333333333,0.02777777777777778,2.9999999999999996
908375875,5280,45,120,15,0.05555555555555556,0.01851851851851852,3.0
908375875,5280,60,120,15,0.041666666666666664,0.01388888888888889,2.9999999999999996
908375875,5400,0,120,15,0.11111111111111112,0.05092592592592593,2.1818181818181817
908375875,5400,15,120,15,0.08333333333333333,0.02777777777777778,2.9999999999999996
908375875,5400,30,120,15,0.08333333333333333,0.02777777777777778,2.9999999999999996
908375875,5400,45,120,15,0.08333333333333333,0.02777777777777778,2.9999999999999996
908375875,5400,60,120,15,0.08333333333333333,0.02777777777777778,2.9999999999999996
908375875,5520,0,120,15,0.375,0.16666666666666666,2.25
908375875,5520,15,120,15,0.375,0.125,3.0
908375875,5520,30,120,15,0.375,0.125,3.0
908375875,5520,45,120,15,0.375,0.125,3.0
908375875,5520,60,120,15,0.375,0.1249999999999982,3.0000000000000435
908375875,5640,0,120,15,0.2638888888888889,0.13148148148148148,2.007042253521127
908375875,5640,15,120,15,0.2916666666666667,0.10462962962962963,2.7876106194690267
908375875,5640,30,120,15,0.2916666666666667,0.09722222222222222,3.0
908375875,5640,45,120,15,0.2972222222222222,0.17129629629629628,1.7351351351351354
908375875,5640,60,120,15,0.2916666666666667,0.10806878306878223,2.6988984088127506
908375875,5760,0,120,15,0.0,0.0,3.0
908375875,5760,15,120,15,0.0,0.0,3.0
908375875,5760,30,120,15,0.0,0.0,3.0
908375875,5760,45,120,15,0.02222222222222222,0.09074074074074073,0.24489795918367346
908375875,5760,60,120,15,0.041666666666666664,0.017592592592592597,2.3684210526315783
908375875,5880,0,120,15,0.0,0.0,3.0
908375875,5880,15,120,15,0.0,0.0,3.0
908375875,5880,30,120,15,0.0,0.0,3.0
908375875,5880,45,120,15,0.0,0.0,3.0
908375875,5880,60,120,15,0.0,0.0,3.0
908375875,6000,0,120,15,0.0,0.0,3.0
908375875,6000,15,120,15,0.0,0.0,3.0
908375875,6000,30,120,15,0.0,0.0,3.0
908375875,6000,45,120,15,0.0,0.0,3.0
908375875,6000,60,120,15,0.0,0.0,3.0
908375875,6120,0,120,15,0.0,0.0,3.0
908375875,6120,15,120,15,0.0,0.0,3.0
908375875,6120,30,120,15,0.0,0.0,3.0
908375875,6120,45,120,15,0.0,0.0,3.0
908375875,6120,60,120,15,0.0,0.0,3.0
908375875,6240,0,120,15,0.0,0.0,3.0
908375875,6240,15,120,15,0.0,0.0,3.0
908375875,6240,30,120,15,0.0,0.0,3.0
908375875,6240,45,120,15,0.0,0.0,3.0
908375875,6240,60,120,15,0.0,0.0,3.0
908375875,6360,0,120,15,0.0,0.0,3.0
908375875,6360,15,120,15,0.0,0.0,3.0
908375875,6360,30,120,15,0.0,0.0,3.0
908375875,6360,45,120,15,0.0,0.0,3.0
908375875,6360,60,120,15,0.0,0.0,3.0
908375875,6480,0,120,15,0.08333333333333333,0.03703703703703704,2.2499999999999996
908375875,6480,15,120,15,0.08333333333333333,0.02777777777777778,2.9999999999999996
908375875,6480,30,120,15,0.08333333333333333,0.02777777777777778,2.9999999999999996
908375875,6480,45,120,15,0.08333333333333333,0.02777777777777778,2.9999999999999996
908375875,6480,60,120,15,0.08333333333333333,0.02777777777777778,2.9999999999999996
908375875,6600,0,120,15,0.0,0.0,3.0
908375875,6600,15,120,15,0.0,0.0,3.0
908375875,6600,30,120,15,0.0,0.0,3.0
908375875,6600,45,120,15,0.0,0.0,3.0
908375875,6600,60,120,15,0.0,0.0,3.0
908375875,6720,0,120,15,0.0,0.0,3.0
908375875,6720,15,120,15,0.0,0.0,3.0
908375875,6720,30,120,15,0.0,0.0,3.0
908375875,6720,45,120,15,0.0,0.0,3.0
908375875,6720,60,120,15,0.0,0.0,3.0
908375875,6840,0,120,15,0.0,0.0,3.0
908375875,6840,15,120,15,0.0,0.0,3.0
908375875,6840,30,120,15,0.0,0.0,3.0
908375875,6840,45,120,15,0.0,0.0,3.0
908375875,6840,60,120,15,0.0,0.0,3.0
908375875,6960,0,120,15,0.0,0.0,3.0
908375875,6960,15,120,15,0.0,0.0,3.0
908375875,6960,30,120,15,0.0,0.0,3.0
908375875,6960,45,120,15,0.0,0.0,3.0
908375875,6960,60,120,15,0.0,0.0,3.0
908375875,7080,0,120,15,0.0,0.0,3.0
908375875,7080,15,120,15,0.0,0.0,3.0
908375875,7080,30,120,15,0.0,0.0,3.0
908375875,7080,45,120,15,0.0,0.0,3.0
908375875,7080,60,120,15,0.0,0.0,3.0
98002400#0,0,0,120,70,0.45833333333333337,0.03273809523809525,13.999999999999998
98002400#0,120,0,120,70,0.041666666666666664,0.0029761904761904765,13.999999999999998
98002400#0,240,0,120,70,0.4976190476190476,0.10824829931972786,4.597014925373136
98002400#0,360,0,120,70,0.21071428571428572,0.015051020408163265,14.0
98002400#0,480,0,120,70,0.6666666666666666,0.04761904761904762,13.999999999999998
98002400#0,600,0,120,70,0.45833333333333337,0.03273809523809531,13.999999999999972
98002400#0,720,0,120,70,0.2916666666666667,0.020833333333333332,14.000000000000002
98002400#0,840,0,120,70,0.0,0.0,14.0
98002400#0,960,0,120,70,0.4166666666666667,0.029761904761904757,14.000000000000004
98002400#0,1080,0,120,70,0.16666666666666666,0.011904761904761906,13.999999999999998
98002400#0,1200,0,120,70,0.25,0.01785714285714293,13.999999999999943
98002400#0,1320,0,120,70,0.25,0.017857142857142818,14.00000000000003
98002400#0,1440,0,120,70,0.190625,0.013616071428571429,13.999999999999998
98002400#0,1560,0,120,70,0.6010416666666666,0.04547193877551021,13.217858812529217
98002400#0,1680,0,120,70,0.16666666666666666,0.011904761904761923,13.999999999999977
98002400#0,1800,0,120,70,0.20833333333333334,0.014880952380952382,14.0
98002400#0,1920,0,120,70,0.08333333333333333,0.005952380952380953,13.999999999999998
98002400#0,2040,0,120,70,0.5833333333333334,0.04166666666666585,14.000000000000275
98002400#0,2160,0,120,70,0.20833333333333334,0.014880952380952264,14.00000000000011
98002400#0,2280,0,120,70,0.0,0.0,14.0
98002400#0,2400,0,120,70,0.2916666666666667,0.020833333333333332,14.000000000000002
98002400#0,2520,0,120,70,0.3333333333333333,0.02380952380952381,13.999999999999998
98002400#0,2640,0,120,70,0.5,0.035714285714285574,14.000000000000055
98002400#0,2760,0,120,70,0.625,0.051700680272108765,12.088815789473703
98002400#0,2880,0,120,70,0.25,0.017857142857142856,14.0
98002400#0,3000,0,120,70,0.20833333333333334,0.014880952380952382,14.0
98002400#0,3120,0,120,70,0.16666666666666666,0.011904761904761906,13.999999999999998
98002400#0,3240,0,120,70,0.20833333333333334,0.014880952380952382,14.0
98002400#0,3360,0,120,70,0.16666666666666666,0.011904761904761594,14.000000000000366
98002400#0,3480,0,120,70,0.25,0.01785714285714276,14.000000000000076
98002400#0,3600,0,120,70,0.25,0.017857142857142783,14.000000000000059
98002400#0,3720,0,120,70,0.08333333333333333,0.005952380952380953,13.999999999999998
98002400#0,3840,0,120,70,0.3333333333333333,0.02380952380952381,13.999999999999998
98002400#0,3960,0,120,70,0.45833333333333337,0.03278204863026299,13.9812291325265
98002400#0,4080,0,120,70,0.42857142857142855,0.030612244897960186,13.999999999999542
98002400#0,4200,0,120,70,0.27976190476190477,0.019982993197278986,13.999999999999948
98002400#0,4320,0,120,70,0.08333333333333333,0.005952380952380953,13.999999999999998
98002400#0,4440,0,120,70,0.08333333333333333,0.005952380952381261,13.999999999999273
98002400#0,4560,0,120,70,0.041666666666666664,0.0029761904761902436,14.000000000001094
98002400#0,4680,0,120,70,0.5345238095238095,0.04323979591836766,12.361848574237866
98002400#0,4800,0,120,70,0.3821428571428571,0.027295918367345604,14.000000000000684
98002400#0,4920,0,120,70,0.22023809523809523,0.015731292517007573,13.999999999999314
98002400#0,5040,0,120,70,0.36309523809523814,0.025935374149659646,14.000000000000119
98002400#0,5160,0,120,70,0.3333333333333333,0.023809523809523794,14.000000000000009
98002400#0,5280,0,120,70,0.2916666666666667,0.020833333333333332,14.000000000000002
98002400#0,5400,0,120,70,0.023660714285714292,0.0016900510204079313,14.000000000001926
98002400#0,5520,0,120,70,0.43467261904761906,0.031048044217685446,14.000000000000735
98002400#0,5640,0,120,70,0.45833333333333337,0.03273809523809521,14.000000000000012
98002400#0,5760,0,120,70,0.125,0.008928571428571274,14.000000000000243
98002400#0,5880,0,120,70,0.20833333333333334,0.014880952380952382,14.0
98002400#0,6000,0,120,70,0.45833333333333337,0.032738095238095226,14.000000000000007
98002400#0,6120,0,120,70,0.21666666666666665,0.015476190476190475,14.0
98002400#0,6240,0,120,70,0.6166666666666666,0.04404761904761995,13.99999999999971
98002400#0,6360,0,120,70,0.20833333333333334,0.014880952380952448,13.999999999999938
98002400#0,6480,0,120,70,0.25,0.017857142857143165,13.999999999999758
98002400#0,6600,0,120,70,0.6538690476190476,0.046704931972787474,14.000000000000492
98002400#0,6720,0,120,70,0.3802083333333333,0.027157738095237707,14.000000000000199
98002400#0,6840,0,120,70,0.8825892857142857,0.08372805203162184,10.541141998394462
98002400#0,6960,0,120,70,0.6666666666666666,0.04761904761904754,14.000000000000023
98002400#0,7080,0,120,70,0.16666666666666666,0.011904761904762124,13.99999999999974
