orig,dest,total_trips,completed_trips,free_travel_time,average_travel_time,stddiv_travel_time,shortest_distance,average_distance_traveled_per_veh,stddiv_distance_traveled_per_veh
6874436644,12884439749,20,0,0.0,0.0,0.0,0.0,0.0,0.0
6634825854,8097436674,25,0,0.0,0.0,0.0,0.0,0.0,0.0
5761245141,9042478734,5,0,0.0,0.0,0.0,0.0,0.0,0.0
1311619488,30247432,15,15,9.571428571428571,15.0,0.0,134.0,134.0,0.0
1311619340,8235926364,15,0,0.0,0.0,0.0,0.0,0.0,0.0
442540300,1362899971,25,25,7.928571428571429,20.0,4.47213595499958,111.0,111.0,0.0
4823547657,cluster_30237612_6670690974,20,0,0.0,0.0,0.0,0.0,0.0,0.0
11861295890,555187275,15,0,0.0,0.0,0.0,0.0,0.0,0.0
30243367,30243370,5,0,0.0,0.0,0.0,0.0,0.0,0.0
12884439749,30237772,30,30,31.64285714285714,65.83333333333333,21.68268638542948,431.0,431.0,0.0
30237616,555187275,40,40,88.47619047619048,120.625,23.905739373631597,650.0,960.0,0.0
12884439746,30238025,35,35,68.87500000000001,105.71428571428571,16.781914463529613,787.0,878.0,0.0
12884439749,3213093362,10,10,21.125,90.0,5.0,190.0,190.0,0.0
8235926364,6985826711,30,0,0.0,0.0,0.0,0.0,0.0,0.0
cluster_301572460_301572949_71643543,10896077231,35,0,0.0,0.0,0.0,0.0,0.0,0.0
5260601900,cluster_301572306_301572951_71643537,20,20,57.857142857142854,70.0,6.123724356957945,801.0,810.0,0.0
30247167,30237615,10,10,77.375,85.0,0.0,592.0,820.0,0.0
8235449359,30237638,30,0,0.0,0.0,0.0,0.0,0.0,0.0
12884439756,4222882539,15,15,15.375,30.0,8.16496580927726,123.0,123.0,0.0
1311773884,359104407,40,40,28.64285714285714,57.5,11.4564392373896,401.0,401.0,0.0
1812294093,4222882539,5,0,0.0,0.0,0.0,0.0,0.0,0.0
30237613,9223593605,30,30,39.36904761904762,85.0,17.07825127659933,465.0,465.0,0.0
cluster_301572459_301572957_71643542,cluster_301572399_301572961_71643538,5,5,14.625,15.0,0.0,117.0,117.0,0.0
30237639,6762205322,40,40,67.82142857142857,94.375,18.614090764794287,753.0,760.875,2.9764702249476644
30243367,12884439757,10,0,0.0,0.0,0.0,0.0,0.0,0.0
1311770053,2989836087,20,0,0.0,0.0,0.0,0.0,0.0,0.0
30237697,1311619368,5,5,67.94642857142858,85.0,0.0,815.0,817.0,0.0
30247432,8214234926,20,20,46.07142857142857,60.0,3.5355339059327378,645.0,645.0,0.0
4222882539,8097436674,5,5,78.55357142857142,95.0,0.0,883.0,883.0,0.0
8210106342,4222882539,25,0,0.0,0.0,0.0,0.0,0.0,0.0
8224714481,8097436674,30,30,141.69642857142856,175.0,21.213203435596427,1285.0,1285.0,0.0
30237696,cluster_301572399_301572961_71643538,25,25,106.25,135.0,19.493588689617926,850.0,850.0,0.0
359104405,8197554957,5,5,30.095238095238095,50.0,0.0,420.0,420.0,0.0
30237697,8097436674,15,15,51.39285714285714,58.333333333333336,4.714045207910317,634.0,634.0,0.0
3236553576,5260601900,5,5,142.30952380952382,175.0,0.0,1416.0,1416.0,0.0
30237697,30237641,30,30,76.92857142857143,125.83333333333333,13.969212178533509,587.0,816.0,0.0
9042478734,442540300,45,0,0.0,0.0,0.0,0.0,0.0,0.0
9803583625,12884439746,20,0,0.0,0.0,0.0,0.0,0.0,0.0
12944467681,8264714837,30,0,0.0,0.0,0.0,0.0,0.0,0.0
1311619340,30243323,20,20,70.42857142857144,98.75,8.926785535678562,986.0,986.0,0.0
cluster_301572944_71643547_9803583623,cluster_301572306_301572951_71643537,25,25,55.64285714285714,88.0,21.587033144922902,471.0,654.0,149.45500995282828
6855299029,8097436674,35,35,90.42857142857142,155.71428571428572,11.78030178747903,1266.0,1266.0,0.0
442540270,30237637,15,15,15.625,26.666666666666668,6.236095644623235,125.0,125.0,0.0
30243368,3236553576,20,0,0.0,0.0,0.0,0.0,0.0,0.0
4222882539,12944467681,5,0,0.0,0.0,0.0,0.0,0.0,0.0
8097436674,30247089,10,0,0.0,0.0,0.0,0.0,0.0,0.0
12884439756,6985826711,15,15,84.69642857142857,126.66666666666667,10.274023338281628,799.0,879.0,0.0
5260601900,9042478734,35,35,36.42857142857143,75.71428571428571,18.97904322226632,426.0,426.0,0.0
555187275,12953119988,20,0,0.0,0.0,0.0,0.0,0.0,0.0
30237616,12884439749,30,0,0.0,0.0,0.0,0.0,0.0,0.0
30247432,7806252248,5,5,57.92857142857144,70.0,0.0,811.0,811.0,0.0
12953119985,30237698,20,20,3.0,5.0,0.0,42.0,42.0,0.0
11370726443,442540240,15,0,0.0,0.0,0.0,0.0,0.0,0.0
30238026,30237616,30,30,63.01785714285714,76.66666666666667,10.274023338281626,706.0,706.0,0.0
cluster_301572306_301572951_71643537,359104405,20,0,0.0,0.0,0.0,0.0,0.0,0.0
6634825854,30247433,30,0,0.0,0.0,0.0,0.0,0.0,0.0
8193762124,8235449359,5,0,0.0,0.0,0.0,0.0,0.0,0.0
30243323,4823547657,35,35,86.76785714285714,140.71428571428572,15.90789817951435,974.0,974.0,0.0
1311770053,4897232219,45,0,0.0,0.0,0.0,0.0,0.0,0.0
30237641,12953119988,30,30,27.214285714285715,37.5,7.5,297.0,297.0,0.0
12884439748,359104407,15,15,8.571428571428571,21.666666666666668,2.3570226039551585,120.0,120.0,0.0
30237617,8126691012,50,50,71.83928571428572,101.5,9.759610647971568,946.0,947.6,0.8
30237696,359104407,5,5,41.92857142857143,80.0,0.0,587.0,587.0,0.0
11370726443,30238026,10,0,0.0,0.0,0.0,0.0,0.0,0.0
6855299029,12953119988,35,35,63.78571428571429,89.28571428571429,14.498416521560314,809.0,809.0,0.0
1812294093,442540300,15,15,65.26785714285714,95.0,8.16496580927726,787.0,787.0,0.0
6985826711,12884439748,30,0,0.0,0.0,0.0,0.0,0.0,0.0
30243370,12884439749,5,0,0.0,0.0,0.0,0.0,0.0,0.0
30237614,4222882539,35,0,0.0,0.0,0.0,0.0,0.0,0.0
30238029,30238029,30,0,0.0,0.0,0.0,0.0,0.0,0.0
6434214256,8655000700,25,25,58.28571428571429,122.0,8.717797887081348,795.0,816.0,0.0
6855299029,30247166,10,10,72.23214285714286,92.5,7.5,748.0,748.0,0.0
8173291489,9223593605,30,30,11.25,34.166666666666664,13.969212178533509,90.0,90.0,0.0
30243368,9042478734,5,5,78.78571428571428,135.0,0.0,1019.0,1019.0,0.0
1362899971,30237615,25,25,29.5,102.0,14.0,413.0,413.0,0.0
6434214256,8193762124,15,15,100.46428571428572,221.66666666666666,84.98365855987974,846.0,1271.6666666666667,139.0667305848367
cluster_30237612_6670690974,5761245141,30,30,97.21428571428571,156.66666666666666,17.480147469502526,1348.0,1353.0,0.0
359104407,8214234926,15,15,98.73214285714286,126.66666666666667,10.274023338281628,1287.0,1287.0,0.0
30247432,30238029,25,0,0.0,0.0,0.0,0.0,0.0,0.0
442540240,30247166,5,5,67.92857142857143,105.0,0.0,657.0,657.0,0.0
10896077231,1311773884,15,15,105.01785714285714,173.33333333333334,6.236095644623235,1177.0,1177.0,0.0
4823547657,8193762124,15,0,0.0,0.0,0.0,0.0,0.0,0.0
30237614,cluster_301572460_301572949_71643543,25,25,60.535714285714285,72.0,7.483314773547883,730.0,735.0,0.0
12884439746,8224714481,20,0,0.0,0.0,0.0,0.0,0.0,0.0
30247432,12884439746,20,0,0.0,0.0,0.0,0.0,0.0,0.0
30247166,cluster_301572306_301572951_71643537,25,25,86.85714285714286,120.0,29.664793948382652,738.0,839.0,188.53222536213804
9042478734,30237638,25,0,0.0,0.0,0.0,0.0,0.0,0.0
30237635,5260292356,5,5,4.857142857142857,15.0,0.0,68.0,68.0,0.0
1311619488,2989836095,25,0,0.0,0.0,0.0,0.0,0.0,0.0
4173395797,12884439749,45,0,0.0,0.0,0.0,0.0,0.0,0.0
30237614,2989836095,20,0,0.0,0.0,0.0,0.0,0.0,0.0
8655000700,8097436674,5,0,0.0,0.0,0.0,0.0,0.0,0.0
30237696,8097436674,20,20,20.642857142857142,27.5,2.5,289.0,289.0,0.0
442540300,12884439746,5,0,0.0,0.0,0.0,0.0,0.0,0.0
8193762124,1311619368,30,0,0.0,0.0,0.0,0.0,0.0,0.0
5260292356,30237640,10,10,79.08928571428572,97.5,2.5,931.0,931.0,0.0
30237614,3236553576,20,0,0.0,0.0,0.0,0.0,0.0,0.0
2989836087,5761245141,55,55,66.97619047619048,124.0909090909091,38.424553100741925,719.0,742.0,67.04679505593631
30247432,8193762124,15,15,46.07142857142857,50.0,0.0,644.0,645.0,0.0
442540240,4823547657,10,10,92.375,117.5,7.5,739.0,739.0,0.0
30237634,6762205322,25,25,89.07142857142857,153.0,28.39013913315678,1221.0,1235.0,0.0
8224714481,8235449359,15,0,0.0,0.0,0.0,0.0,0.0,0.0
4222882539,cluster_301572944_71643547_9803583623,55,55,114.78571428571429,194.54545454545453,34.473609501560986,1190.0,1231.6363636363637,61.74474247367541
11861295890,8210106342,5,0,0.0,0.0,0.0,0.0,0.0,0.0
1311770053,5260292356,15,15,98.01785714285714,131.66666666666666,4.714045207910316,1079.0,1079.0,0.0
30247166,30237772,10,10,24.5,35.0,0.0,343.0,343.0,0.0
12944467681,9042478734,85,0,0.0,0.0,0.0,0.0,0.0,0.0
1812294093,3236553576,20,0,0.0,0.0,0.0,0.0,0.0,0.0
4897232219,3213093362,20,0,0.0,0.0,0.0,0.0,0.0,0.0
cluster_301572460_301572949_71643543,30237772,5,5,58.05357142857143,70.0,0.0,725.0,725.0,0.0
11861295890,8264714837,25,0,0.0,0.0,0.0,0.0,0.0,0.0
30237697,7806252248,5,5,63.82142857142858,75.0,0.0,808.0,808.0,0.0
cluster_301572399_301572961_71643538,30247434,25,25,27.0,44.0,8.0,378.0,378.0,0.0
8193762124,30238029,20,0,0.0,0.0,0.0,0.0,0.0,0.0
12884439757,30243367,15,15,35.714285714285715,61.666666666666664,4.714045207910317,500.0,500.0,0.0
9042478734,1311619340,45,0,0.0,0.0,0.0,0.0,0.0,0.0
12953119988,30237613,55,0,0.0,0.0,0.0,0.0,0.0,0.0
4897232219,cluster_301572399_301572961_71643538,15,0,0.0,0.0,0.0,0.0,0.0,0.0
8210106342,8173291489,50,50,47.76190476190476,83.5,10.5,650.0,650.0,0.0
8173291489,1311619368,15,0,0.0,0.0,0.0,0.0,0.0,0.0
442540300,30237635,25,25,30.499999999999996,55.0,5.477225575051661,427.0,427.0,0.0
30237613,6634825854,5,5,25.785714285714285,45.0,0.0,361.0,361.0,0.0
9803583625,6874436644,20,0,0.0,0.0,0.0,0.0,0.0,0.0
30237698,12884439757,15,0,0.0,0.0,0.0,0.0,0.0,0.0
30247167,30237640,25,25,52.23214285714286,61.0,5.830951894845301,240.0,468.0,0.0
12884439746,9803583625,25,25,82.14285714285715,159.0,25.573423705088842,934.0,934.0,0.0
30243322,1812294093,5,5,133.01785714285714,135.0,0.0,1602.0,1602.0,0.0
6434214256,12884439756,10,0,0.0,0.0,0.0,0.0,0.0,0.0
30243323,5260292356,5,5,100.30357142857143,130.0,0.0,1315.0,1315.0,0.0
30237633,6985826711,25,0,0.0,0.0,0.0,0.0,0.0,0.0
30237641,30247166,15,15,66.85714285714286,80.0,4.08248290463863,701.0,936.0,0.0
cluster_301572944_71643547_9803583623,cluster_30237612_6670690974,45,0,0.0,0.0,0.0,0.0,0.0,0.0
8193762124,30238025,5,0,0.0,0.0,0.0,0.0,0.0,0.0
359104407,1311619368,30,30,51.28571428571429,80.0,13.228756555322953,574.0,574.0,0.0
30237698,30238029,5,0,0.0,0.0,0.0,0.0,0.0,0.0
30247431,30247433,30,30,18.0,44.166666666666664,4.487637339278753,252.0,252.0,0.0
30237772,30247433,15,15,57.92857142857143,78.33333333333333,2.357022603955158,806.0,811.0,0.0
4222882539,30237613,25,25,74.125,120.0,12.24744871391589,821.0,821.0,0.0
5260292356,6762205322,5,5,79.92857142857143,105.0,0.0,1098.0,1107.0,0.0
4823547657,30247433,60,0,0.0,0.0,0.0,0.0,0.0,0.0
10896077231,9042478734,5,5,108.375,140.0,0.0,1140.0,1140.0,0.0
30247433,30237641,30,30,33.42857142857143,50.0,5.0,467.0,468.0,0.0
30238029,12953119988,15,15,85.82142857142857,105.0,12.24744871391589,717.0,717.0,0.0
30247167,8210106342,15,0,0.0,0.0,0.0,0.0,0.0,0.0
30243367,30237696,5,5,49.92857142857142,50.0,0.0,699.0,699.0,0.0
8097436674,1311619368,40,0,0.0,0.0,0.0,0.0,0.0,0.0
30237613,6762205322,10,10,88.28571428571428,107.5,2.5,1210.0,1224.0,0.0
1311770053,30237638,35,35,76.23214285714286,175.0,25.354627641855497,774.0,774.0,0.0
30243368,30237637,10,10,64.78571428571429,75.0,5.0,907.0,907.0,0.0
7005287334,4173395797,30,0,0.0,0.0,0.0,0.0,0.0,0.0
12953119985,3213093362,5,0,0.0,0.0,0.0,0.0,0.0,0.0
8214234926,30237639,60,0,0.0,0.0,0.0,0.0,0.0,0.0
6634825854,11861295890,10,0,0.0,0.0,0.0,0.0,0.0,0.0
12884439749,1362899971,30,30,17.69642857142857,54.166666666666664,18.80085695446413,142.0,142.0,0.0
30243370,12953119988,10,10,58.85714285714286,60.0,0.0,740.0,740.0,0.0
cluster_30237612_6670690974,7005287334,15,0,0.0,0.0,0.0,0.0,0.0,0.0
3213093362,30243366,5,0,0.0,0.0,0.0,0.0,0.0,0.0
7806252248,12884439756,15,0,0.0,0.0,0.0,0.0,0.0,0.0
30238025,10896077231,15,0,0.0,0.0,0.0,0.0,0.0,0.0
4222882539,555187275,25,25,144.67261904761904,197.0,19.131126469708992,1359.0,1530.0,0.0
5260601900,30237614,45,45,43.92857142857143,106.66666666666667,63.42099196813482,615.0,1102.2222222222222,705.8359547810868
6874436644,5260292356,25,0,0.0,0.0,0.0,0.0,0.0,0.0
8235926364,8655000700,35,0,0.0,0.0,0.0,0.0,0.0,0.0
30237637,30247167,40,40,73.39285714285714,119.375,12.854352375751958,639.0,765.0,0.0
8235449359,1362899971,5,0,0.0,0.0,0.0,0.0,0.0,0.0
2989836087,30238025,35,35,52.08333333333333,143.57142857142858,25.872528966106906,415.0,415.0,0.0
30237772,30237637,10,10,33.785714285714285,40.0,0.0,473.0,473.0,0.0
30238029,3236553576,15,0,0.0,0.0,0.0,0.0,0.0,0.0
7005287334,30237772,5,5,45.67857142857143,65.0,0.0,626.0,626.0,0.0
cluster_301572944_71643547_9803583623,359104405,55,0,0.0,0.0,0.0,0.0,0.0,0.0
6874436644,6634825854,5,0,0.0,0.0,0.0,0.0,0.0,0.0
30243366,cluster_301572459_301572957_71643542,100,100,87.83928571428571,124.0,34.26368339802363,632.0,879.35,164.00862020028094
8126691012,30237641,10,0,0.0,0.0,0.0,0.0,0.0,0.0
6762205324,30247167,20,0,0.0,0.0,0.0,0.0,0.0,0.0
1812294093,30237639,5,5,68.60714285714286,95.0,0.0,755.0,755.0,0.0
7005287334,cluster_301572944_71643547_9803583623,10,10,2.25,12.5,2.5,18.0,18.0,0.0
11370726443,8264714837,10,0,0.0,0.0,0.0,0.0,0.0,0.0
30237697,30247166,10,10,64.39285714285714,72.5,2.5,581.0,816.0,0.0
30237698,12884439756,15,0,0.0,0.0,0.0,0.0,0.0,0.0
30237614,442540300,5,5,33.660714285714285,50.0,0.0,376.0,376.0,0.0
359104405,5260601900,25,25,3.285714285714286,12.0,2.449489742783178,46.0,46.0,0.0
4823547657,30237616,25,0,0.0,0.0,0.0,0.0,0.0,0.0
30237617,6634825854,25,25,42.99999999999999,73.0,6.782329983125268,602.0,602.0,0.0
1812294093,12953119988,10,10,68.0,90.0,15.0,829.0,832.0,0.0
8193762124,12944467681,20,0,0.0,0.0,0.0,0.0,0.0,0.0
442540240,1311773884,15,15,104.71428571428571,200.0,63.77042156569664,1172.0,1766.3333333333333,683.0638493012364
6985826711,30237617,10,0,0.0,0.0,0.0,0.0,0.0,0.0
8197554957,30237697,15,0,0.0,0.0,0.0,0.0,0.0,0.0
12884439757,30237867,75,0,0.0,0.0,0.0,0.0,0.0,0.0
30237633,30247089,20,0,0.0,0.0,0.0,0.0,0.0,0.0
30237614,30243366,20,20,66.71428571428572,107.5,23.58495283014151,700.0,934.0,0.0
30237698,30243368,5,0,0.0,0.0,0.0,0.0,0.0,0.0
6762205335,442540270,35,35,114.01785714285714,218.57142857142858,16.19397721250662,1507.0,1507.0,0.0
12884439749,6634825854,20,20,17.839285714285715,58.75,14.306903927824496,144.0,144.0,0.0
30243322,8126691012,30,30,133.57142857142856,189.16666666666666,23.169064624096407,1721.0,1723.0,0.0
cluster_30237612_6670690974,4173395797,15,0,0.0,0.0,0.0,0.0,0.0,0.0
12884439757,1362899971,65,65,20.214285714285715,33.07692307692308,8.444037846192366,283.0,283.0,0.0
442540270,9042478734,5,5,29.625,55.0,0.0,237.0,237.0,0.0
30247166,30237616,5,5,25.07142857142857,30.0,0.0,351.0,351.0,0.0
8210106342,30237613,55,55,51.78571428571428,63.18181818181818,6.83331653562405,725.0,725.0,0.0
442540270,30243322,20,20,118.31547619047619,200.0,14.577379737113251,1010.0,1179.0,60.0
5761245141,30237635,15,0,0.0,0.0,0.0,0.0,0.0,0.0
30247431,30247166,5,5,17.857142857142858,25.0,0.0,250.0,250.0,0.0
30237696,10896077231,30,0,0.0,0.0,0.0,0.0,0.0,0.0
30247167,12884439756,5,0,0.0,0.0,0.0,0.0,0.0,0.0
30247433,30237867,35,0,0.0,0.0,0.0,0.0,0.0,0.0
4897232219,30237635,10,0,0.0,0.0,0.0,0.0,0.0,0.0
30247433,8126691012,25,25,101.5,174.0,8.602325267042627,1185.0,1187.0,0.0
6634825854,30238029,5,0,0.0,0.0,0.0,0.0,0.0,0.0
30238025,30247434,35,35,86.10714285714286,121.42857142857143,17.467170372339265,466.0,940.0,0.0
30247167,1311619368,10,10,114.5,187.5,2.5,1061.0,1291.0,0.0
30237616,30237615,25,25,41.64285714285714,72.0,8.12403840463596,348.0,489.0,115.12601791080937
30237616,30247167,25,25,64.73809523809524,113.0,19.131126469708992,235.0,376.0,115.12601791080937
30237637,30247431,5,5,19.42857142857143,25.0,0.0,270.0,272.0,0.0
30237617,30237641,25,25,50.214285714285715,97.0,9.797958971132712,702.0,703.0,0.0
8210106342,30247089,60,60,51.85714285714285,91.25,39.27069518101252,726.0,809.3333333333334,276.38539919628334
1311619340,3236553576,30,0,0.0,0.0,0.0,0.0,0.0,0.0
7005287334,359104407,20,20,47.46428571428571,123.75,31.893377055432683,651.0,651.0,0.0
8235449359,7005287334,20,0,0.0,0.0,0.0,0.0,0.0,0.0
12884439749,3236553576,5,0,0.0,0.0,0.0,0.0,0.0,0.0
30243323,7005287334,40,0,0.0,0.0,0.0,0.0,0.0,0.0
12884439757,30237617,10,10,2.214285714285714,20.0,0.0,31.0,31.0,0.0
30238026,442540300,15,15,80.10714285714286,116.66666666666667,6.236095644623236,850.0,850.0,0.0
1311619340,12953119988,15,15,50.10714285714285,61.666666666666664,2.357022603955158,613.0,613.0,0.0
cluster_30237612_6670690974,30237772,5,5,32.64285714285714,35.0,0.0,457.0,457.0,0.0
7806252248,1311619368,30,30,12.267857142857144,30.833333333333332,9.753916592266355,123.0,123.0,0.0
2989836087,30237772,10,10,92.38690476190476,117.5,12.5,998.0,998.0,0.0
2989836095,8264714837,40,0,0.0,0.0,0.0,0.0,0.0,0.0
30237633,6762205335,20,0,0.0,0.0,0.0,0.0,0.0,0.0
30238029,9223593605,20,20,107.49404761904762,150.0,11.180339887498949,1127.0,1127.0,0.0
2989836095,4222882539,5,0,0.0,0.0,0.0,0.0,0.0,0.0
30247432,5375631705,20,0,0.0,0.0,0.0,0.0,0.0,0.0
8197554957,9803583625,15,0,0.0,0.0,0.0,0.0,0.0,0.0
30237633,30237640,35,0,0.0,0.0,0.0,0.0,0.0,0.0
6985826711,30243368,20,0,0.0,0.0,0.0,0.0,0.0,0.0
30237637,11370726443,25,25,75.35714285714286,97.0,9.273618495495704,1053.0,1055.0,0.0
12953119988,6762205322,5,0,0.0,0.0,0.0,0.0,0.0,0.0
8210106342,cluster_301572399_301572961_71643538,15,15,96.32142857142857,116.66666666666667,6.236095644623236,885.0,1049.6666666666667,116.43691663538482
8264714837,1311619340,5,0,0.0,0.0,0.0,0.0,0.0,0.0
5375631705,8197554957,35,35,108.4702380952381,167.14285714285714,12.205719636167903,1224.0,1256.7142857142858,80.13330729962111
7005287334,30247432,15,15,12.821428571428571,26.666666666666668,8.498365855987975,166.0,166.0,0.0
30237772,30243366,15,15,82.85714285714286,100.0,14.719601443879744,926.0,1158.3333333333333,2.3570226039551585
4897232218,30247089,5,5,74.07142857142857,95.0,0.0,821.0,821.0,0.0
6762205322,30237640,40,0,0.0,0.0,0.0,0.0,0.0,0.0
30238029,8193762124,15,15,65.28571428571428,86.66666666666667,6.236095644623236,707.0,709.3333333333334,0.9428090415820634
30243323,6874436644,10,10,75.10714285714286,87.5,7.5,669.0,669.0,0.0
30243323,442540300,20,20,112.25,182.5,16.00781059358212,1387.0,1387.5,0.8660254037844386
4897232219,9803583625,5,0,0.0,0.0,0.0,0.0,0.0,0.0
3236553576,3213093362,40,40,123.23809523809524,246.25,36.72107705392095,1149.0,1149.0,0.0
30238027,30247166,15,15,97.08928571428572,118.33333333333333,4.714045207910316,894.0,972.3333333333334,110.78006238589245
12944467681,4897232219,30,0,0.0,0.0,0.0,0.0,0.0,0.0
30237638,1362899971,15,15,17.78571428571429,31.666666666666668,2.3570226039551585,249.0,249.0,0.0
30237641,12884439746,20,0,0.0,0.0,0.0,0.0,0.0,0.0
6762205322,12953119988,5,0,0.0,0.0,0.0,0.0,0.0,0.0
2989836087,8264714837,55,55,105.45833333333333,170.0,33.91164991562634,1181.0,1202.090909090909,66.695310650824
30237633,cluster_301572460_301572949_71643543,5,0,0.0,0.0,0.0,0.0,0.0,0.0
30243367,30238029,30,0,0.0,0.0,0.0,0.0,0.0,0.0
30243323,5375631705,10,0,0.0,0.0,0.0,0.0,0.0,0.0
cluster_301572399_301572961_71643538,10896077231,15,0,0.0,0.0,0.0,0.0,0.0,0.0
12953119985,2989836095,10,0,0.0,0.0,0.0,0.0,0.0,0.0
8097436674,9042478734,30,0,0.0,0.0,0.0,0.0,0.0,0.0
6985826711,30238026,5,0,0.0,0.0,0.0,0.0,0.0,0.0
442540270,30237613,25,25,37.857142857142854,53.0,7.483314773547883,530.0,530.0,0.0
6985826711,6855299029,15,0,0.0,0.0,0.0,0.0,0.0,0.0
2989836087,8097436674,15,15,105.0297619047619,150.0,21.602468994692867,1175.0,1175.0,0.0
30237867,8214234926,5,5,92.82142857142857,100.0,0.0,968.0,968.0,0.0
4897232219,4897232219,30,0,0.0,0.0,0.0,0.0,0.0,0.0
1812294093,8655000700,5,5,57.39285714285714,85.0,0.0,772.0,772.0,0.0
cluster_30237612_6670690974,4897232218,50,0,0.0,0.0,0.0,0.0,0.0,0.0
6762205324,cluster_301572944_71643547_9803583623,20,0,0.0,0.0,0.0,0.0,0.0,0.0
30243367,30247432,20,20,75.21428571428571,103.75,15.562374497485916,896.0,1069.0,27.712812921102035
cluster_301572460_301572949_71643543,442540270,5,5,67.69642857142857,90.0,0.0,860.0,860.0,0.0
6762205324,12884439749,15,0,0.0,0.0,0.0,0.0,0.0,0.0
30247166,11370726443,10,10,88.21428571428571,97.5,2.5,766.0,1000.5,234.5
9223593605,555187275,35,0,0.0,0.0,0.0,0.0,0.0,0.0
30237617,30243370,10,0,0.0,0.0,0.0,0.0,0.0,0.0
8235926364,30237640,20,0,0.0,0.0,0.0,0.0,0.0,0.0
359104407,cluster_30237612_6670690974,5,0,0.0,0.0,0.0,0.0,0.0,0.0
30238029,1311770053,35,0,0.0,0.0,0.0,0.0,0.0,0.0
8655000700,30237617,10,0,0.0,0.0,0.0,0.0,0.0,0.0
30238026,8210106342,30,0,0.0,0.0,0.0,0.0,0.0,0.0
8193762124,30247167,10,0,0.0,0.0,0.0,0.0,0.0,0.0
6762205335,30237637,15,15,106.01785714285714,140.0,7.0710678118654755,1395.0,1395.0,0.0
1311773884,12884439746,5,0,0.0,0.0,0.0,0.0,0.0,0.0
3213093362,8224714481,10,0,0.0,0.0,0.0,0.0,0.0,0.0
8235926364,30238026,15,0,0.0,0.0,0.0,0.0,0.0,0.0
5260601900,442540300,35,35,38.44642857142857,92.85714285714286,40.607629724433984,443.0,443.0,0.0
11370726443,9803583625,10,0,0.0,0.0,0.0,0.0,0.0,0.0
30237637,30237634,15,15,12.785714285714286,35.0,0.0,179.0,179.0,0.0
12884439756,8193762124,5,5,57.33928571428571,80.0,0.0,792.0,793.0,0.0
30238027,30237640,20,20,38.375,55.0,20.615528128088304,307.0,364.25,99.15990873331822
30237616,1311770053,35,0,0.0,0.0,0.0,0.0,0.0,0.0
4897232218,30237867,20,0,0.0,0.0,0.0,0.0,0.0,0.0
30237639,5260292356,15,15,30.214285714285715,46.666666666666664,2.357022603955158,423.0,423.0,0.0
30243323,442540240,5,0,0.0,0.0,0.0,0.0,0.0,0.0
6874436644,12953119985,35,0,0.0,0.0,0.0,0.0,0.0,0.0
4897232218,12953119988,5,5,86.17857142857142,170.0,0.0,902.0,902.0,0.0
6434214256,30247433,35,35,62.892857142857146,88.57142857142857,20.824828195876073,549.0,549.0,0.0
30243367,1311619368,15,15,87.125,110.0,4.08248290463863,1169.0,1171.0,0.0
12953119985,30238029,50,0,0.0,0.0,0.0,0.0,0.0,0.0
442540270,8193762124,5,5,90.625,105.0,0.0,1066.0,1175.0,0.0
12953119988,cluster_301572460_301572949_71643543,75,0,0.0,0.0,0.0,0.0,0.0,0.0
5260292356,442540300,50,50,19.94642857142857,84.0,41.701318923986086,184.0,255.6,94.10759799293572
30238025,1311773884,55,55,60.357142857142854,138.63636363636363,58.39095933645383,755.0,939.3636363636364,346.79998760807166
30237633,1311619368,10,0,0.0,0.0,0.0,0.0,0.0,0.0
9803583625,cluster_301572306_301572951_71643537,20,0,0.0,0.0,0.0,0.0,0.0,0.0
442540300,11861295890,35,0,0.0,0.0,0.0,0.0,0.0,0.0
6985826711,30247434,50,0,0.0,0.0,0.0,0.0,0.0,0.0
30237617,5761245141,10,10,55.714285714285715,67.5,2.5,772.0,772.0,0.0
4897232218,30247433,25,25,81.28571428571429,200.0,38.8587184554509,922.0,1002.8,60.40331116751796
11370726443,6985826711,10,10,27.0,42.5,7.5,81.0,81.0,0.0
30237697,8264714837,25,25,51.82142857142857,73.0,8.717797887081348,640.0,640.0,0.0
30237637,30237867,5,0,0.0,0.0,0.0,0.0,0.0,0.0
8655000700,30237639,50,0,0.0,0.0,0.0,0.0,0.0,0.0
8210106342,7806252248,10,10,68.64285714285715,100.0,0.0,961.0,961.0,0.0
7005287334,30243368,25,25,51.464285714285715,80.0,12.24744871391589,440.0,441.2,1.469693845669907
11370726443,8655000700,15,0,0.0,0.0,0.0,0.0,0.0,0.0
12884439746,442540270,30,30,1.0,27.5,9.895285072531598,14.0,14.0,0.0
1311619340,8097436674,5,5,42.35714285714285,55.0,0.0,593.0,593.0,0.0
12884439748,4173395797,35,0,0.0,0.0,0.0,0.0,0.0,0.0
3213093362,30237772,10,0,0.0,0.0,0.0,0.0,0.0,0.0
12884439749,30237615,25,25,23.57142857142857,50.0,14.142135623730951,318.0,318.0,0.0
6855299029,9042478734,15,15,93.42857142857143,175.0,8.16496580927726,1224.0,1224.0,0.0
8193762124,12884439746,15,0,0.0,0.0,0.0,0.0,0.0,0.0
30243367,442540270,20,20,67.57142857142857,95.0,7.905694150420948,946.0,946.0,0.0
30243370,7005287334,25,0,0.0,0.0,0.0,0.0,0.0,0.0
1812294093,8214234926,10,10,60.82142857142857,82.5,12.5,820.0,820.0,0.0
cluster_301572399_301572961_71643538,9042478734,30,30,84.0,147.5,24.281337140555777,1092.0,1092.0,0.0
6985826711,4897232219,45,0,0.0,0.0,0.0,0.0,0.0,0.0
30243323,359104405,15,0,0.0,0.0,0.0,0.0,0.0,0.0
4897232218,12884439749,5,0,0.0,0.0,0.0,0.0,0.0,0.0
7806252248,30237772,15,15,46.5,73.33333333333333,4.714045207910316,651.0,718.3333333333334,95.22371319978839
30243322,cluster_301572399_301572961_71643538,10,10,34.517857142857146,40.0,5.0,394.0,394.0,0.0
30237698,cluster_301572944_71643547_9803583623,65,0,0.0,0.0,0.0,0.0,0.0,0.0
cluster_301572944_71643547_9803583623,30237697,10,10,50.17857142857143,55.0,0.0,614.0,614.0,0.0
30237640,4173395797,15,0,0.0,0.0,0.0,0.0,0.0,0.0
11861295890,11861295890,5,0,0.0,0.0,0.0,0.0,0.0,0.0
359104407,7806252248,45,45,47.160714285714285,84.44444444444444,13.630937940428108,565.0,570.6666666666666,8.013876853447538
6985826711,12953119988,20,0,0.0,0.0,0.0,0.0,0.0,0.0
cluster_301572460_301572949_71643543,8655000700,20,20,67.83928571428571,126.25,18.498310733685926,862.0,862.0,0.0
30237772,442540240,25,0,0.0,0.0,0.0,0.0,0.0,0.0
12884439749,7806252248,25,25,41.05357142857142,78.0,18.05547008526779,469.0,469.0,0.0
3213093362,6762205324,40,0,0.0,0.0,0.0,0.0,0.0,0.0
4222882539,442540270,35,35,36.267857142857146,94.28571428571429,36.295274331178575,291.0,291.0,0.0
442540240,7806252248,30,30,117.50000000000001,195.0,27.688746209726915,1351.0,1351.0,0.0
6762205335,442540240,20,0,0.0,0.0,0.0,0.0,0.0,0.0
6762205335,7005287334,25,0,0.0,0.0,0.0,0.0,0.0,0.0
359104405,30243367,5,5,34.85714285714286,45.0,0.0,488.0,488.0,0.0
cluster_301572944_71643547_9803583623,12884439757,40,0,0.0,0.0,0.0,0.0,0.0,0.0
6762205322,8235449359,10,0,0.0,0.0,0.0,0.0,0.0,0.0
12944467681,30247166,65,0,0.0,0.0,0.0,0.0,0.0,0.0
10896077231,8193762124,15,15,65.96428571428571,88.33333333333333,6.236095644623236,715.0,718.0,0.0
30238027,30237635,30,30,72.30357142857143,97.5,12.162099599438687,782.0,782.0,0.0
3213093362,30237613,5,0,0.0,0.0,0.0,0.0,0.0,0.0
30237772,4823547657,40,40,58.857142857142854,73.125,11.439378261076953,668.0,668.0,0.0
8197554957,2989836095,20,0,0.0,0.0,0.0,0.0,0.0,0.0
12884439746,30238027,35,35,88.51785714285715,137.85714285714286,18.488827293635406,985.0,1011.8571428571429,45.64906061129711
8097436674,cluster_301572399_301572961_71643538,20,0,0.0,0.0,0.0,0.0,0.0,0.0
6762205324,30243370,5,0,0.0,0.0,0.0,0.0,0.0,0.0
8210106342,30243370,20,0,0.0,0.0,0.0,0.0,0.0,0.0
11370726443,8235449359,15,0,0.0,0.0,0.0,0.0,0.0,0.0
6855299029,30237638,35,35,61.714285714285715,76.42857142857143,6.3887656499993986,864.0,864.0,0.0
cluster_301572459_301572957_71643542,30238025,15,15,32.375,63.333333333333336,4.714045207910317,259.0,259.0,0.0
7806252248,359104405,40,0,0.0,0.0,0.0,0.0,0.0,0.0
30237639,3236553576,5,0,0.0,0.0,0.0,0.0,0.0,0.0
30237615,12884439757,30,0,0.0,0.0,0.0,0.0,0.0,0.0
cluster_30237612_6670690974,12884439756,15,0,0.0,0.0,0.0,0.0,0.0,0.0
4823547657,3236553576,55,0,0.0,0.0,0.0,0.0,0.0,0.0
1311619488,442540300,15,15,35.23214285714286,53.333333333333336,10.274023338281626,398.0,398.0,0.0
cluster_301572306_301572951_71643537,6434214256,30,0,0.0,0.0,0.0,0.0,0.0,0.0
30237641,30237637,5,5,42.85714285714286,55.0,0.0,600.0,600.0,0.0
30243322,2989836087,10,0,0.0,0.0,0.0,0.0,0.0,0.0
442540300,8197554957,45,45,2.952380952380952,26.666666666666668,6.666666666666667,40.0,40.0,0.0
30237635,cluster_30237612_6670690974,35,0,0.0,0.0,0.0,0.0,0.0,0.0
30243368,30243366,10,10,13.428571428571427,15.0,0.0,188.0,188.0,0.0
12884439748,6634825854,20,20,8.642857142857142,36.25,4.14578098794425,121.0,148.0,46.76537180435969
30237634,30243323,15,15,75.71428571428572,111.66666666666667,24.944382578492945,1055.0,1057.6666666666667,2.0548046676563256
4897232218,30237634,35,35,40.92857142857143,182.85714285714286,123.94863979133636,357.0,1251.0,1144.7818257517145
30237615,12884439748,5,5,18.142857142857146,40.0,0.0,254.0,254.0,0.0
30238029,4897232218,30,0,0.0,0.0,0.0,0.0,0.0,0.0
30243323,8197554957,20,20,107.04166666666667,317.5,155.94470173750693,1408.0,2585.5,1292.731313924127
5260292356,cluster_301572306_301572951_71643537,15,15,77.92857142857143,106.66666666666667,4.714045207910316,1082.0,1174.3333333333333,58.92556509887896
30237634,10896077231,40,0,0.0,0.0,0.0,0.0,0.0,0.0
8264714837,30243366,50,0,0.0,0.0,0.0,0.0,0.0,0.0
8214234926,442540300,10,0,0.0,0.0,0.0,0.0,0.0,0.0
12884439746,30237617,15,15,29.357142857142858,88.33333333333333,23.921166824012207,411.0,411.0,0.0
5260292356,359104407,15,15,4.071428571428571,11.666666666666666,2.357022603955158,57.0,57.0,0.0
30237640,30237635,35,35,33.92857142857143,44.285714285714285,10.83267920578793,475.0,475.0,0.0
8235926364,5260601900,35,0,0.0,0.0,0.0,0.0,0.0,0.0
30237637,8197554957,10,10,10.80952380952381,32.5,2.5,150.0,150.0,0.0
8197554957,8224714481,35,0,0.0,0.0,0.0,0.0,0.0,0.0
12944467681,30247434,20,20,4.428571428571429,5.0,0.0,62.0,62.0,0.0
cluster_301572459_301572957_71643542,359104407,25,25,74.46428571428571,195.0,58.90670590009256,867.0,1500.6,520.7170440844048
359104405,cluster_301572306_301572951_71643537,5,5,54.71428571428571,70.0,0.0,757.0,766.0,0.0
30237638,442540270,55,55,25.714285714285715,76.81818181818181,18.982375470746454,360.0,366.90909090909093,9.139868165495859
30237615,1311619368,15,15,37.125,55.0,4.08248290463863,469.0,471.0,0.0
3213093362,442540270,30,0,0.0,0.0,0.0,0.0,0.0,0.0
30237616,442540270,10,10,59.214285714285715,115.0,5.0,594.0,721.0,127.0
30237616,30237867,30,0,0.0,0.0,0.0,0.0,0.0,0.0
6762205335,1311619368,10,10,133.57142857142856,327.5,172.5,1730.0,2977.0,1245.0
12944467681,30237637,5,0,0.0,0.0,0.0,0.0,0.0,0.0
4222882539,5260601900,65,65,66.55357142857143,150.76923076923077,55.6377761074031,715.0,728.5384615384615,28.33485319046922
12884439748,1311773884,10,10,3.357142857142857,15.0,0.0,47.0,47.0,0.0
30243367,7005287334,25,0,0.0,0.0,0.0,0.0,0.0,0.0
4897232218,30237640,5,5,119.01785714285715,195.0,0.0,1183.0,1519.0,0.0
30247166,12884439746,10,0,0.0,0.0,0.0,0.0,0.0,0.0
30238029,12953119985,15,15,104.375,126.66666666666667,12.472191289246473,1081.0,1081.0,0.0
7806252248,6762205322,30,30,60.71428571428571,118.33333333333333,12.801909579781013,829.0,838.0,0.0
30247434,12884439749,10,0,0.0,0.0,0.0,0.0,0.0,0.0
12953119988,11370726443,20,0,0.0,0.0,0.0,0.0,0.0,0.0
8126691012,11861295890,5,0,0.0,0.0,0.0,0.0,0.0,0.0
359104407,4222882539,20,0,0.0,0.0,0.0,0.0,0.0,0.0
1362899971,4897232218,5,0,0.0,0.0,0.0,0.0,0.0,0.0
30237617,1311773884,25,25,53.42857142857142,114.0,19.849433241279208,748.0,763.2,7.6000000000000005
1311773884,cluster_301572944_71643547_9803583623,20,20,86.01785714285714,125.0,27.613402542968153,999.0,1230.0,226.0
6434214256,30237613,20,20,24.57142857142857,36.25,2.165063509461097,344.0,344.0,0.0
1311619340,1812294093,15,15,44.19642857142857,51.666666666666664,9.428090415820632,354.0,354.0,0.0
5260292356,8214234926,10,10,78.92857142857143,110.0,10.0,1105.0,1166.5,61.5
30237640,30237614,15,15,49.21428571428571,88.33333333333333,32.99831645537222,689.0,944.3333333333334,361.0958629259303
5260292356,9223593605,30,30,17.726190476190474,75.83333333333333,26.83540364684103,162.0,162.0,0.0
30237613,1311619340,15,15,33.49999999999999,73.33333333333333,29.53340857778225,469.0,475.3333333333333,8.9566858950296
6985826711,30243367,15,0,0.0,0.0,0.0,0.0,0.0,0.0
2989836087,11861295890,25,0,0.0,0.0,0.0,0.0,0.0,0.0
9042478734,30247166,35,0,0.0,0.0,0.0,0.0,0.0,0.0
30247089,9223593605,10,0,0.0,0.0,0.0,0.0,0.0,0.0
8193762124,6985826711,30,0,0.0,0.0,0.0,0.0,0.0,0.0
30237613,12944467681,20,0,0.0,0.0,0.0,0.0,0.0,0.0
30237867,10896077231,20,0,0.0,0.0,0.0,0.0,0.0,0.0
30243368,1311619340,5,5,72.71428571428572,265.0,0.0,1018.0,2125.0,0.0
30237614,30243367,40,40,58.5,92.5,18.708286933869708,814.0,987.875,219.31338165966983
30237614,30247166,80,80,41.64285714285714,90.3125,25.828082463667332,348.0,494.875,113.76888579484287
6874436644,30243370,30,0,0.0,0.0,0.0,0.0,0.0,0.0
8173291489,6634825854,15,0,0.0,0.0,0.0,0.0,0.0,0.0
4222882539,30243323,20,20,106.62500000000001,238.75,4.14578098794425,1276.0,1323.75,54.421388258661686
30247433,8214234926,5,5,37.57142857142857,40.0,0.0,526.0,526.0,0.0
30237613,6434214256,35,0,0.0,0.0,0.0,0.0,0.0,0.0
11370726443,6762205335,25,0,0.0,0.0,0.0,0.0,0.0,0.0
11861295890,2989836087,35,0,0.0,0.0,0.0,0.0,0.0,0.0
6985826711,6874436644,10,0,0.0,0.0,0.0,0.0,0.0,0.0
30237698,30237617,25,0,0.0,0.0,0.0,0.0,0.0,0.0
9803583625,5260601900,5,0,0.0,0.0,0.0,0.0,0.0,0.0
359104405,7806252248,35,35,4.142857142857143,30.714285714285715,11.780301787479031,58.0,58.0,0.0
30237617,6762205324,15,15,54.5,78.33333333333333,4.714045207910316,754.0,763.0,0.0
8193762124,30237616,30,0,0.0,0.0,0.0,0.0,0.0,0.0
3236553576,555187275,25,25,117.01785714285715,160.0,24.289915602982237,789.0,870.6,0.8
30237772,30243368,40,40,111.14285714285714,168.125,27.378995142261886,1260.0,1452.0,107.6951716652144
8210106342,8193762124,30,30,6.5,12.5,3.8188130791298667,91.0,91.0,0.0
cluster_301572399_301572961_71643538,6434214256,5,0,0.0,0.0,0.0,0.0,0.0,0.0
30243367,5260601900,30,30,82.14285714285714,302.5,166.82700620702872,1150.0,2420.8333333333335,1076.0573740383095
12884439757,3213093362,20,20,23.642857142857146,46.25,2.165063509461097,331.0,331.0,0.0
8235449359,1311619368,30,0,0.0,0.0,0.0,0.0,0.0,0.0
8193762124,359104407,5,0,0.0,0.0,0.0,0.0,0.0,0.0
12944467681,30238027,40,0,0.0,0.0,0.0,0.0,0.0,0.0
12953119985,cluster_30237612_6670690974,5,0,0.0,0.0,0.0,0.0,0.0,0.0
10896077231,30247089,25,25,101.01785714285714,173.0,71.17583859709698,1121.0,1384.2,526.4
2989836095,6985826711,10,0,0.0,0.0,0.0,0.0,0.0,0.0
442540240,11370726443,15,15,66.01785714285714,100.0,14.719601443879744,715.0,716.6666666666666,0.9428090415820634
12884439749,4897232219,5,0,0.0,0.0,0.0,0.0,0.0,0.0
442540300,5260601900,30,30,30.42857142857143,65.0,11.902380714238083,426.0,437.3333333333333,8.013876853447538
30237639,30238027,10,10,71.625,120.0,45.0,573.0,813.5,240.5
5761245141,9223593605,35,0,0.0,0.0,0.0,0.0,0.0,0.0
30243370,8235449359,40,40,0.16666666666666666,13.125,6.584783595532961,1.0,1.0,0.0
30237696,6985826711,20,20,123.17857142857143,187.5,20.766559657295186,770.0,1418.25,375.16154853609396
30243368,12884439748,5,5,73.35714285714286,280.0,0.0,1027.0,2113.0,0.0
8173291489,8655000700,30,0,0.0,0.0,0.0,0.0,0.0,0.0
cluster_301572399_301572961_71643538,30237867,5,0,0.0,0.0,0.0,0.0,0.0,0.0
30237635,30247167,30,30,74.17857142857143,149.16666666666666,43.533192955363255,650.0,1007.8333333333334,386.8946526151818
8214234926,9803583625,15,0,0.0,0.0,0.0,0.0,0.0,0.0
cluster_301572306_301572951_71643537,8197554957,35,35,95.68452380952381,257.85714285714283,170.54235215204173,1249.0,1637.857142857143,926.0017631225776
30237639,10896077231,5,0,0.0,0.0,0.0,0.0,0.0,0.0
8126691012,30243322,15,0,0.0,0.0,0.0,0.0,0.0,0.0
30237641,4897232219,35,0,0.0,0.0,0.0,0.0,0.0,0.0
30237772,30247434,20,20,91.21428571428572,112.5,21.937410968480304,1272.0,1390.0,195.72174125528312
4173395797,2989836095,40,40,1.2916666666666665,20.625,8.816709987291178,7.0,7.0,0.0
cluster_301572460_301572949_71643543,442540300,5,5,75.71428571428571,95.0,0.0,877.0,877.0,0.0
30237772,30237696,35,35,24.285714285714285,50.714285714285715,6.226998490772391,340.0,340.0,0.0
11861295890,30237634,30,0,0.0,0.0,0.0,0.0,0.0,0.0
30247166,7005287334,55,0,0.0,0.0,0.0,0.0,0.0,0.0
30243322,30238029,15,0,0.0,0.0,0.0,0.0,0.0,0.0
6874436644,30238025,30,0,0.0,0.0,0.0,0.0,0.0,0.0
8097436674,30237613,5,0,0.0,0.0,0.0,0.0,0.0,0.0
30237867,30247431,25,25,61.92857142857143,98.0,9.273618495495704,844.0,865.8,0.9797958971132713
12884439749,30237697,10,10,38.39285714285714,120.0,5.0,437.0,1067.0,57.0
30237637,cluster_301572944_71643547_9803583623,25,25,70.80357142857143,112.0,12.083045973594572,789.0,790.6,0.8
9803583625,30237617,10,0,0.0,0.0,0.0,0.0,0.0,0.0
cluster_301572460_301572949_71643543,12953119985,15,15,70.375,91.66666666666667,6.236095644623236,809.0,809.0,0.0
30247433,30237634,5,5,85.23214285714286,110.0,0.0,939.0,999.0,0.0
12944467681,30243323,30,0,0.0,0.0,0.0,0.0,0.0,0.0
30238026,8193762124,15,15,29.21428571428571,35.0,0.0,408.0,409.0,0.0
9803583625,6762205335,30,0,0.0,0.0,0.0,0.0,0.0,0.0
2989836087,442540240,10,0,0.0,0.0,0.0,0.0,0.0,0.0
30238025,442540240,25,0,0.0,0.0,0.0,0.0,0.0,0.0
30237638,6762205335,10,0,0.0,0.0,0.0,0.0,0.0,0.0
6434214256,5375631705,10,0,0.0,0.0,0.0,0.0,0.0,0.0
30243370,6762205324,10,10,25.476190476190474,35.0,5.0,198.0,198.0,0.0
7806252248,7005287334,25,0,0.0,0.0,0.0,0.0,0.0,0.0
30238025,8224714481,10,0,0.0,0.0,0.0,0.0,0.0,0.0
6762205322,442540240,30,0,0.0,0.0,0.0,0.0,0.0,0.0
30237617,1812294093,5,5,71.28571428571429,80.0,0.0,827.0,827.0,0.0
3236553576,30247432,10,10,85.23809523809524,105.0,10.0,617.0,617.0,0.0
6434214256,30238027,10,10,105.26785714285714,132.5,12.5,888.0,1379.0,0.0
5260601900,11370726443,25,25,59.214285714285715,79.0,8.0,829.0,829.0,0.0
4897232218,1362899971,15,15,43.92857142857143,76.66666666666667,16.99673171197595,399.0,404.6666666666667,8.013876853447538
3236553576,6434214256,20,0,0.0,0.0,0.0,0.0,0.0,0.0
11861295890,1812294093,5,0,0.0,0.0,0.0,0.0,0.0,0.0
5260601900,4897232219,20,0,0.0,0.0,0.0,0.0,0.0,0.0
8655000700,2989836095,15,0,0.0,0.0,0.0,0.0,0.0,0.0
30237867,30238029,30,0,0.0,0.0,0.0,0.0,0.0,0.0
30237637,30247433,20,20,37.42857142857143,68.75,4.14578098794425,522.0,523.0,1.0
8224714481,6985826711,5,5,129.64285714285714,185.0,0.0,825.0,905.0,0.0
30237635,30237616,15,15,38.857142857142854,103.33333333333333,82.59674462242579,466.0,1044.3333333333333,817.8868435724401
6855299029,1362899971,50,50,79.5,228.5,111.84922887530338,1113.0,1603.9,554.325436905073
3213093362,30247432,15,0,0.0,0.0,0.0,0.0,0.0,0.0
30247431,cluster_301572459_301572957_71643542,25,25,51.375,142.0,61.04096984812741,519.0,807.6,235.64091325574174
30237633,30237697,5,0,0.0,0.0,0.0,0.0,0.0,0.0
30237698,5260292356,25,0,0.0,0.0,0.0,0.0,0.0,0.0
8235449359,12884439749,5,0,0.0,0.0,0.0,0.0,0.0,0.0
442540270,9803583625,30,30,89.05357142857143,122.5,14.930394055974098,935.0,1041.1666666666667,46.58474953124561
30238027,8235926364,15,0,0.0,0.0,0.0,0.0,0.0,0.0
442540300,11370726443,15,15,83.21428571428571,140.0,0.0,1165.0,1212.3333333333333,66.9394419523265
4823547657,30247166,5,0,0.0,0.0,0.0,0.0,0.0,0.0
1311619340,30237696,35,35,21.71428571428571,68.57142857142857,37.293649949161754,304.0,549.8571428571429,283.89204616817113
9803583625,6434214256,10,0,0.0,0.0,0.0,0.0,0.0,0.0
8235926364,9803583625,35,0,0.0,0.0,0.0,0.0,0.0,0.0
12884439748,30237634,15,15,5.5,255.0,117.6860229593982,77.0,2254.0,1267.8044013174904
30237697,8224714481,30,0,0.0,0.0,0.0,0.0,0.0,0.0
1311770053,8264714837,5,5,105.375,110.0,0.0,1182.0,1182.0,0.0
442540300,6874436644,40,40,83.66071428571429,176.875,15.599979967935857,941.0,1014.875,59.2292949054773
1812294093,5761245141,5,5,62.17857142857143,120.0,0.0,831.0,831.0,0.0
30243368,cluster_301572460_301572949_71643543,25,25,69.19642857142857,160.0,43.58898943540674,704.0,748.2,88.4
30237698,6762205335,10,0,0.0,0.0,0.0,0.0,0.0,0.0
30243370,30243323,20,20,23.42857142857143,82.5,2.5,328.0,328.0,0.0
5260292356,30237697,5,5,40.32142857142857,125.0,0.0,476.0,1049.0,0.0
30243323,1311619368,65,65,123.78571428571428,213.46153846153845,35.91574624593462,1593.0,1654.3846153846155,203.98549664188548
30237638,30243370,35,0,0.0,0.0,0.0,0.0,0.0,0.0
4897232218,1311619368,30,30,71.41071428571429,134.16666666666666,20.086617988656585,735.0,745.6666666666666,7.586537784494029
1812294093,30237697,15,15,54.35714285714286,70.0,8.16496580927726,641.0,641.0,0.0
4823547657,30243323,35,0,0.0,0.0,0.0,0.0,0.0,0.0
8264714837,12884439756,5,0,0.0,0.0,0.0,0.0,0.0,0.0
8224714481,4173395797,45,0,0.0,0.0,0.0,0.0,0.0,0.0
9803583625,3213093362,15,0,0.0,0.0,0.0,0.0,0.0,0.0
5761245141,5260292356,25,0,0.0,0.0,0.0,0.0,0.0,0.0
3213093362,30247089,15,0,0.0,0.0,0.0,0.0,0.0,0.0
8224714481,8214234926,20,20,102.28571428571428,267.5,79.25433742073679,818.0,820.0,1.0
6985826711,9042478734,20,0,0.0,0.0,0.0,0.0,0.0,0.0
30238025,6874436644,25,25,91.19642857142857,132.0,40.93897898091744,781.0,829.2,96.4
9803583625,10896077231,20,0,0.0,0.0,0.0,0.0,0.0,0.0
30237615,5761245141,20,20,72.64285714285714,87.5,5.5901699437494745,1007.0,1009.0,0.0
6762205322,30238025,5,0,0.0,0.0,0.0,0.0,0.0,0.0
12953119985,1362899971,15,0,0.0,0.0,0.0,0.0,0.0,0.0
5260292356,1311619340,5,5,3.857142857142857,15.0,0.0,54.0,54.0,0.0
30237640,12884439756,25,0,0.0,0.0,0.0,0.0,0.0,0.0
12944467681,8235926364,10,0,0.0,0.0,0.0,0.0,0.0,0.0
8264714837,12944467681,25,0,0.0,0.0,0.0,0.0,0.0,0.0
12884439746,30243322,5,5,111.40476190476191,155.0,0.0,1024.0,1258.0,0.0
30237640,12884439749,30,0,0.0,0.0,0.0,0.0,0.0,0.0
6634825854,30237617,60,0,0.0,0.0,0.0,0.0,0.0,0.0
4222882539,cluster_301572459_301572957_71643542,15,15,114.78571428571429,180.0,21.602468994692867,1190.0,1486.6666666666667,149.0354171180648
30243322,12953119985,5,5,115.19642857142856,210.0,0.0,1435.0,1437.0,0.0
8224714481,7005287334,25,0,0.0,0.0,0.0,0.0,0.0,0.0
8235449359,30237639,20,0,0.0,0.0,0.0,0.0,0.0,0.0
8264714837,2989836095,35,0,0.0,0.0,0.0,0.0,0.0,0.0
1311773884,12884439756,20,0,0.0,0.0,0.0,0.0,0.0,0.0
9803583625,12944467681,30,0,0.0,0.0,0.0,0.0,0.0,0.0
30243367,30237638,5,5,41.857142857142854,170.0,0.0,586.0,1521.0,0.0
2989836087,30237637,25,25,94.0297619047619,152.0,38.28837943815329,1021.0,1066.8,91.60000000000001
12953119985,30243370,5,0,0.0,0.0,0.0,0.0,0.0,0.0
7005287334,12884439757,20,0,0.0,0.0,0.0,0.0,0.0,0.0
8197554957,30238026,20,0,0.0,0.0,0.0,0.0,0.0,0.0
5260292356,5260292356,5,5,0.0,10.0,0.0,0.0,108.0,0.0
30247432,cluster_301572399_301572961_71643538,25,25,56.5,89.0,17.72004514666935,503.0,750.0,0.0
4222882539,30238026,5,5,89.76785714285715,180.0,0.0,1040.0,1055.0,0.0
2989836087,12884439746,35,0,0.0,0.0,0.0,0.0,0.0,0.0
11861295890,442540270,45,0,0.0,0.0,0.0,0.0,0.0,0.0
30237867,30237638,35,35,34.42857142857143,90.71428571428571,37.36199094463434,326.0,812.5714285714286,318.8218746496263
30237696,30247167,5,5,43.75,50.0,0.0,350.0,350.0,0.0
2989836095,5260601900,15,0,0.0,0.0,0.0,0.0,0.0,0.0
1311619368,359104407,5,0,0.0,0.0,0.0,0.0,0.0,0.0
7806252248,4173395797,30,0,0.0,0.0,0.0,0.0,0.0,0.0
11861295890,6855299029,20,0,0.0,0.0,0.0,0.0,0.0,0.0
cluster_30237612_6670690974,442540300,25,25,50.160714285714285,123.0,14.352700094407323,607.0,607.0,0.0
12953119988,8193762124,5,0,0.0,0.0,0.0,0.0,0.0,0.0
8173291489,30247434,30,0,0.0,0.0,0.0,0.0,0.0,0.0
30243368,30247089,10,10,71.42857142857142,202.5,42.5,1000.0,1655.5,110.5
12884439748,442540240,25,0,0.0,0.0,0.0,0.0,0.0,0.0
9223593605,6434214256,45,0,0.0,0.0,0.0,0.0,0.0,0.0
7005287334,9042478734,20,20,61.32142857142856,150.0,11.180339887498949,761.0,761.0,0.0
9223593605,442540240,5,0,0.0,0.0,0.0,0.0,0.0,0.0
4823547657,2989836095,35,0,0.0,0.0,0.0,0.0,0.0,0.0
6762205322,30247434,15,0,0.0,0.0,0.0,0.0,0.0,0.0
442540240,3236553576,35,0,0.0,0.0,0.0,0.0,0.0,0.0
11861295890,cluster_30237612_6670690974,20,0,0.0,0.0,0.0,0.0,0.0,0.0
6874436644,12953119988,20,0,0.0,0.0,0.0,0.0,0.0,0.0
30237639,359104407,5,5,26.285714285714285,90.0,0.0,368.0,368.0,0.0
30237697,30243323,25,25,68.71428571428572,81.0,9.695359714832659,701.0,701.0,0.0
30238026,30238025,5,5,14.375,15.0,0.0,115.0,115.0,0.0
11370726443,30237697,35,0,0.0,0.0,0.0,0.0,0.0,0.0
359104407,8097436674,10,10,58.30357142857142,125.0,50.0,721.0,1120.5,399.5
5375631705,30237867,25,0,0.0,0.0,0.0,0.0,0.0,0.0
8214234926,30247434,5,0,0.0,0.0,0.0,0.0,0.0,0.0
1311619368,8264714837,30,0,0.0,0.0,0.0,0.0,0.0,0.0
8264714837,30237633,15,0,0.0,0.0,0.0,0.0,0.0,0.0
30243322,cluster_301572306_301572951_71643537,35,35,19.642857142857146,30.714285714285715,10.497813183356477,275.0,275.0,0.0
8655000700,442540240,15,0,0.0,0.0,0.0,0.0,0.0,0.0
5260601900,8126691012,30,30,12.910714285714286,43.333333333333336,13.743685418725535,123.0,123.0,0.0
30247166,30237639,15,15,45.5,50.0,0.0,463.0,463.0,0.0
5761245141,4897232218,40,0,0.0,0.0,0.0,0.0,0.0,0.0
cluster_301572459_301572957_71643542,30247432,15,15,39.82142857142857,73.33333333333333,26.562295750848715,382.0,382.0,0.0
30237640,cluster_301572460_301572949_71643543,30,30,56.57142857142857,102.5,12.5,504.0,504.0,0.0
5260292356,2989836095,20,0,0.0,0.0,0.0,0.0,0.0,0.0
9042478734,cluster_301572306_301572951_71643537,15,0,0.0,0.0,0.0,0.0,0.0,0.0
7806252248,12884439746,5,0,0.0,0.0,0.0,0.0,0.0,0.0
30237637,4897232219,35,0,0.0,0.0,0.0,0.0,0.0,0.0
30247431,cluster_301572399_301572961_71643538,15,15,66.0,83.33333333333333,10.274023338281628,636.0,718.3333333333334,116.43691663538482
30237613,4897232218,70,0,0.0,0.0,0.0,0.0,0.0,0.0
30243367,6762205324,15,15,21.0,25.0,0.0,294.0,294.0,0.0
442540240,30247089,15,15,100.71428571428571,211.66666666666666,73.06770072260991,1116.0,1533.6666666666667,590.6698645511627
8126691012,6985826711,5,0,0.0,0.0,0.0,0.0,0.0,0.0
12944467681,8193762124,15,0,0.0,0.0,0.0,0.0,0.0,0.0
6985826711,cluster_301572306_301572951_71643537,5,0,0.0,0.0,0.0,0.0,0.0,0.0
cluster_301572459_301572957_71643542,1311773884,35,35,84.96428571428571,199.28571428571428,21.782786688538437,1014.0,1138.2857142857142,273.53543217115623
6634825854,2989836087,20,0,0.0,0.0,0.0,0.0,0.0,0.0
1311619488,4173395797,20,0,0.0,0.0,0.0,0.0,0.0,0.0
30238025,12884439748,5,5,58.285714285714285,370.0,0.0,726.0,2527.0,0.0
8264714837,12884439748,10,0,0.0,0.0,0.0,0.0,0.0,0.0
4222882539,30247434,30,30,114.69642857142857,253.33333333333334,62.89320754704402,1389.0,1443.8333333333333,87.28576949053927
30243322,359104405,15,0,0.0,0.0,0.0,0.0,0.0,0.0
5260601900,1311773884,30,30,33.07142857142857,100.83333333333333,24.395468613840745,463.0,478.8333333333333,7.080881928749334
30247433,cluster_301572944_71643547_9803583623,5,5,33.375,45.0,0.0,267.0,267.0,0.0
cluster_30237612_6670690974,442540240,35,0,0.0,0.0,0.0,0.0,0.0,0.0
9223593605,1311619488,10,0,0.0,0.0,0.0,0.0,0.0,0.0
6762205335,12953119985,25,25,116.69642857142856,293.0,38.80721582386451,1456.0,2560.6,343.231467088902
5761245141,1311773884,25,0,0.0,0.0,0.0,0.0,0.0,0.0
30237616,8235449359,20,0,0.0,0.0,0.0,0.0,0.0,0.0
30237867,3213093362,5,5,46.0,105.0,0.0,623.0,644.0,0.0
8224714481,1311619368,25,25,158.25,242.0,40.19950248448356,1466.0,1621.8,310.60096587100304
8193762124,30237640,45,0,0.0,0.0,0.0,0.0,0.0,0.0
8264714837,30238027,35,0,0.0,0.0,0.0,0.0,0.0,0.0
30247089,8210106342,20,0,0.0,0.0,0.0,0.0,0.0,0.0
12884439756,9223593605,20,20,34.708333333333336,117.5,14.79019945774904,390.0,390.0,0.0
4173395797,30237637,5,5,94.69642857142857,210.0,0.0,1028.0,1803.0,0.0
442540240,7005287334,20,0,0.0,0.0,0.0,0.0,0.0,0.0
6434214256,12944467681,15,0,0.0,0.0,0.0,0.0,0.0,0.0
1362899971,30237638,15,15,45.64285714285714,73.33333333333333,11.785113019775793,639.0,639.0,0.0
8235449359,1812294093,5,0,0.0,0.0,0.0,0.0,0.0,0.0
5260601900,30237616,40,40,46.214285714285715,87.5,35.88175023601831,647.0,714.5,178.58821349685985
9042478734,30247432,35,0,0.0,0.0,0.0,0.0,0.0,0.0
12884439749,12884439749,35,0,0.0,0.0,0.0,0.0,0.0,0.0
3236553576,30237634,20,20,132.52380952380952,217.5,67.86935980249113,1201.0,1558.0,618.3421383020892
9042478734,cluster_301572460_301572949_71643543,25,0,0.0,0.0,0.0,0.0,0.0,0.0
7806252248,30247433,40,40,22.142857142857142,66.25,11.110243021644486,310.0,310.0,0.0
7806252248,8224714481,10,0,0.0,0.0,0.0,0.0,0.0,0.0
6762205322,6762205335,35,0,0.0,0.0,0.0,0.0,0.0,0.0
30238026,5260601900,15,15,86.66071428571429,196.66666666666666,78.13805446487362,1037.0,1809.3333333333333,633.2089351513887
30237637,8264714837,55,55,50.71428571428571,169.0909090909091,32.3909486387634,710.0,1046.7272727272727,0.9620913858416693
30247167,30237696,5,5,77.30357142857143,255.0,0.0,591.0,1598.0,0.0
6762205324,4823547657,15,0,0.0,0.0,0.0,0.0,0.0,0.0
4222882539,359104407,35,35,20.25,67.85714285714286,26.166655834306006,162.0,162.0,0.0
555187275,5761245141,20,0,0.0,0.0,0.0,0.0,0.0,0.0
4897232218,442540240,15,0,0.0,0.0,0.0,0.0,0.0,0.0
11861295890,6762205322,5,0,0.0,0.0,0.0,0.0,0.0,0.0
8126691012,30237633,10,0,0.0,0.0,0.0,0.0,0.0,0.0
30237613,30238027,10,10,92.08928571428572,190.0,75.0,1030.0,1275.5,240.5
7005287334,30237615,30,30,37.75,77.5,18.427786989579985,515.0,515.0,0.0
6874436644,8193762124,15,0,0.0,0.0,0.0,0.0,0.0,0.0
cluster_30237612_6670690974,8224714481,20,0,0.0,0.0,0.0,0.0,0.0,0.0
cluster_30237612_6670690974,6762205335,5,0,0.0,0.0,0.0,0.0,0.0,0.0
6874436644,30237696,65,0,0.0,0.0,0.0,0.0,0.0,0.0
30237698,30243323,10,0,0.0,0.0,0.0,0.0,0.0,0.0
30238027,3236553576,15,0,0.0,0.0,0.0,0.0,0.0,0.0
2989836087,30243367,15,15,44.76190476190476,60.0,10.801234497346433,416.0,418.3333333333333,0.9428090415820634
30247432,30247431,5,5,53.92857142857143,90.0,0.0,753.0,753.0,0.0
7005287334,30237867,30,0,0.0,0.0,0.0,0.0,0.0,0.0
30247089,30237634,35,0,0.0,0.0,0.0,0.0,0.0,0.0
1362899971,442540300,15,15,15.946428571428571,41.666666666666664,6.236095644623236,128.0,128.0,0.0
30237638,5375631705,15,0,0.0,0.0,0.0,0.0,0.0,0.0
8264714837,12884439757,5,0,0.0,0.0,0.0,0.0,0.0,0.0
6855299029,7806252248,15,15,102.85714285714285,231.66666666666666,94.36925111261378,1440.0,1959.3333333333333,731.6198162676811
9042478734,11861295890,35,0,0.0,0.0,0.0,0.0,0.0,0.0
1311770053,12944467681,20,0,0.0,0.0,0.0,0.0,0.0,0.0
30237696,30237633,20,20,25.0,30.0,5.0,350.0,350.0,0.0
5375631705,1311619368,5,5,125.21428571428572,175.0,0.0,1409.0,1409.0,0.0
8210106342,cluster_301572944_71643547_9803583623,10,10,81.69642857142857,95.0,5.0,768.0,768.0,0.0
8235449359,30237641,5,0,0.0,0.0,0.0,0.0,0.0,0.0
1311773884,30237640,35,35,90.375,197.85714285714286,37.59342104840219,856.0,1310.142857142857,349.65796698709875
11370726443,1311619488,20,0,0.0,0.0,0.0,0.0,0.0,0.0
30237697,30237617,40,40,47.75,153.75,24.717149916606484,583.0,985.125,443.9877356132712
8173291489,359104405,5,0,0.0,0.0,0.0,0.0,0.0,0.0
1812294093,6855299029,15,0,0.0,0.0,0.0,0.0,0.0,0.0
30247432,8655000700,30,30,42.64285714285714,83.33333333333333,6.871842709362768,597.0,597.0,0.0
30237614,8097436674,20,20,28.78571428571429,35.0,5.0,403.0,403.0,0.0
555187275,5260292356,40,0,0.0,0.0,0.0,0.0,0.0,0.0
30237867,cluster_301572460_301572949_71643543,5,5,74.0,80.0,0.0,592.0,592.0,0.0
30237641,30237641,40,15,0.0,90.0,4.08248290463863,0.0,387.25,425.059922246264
5761245141,30237697,15,0,0.0,0.0,0.0,0.0,0.0,0.0
30237634,555187275,35,35,113.76190476190476,225.0,29.640705601780613,1001.0,1290.7142857142858,36.842189657721356
30247434,8173291489,10,0,0.0,0.0,0.0,0.0,0.0,0.0
30237617,9223593605,20,20,56.58333333333333,130.0,11.180339887498949,706.0,706.0,0.0
7005287334,11861295890,5,0,0.0,0.0,0.0,0.0,0.0,0.0
6762205335,9803583625,30,30,82.51785714285714,182.5,39.66001344763598,787.0,787.0,0.0
30243368,4897232218,35,0,0.0,0.0,0.0,0.0,0.0,0.0
8097436674,30243370,10,0,0.0,0.0,0.0,0.0,0.0,0.0
30247431,11861295890,50,0,0.0,0.0,0.0,0.0,0.0,0.0
30237633,7005287334,5,0,0.0,0.0,0.0,0.0,0.0,0.0
30238029,5260601900,40,40,116.26785714285715,189.375,46.464872484490904,1336.0,1521.125,321.1095753399453
4897232219,30237697,30,0,0.0,0.0,0.0,0.0,0.0,0.0
30237613,10896077231,35,0,0.0,0.0,0.0,0.0,0.0,0.0
8264714837,6434214256,20,0,0.0,0.0,0.0,0.0,0.0,0.0
442540240,10896077231,25,25,0.5535714285714286,15.0,4.47213595499958,7.0,7.0,0.0
cluster_30237612_6670690974,8193762124,35,35,95.85714285714286,172.14285714285714,42.16101303821059,1108.0,1373.7142857142858,82.18917948543954
30238026,30247167,15,15,52.69642857142857,125.0,95.48123724935002,473.0,989.0,574.820551708676
7806252248,30237641,35,35,55.57142857142857,115.0,14.8804761828569,777.0,820.2857142857143,103.57842340911725
9042478734,30238026,35,0,0.0,0.0,0.0,0.0,0.0,0.0
8173291489,7005287334,10,0,0.0,0.0,0.0,0.0,0.0,0.0
442540270,1812294093,15,15,44.125,60.0,10.801234497346433,353.0,353.0,0.0
4897232219,9223593605,35,0,0.0,0.0,0.0,0.0,0.0,0.0
3213093362,8193762124,45,0,0.0,0.0,0.0,0.0,0.0,0.0
30237617,5375631705,25,0,0.0,0.0,0.0,0.0,0.0,0.0
5375631705,30237639,45,45,79.28571428571428,205.55555555555554,159.1198787156059,708.0,1154.7777777777778,607.8305278753971
30237638,442540300,30,30,33.73214285714286,71.66666666666667,13.743685418725535,377.0,377.0,0.0
30247431,30237613,5,5,50.57142857142857,65.0,0.0,708.0,708.0,0.0
1311773884,30237634,40,40,2.142857142857143,8.125,3.4798527267687636,30.0,30.0,0.0
1311619488,5260292356,25,25,23.285714285714285,31.0,9.695359714832659,326.0,351.4,50.8
442540300,30243370,25,0,0.0,0.0,0.0,0.0,0.0,0.0
30247433,8210106342,20,0,0.0,0.0,0.0,0.0,0.0,0.0
5260601900,3213093362,30,30,25.92857142857143,61.666666666666664,8.498365855987975,363.0,363.0,0.0
30237698,3213093362,10,0,0.0,0.0,0.0,0.0,0.0,0.0
5260292356,7806252248,25,25,27.357142857142858,43.0,7.483314773547883,383.0,383.0,0.0
30247089,cluster_301572944_71643547_9803583623,5,0,0.0,0.0,0.0,0.0,0.0,0.0
2989836087,12944467681,30,0,0.0,0.0,0.0,0.0,0.0,0.0
30247433,359104407,20,20,72.58928571428572,233.75,136.71937499857142,840.0,1507.25,1051.7878528962008
30238027,30237633,15,15,88.44642857142857,123.33333333333333,29.53340857778225,1008.0,1342.3333333333333,324.0846940058862
30247433,6434214256,5,0,0.0,0.0,0.0,0.0,0.0,0.0
30247433,5260601900,30,30,95.01785714285715,302.5,96.98582370635411,1154.0,1787.8333333333333,822.4557569998658
30243368,6762205322,15,15,27.071428571428573,43.333333333333336,6.236095644623236,367.0,367.0,0.0
30237772,8173291489,30,30,36.333333333333336,73.33333333333333,9.860132971832693,490.0,490.0,0.0
30237634,8655000700,10,10,34.5,67.5,2.5,483.0,483.0,0.0
1311773884,8224714481,20,0,0.0,0.0,0.0,0.0,0.0,0.0
30247434,cluster_301572399_301572961_71643538,5,0,0.0,0.0,0.0,0.0,0.0,0.0
cluster_301572944_71643547_9803583623,4823547657,40,40,70.0,91.875,15.194057226429022,816.0,823.25,1.299038105676658
6434214256,30247167,15,15,48.392857142857146,66.66666666666667,13.12334645668635,433.0,595.0,229.1025971044414
30237641,12884439748,35,35,51.42857142857143,111.42857142857143,59.14354726995557,720.0,837.5714285714286,264.8659268076463
8214234926,30247432,20,0,0.0,0.0,0.0,0.0,0.0,0.0
cluster_301572460_301572949_71643543,7806252248,15,15,83.12500000000001,131.66666666666666,4.714045207910316,1076.0,1076.0,0.0
30237639,cluster_301572459_301572957_71643542,5,5,62.625,155.0,0.0,501.0,982.0,0.0
5761245141,1311619368,40,0,0.0,0.0,0.0,0.0,0.0,0.0
30243368,10896077231,15,0,0.0,0.0,0.0,0.0,0.0,0.0
30243322,8197554957,35,35,115.32738095238096,340.7142857142857,153.1905576031875,1524.0,2124.0,886.2602004248769
30247432,12953119988,20,20,53.25,80.0,5.0,654.0,657.0,0.0
8214234926,5375631705,25,0,0.0,0.0,0.0,0.0,0.0,0.0
30237772,6985826711,5,5,122.85714285714288,130.0,0.0,1110.0,1423.0,0.0
30247166,30237635,25,25,25.35714285714286,36.0,4.898979485566356,355.0,355.0,0.0
6874436644,30238027,10,0,0.0,0.0,0.0,0.0,0.0,0.0
2989836087,3213093362,20,20,97.5297619047619,157.5,23.58495283014151,1070.0,1127.25,99.15990873331822
30237613,4897232219,5,0,0.0,0.0,0.0,0.0,0.0,0.0
8214234926,30237633,15,0,0.0,0.0,0.0,0.0,0.0,0.0
12884439748,30243323,15,15,71.07142857142858,110.0,8.16496580927726,995.0,1010.0,0.0
8126691012,4897232219,15,0,0.0,0.0,0.0,0.0,0.0,0.0
7005287334,30237697,5,5,52.42857142857143,60.0,0.0,632.0,632.0,0.0
cluster_301572944_71643547_9803583623,4897232219,35,0,0.0,0.0,0.0,0.0,0.0,0.0
11861295890,cluster_301572399_301572961_71643538,30,0,0.0,0.0,0.0,0.0,0.0,0.0
30247167,6874436644,20,20,52.875,85.0,6.123724356957945,423.0,423.0,0.0
1812294093,555187275,5,5,86.51190476190476,115.0,0.0,821.0,822.0,0.0
442540240,12953119985,10,10,104.75,130.0,10.0,1084.0,1084.0,0.0
555187275,359104405,5,0,0.0,0.0,0.0,0.0,0.0,0.0
1311619368,3236553576,35,0,0.0,0.0,0.0,0.0,0.0,0.0
3213093362,30243368,10,0,0.0,0.0,0.0,0.0,0.0,0.0
442540240,12884439749,20,0,0.0,0.0,0.0,0.0,0.0,0.0
30237696,30243366,35,35,83.17857142857143,107.14285714285714,12.777531299998799,586.0,815.0,0.0
5761245141,30238025,10,0,0.0,0.0,0.0,0.0,0.0,0.0
8235449359,30237615,10,0,0.0,0.0,0.0,0.0,0.0,0.0
6634825854,30237697,30,0,0.0,0.0,0.0,0.0,0.0,0.0
442540240,6874436644,10,10,54.0,67.5,2.5,432.0,432.0,0.0
8655000700,30238026,15,0,0.0,0.0,0.0,0.0,0.0,0.0
8126691012,1311619488,5,0,0.0,0.0,0.0,0.0,0.0,0.0
30237613,12884439749,40,0,0.0,0.0,0.0,0.0,0.0,0.0
12884439748,11861295890,20,0,0.0,0.0,0.0,0.0,0.0,0.0
30247166,30238029,30,0,0.0,0.0,0.0,0.0,0.0,0.0
12884439746,cluster_301572459_301572957_71643542,15,15,79.51785714285715,136.66666666666666,6.236095644623235,913.0,923.0,7.0710678118654755
30238029,30237696,15,15,84.05357142857143,448.3333333333333,294.6278254943948,885.0,2699.0,1515.562161927602
30237696,30237617,40,40,49.142857142857146,95.625,61.919176149235064,688.0,879.375,491.62687515533565
30237613,5260292356,25,25,29.64285714285714,72.0,26.570660511172846,415.0,465.8,62.217039466692725
8173291489,3213093362,60,0,0.0,0.0,0.0,0.0,0.0,0.0
30237697,5761245141,20,20,82.42857142857142,113.75,27.24311839712921,885.0,959.0,128.17175976009693
30238027,30237772,30,30,71.44642857142857,210.83333333333334,149.31556813972512,770.0,1584.5,935.3742121026571
30238029,1311773884,5,5,104.33928571428571,310.0,0.0,1169.0,2175.0,0.0
1311619340,30237638,35,35,53.5,132.85714285714286,51.25964319431187,654.0,733.7142857142857,78.27007142984255
4823547657,359104405,25,0,0.0,0.0,0.0,0.0,0.0,0.0
6762205322,7005287334,20,0,0.0,0.0,0.0,0.0,0.0,0.0
7806252248,11370726443,30,30,60.07142857142857,106.66666666666667,29.1070819942883,841.0,890.3333333333334,110.31268688998962
7005287334,8197554957,5,5,58.13095238095238,105.0,0.0,799.0,799.0,0.0
8210106342,30247433,10,10,48.32142857142857,65.0,0.0,501.0,501.0,0.0
5375631705,9223593605,10,10,111.45833333333333,410.0,105.0,1181.0,2460.5,502.5
cluster_301572460_301572949_71643543,30237638,25,25,41.982142857142854,61.0,10.677078252031311,500.0,500.0,0.0
30238025,30237634,10,10,62.5,287.5,222.5,707.0,2399.5,1692.5
30247433,442540300,20,20,88.46428571428572,238.75,21.614520582238228,967.0,1027.0,0.0
3213093362,6762205335,5,0,0.0,0.0,0.0,0.0,0.0,0.0
1311619488,5375631705,15,0,0.0,0.0,0.0,0.0,0.0,0.0
11861295890,30237615,15,0,0.0,0.0,0.0,0.0,0.0,0.0
8235449359,30238025,15,0,0.0,0.0,0.0,0.0,0.0,0.0
30243367,6634825854,30,30,59.785714285714285,275.8333333333333,135.50573993582543,837.0,1587.0,771.5315936499295
30247167,30243322,25,25,79.76190476190476,121.0,19.339079605813716,357.0,540.2,91.60000000000001
4222882539,30238025,30,30,104.14285714285715,363.3333333333333,118.76681167546579,1064.0,1845.8333333333333,476.5848706042701
30238025,cluster_301572306_301572951_71643537,5,5,89.39285714285714,150.0,0.0,512.0,512.0,0.0
12884439748,12884439746,25,0,0.0,0.0,0.0,0.0,0.0,0.0
30247431,4823547657,15,15,68.92857142857143,130.0,53.38539126015655,806.0,809.0,0.0
30237634,30237635,15,15,25.57142857142857,30.0,0.0,358.0,358.0,0.0
30238029,10896077231,5,0,0.0,0.0,0.0,0.0,0.0,0.0
30237617,9803583625,25,25,52.785714285714285,78.0,13.638181696985855,523.0,523.0,0.0
30238029,6874436644,30,30,53.625,75.83333333333333,13.969212178533509,429.0,429.0,0.0
30238026,7806252248,15,15,87.51785714285715,385.0,224.83327155917115,1049.0,2309.6666666666665,967.8516874443568
30237641,8173291489,30,30,45.404761904761905,167.5,8.539125638299666,617.0,617.0,0.0
30238027,30243322,5,5,65.90476190476191,105.0,0.0,424.0,424.0,0.0
30237613,30237634,100,100,38.357142857142854,108.5,98.18477478713285,459.0,810.3,770.8569971142507
30243370,442540240,10,0,0.0,0.0,0.0,0.0,0.0,0.0
8214234926,442540240,25,0,0.0,0.0,0.0,0.0,0.0,0.0
1362899971,5260292356,10,10,4.0,5.0,0.0,56.0,56.0,0.0
12953119988,30243367,35,0,0.0,0.0,0.0,0.0,0.0,0.0
30237617,12944467681,5,0,0.0,0.0,0.0,0.0,0.0,0.0
4222882539,12884439756,30,0,0.0,0.0,0.0,0.0,0.0,0.0
5260292356,cluster_301572460_301572949_71643543,10,10,60.10714285714286,112.5,37.5,729.0,790.5,61.5
6434214256,30237640,25,25,100.625,242.0,114.43775600735974,673.0,1496.2,804.2714467143539
30237615,9803583625,30,30,69.71428571428572,116.66666666666667,23.21398046197353,758.0,759.6666666666666,0.7453559924999299
30237616,30237635,15,15,50.42857142857144,135.0,4.08248290463863,471.0,627.6666666666666,110.78006238589245
9223593605,30237641,5,0,0.0,0.0,0.0,0.0,0.0,0.0
30247432,8235926364,20,0,0.0,0.0,0.0,0.0,0.0,0.0
12944467681,cluster_301572460_301572949_71643543,5,0,0.0,0.0,0.0,0.0,0.0,0.0
30238029,30237617,55,55,101.05357142857143,294.09090909090907,129.55901045501483,1123.0,1827.7272727272727,706.2108995978069
8197554957,6434214256,20,0,0.0,0.0,0.0,0.0,0.0,0.0
30237867,6874436644,20,20,93.625,176.25,42.334235554690245,749.0,749.0,0.0
30237638,30237639,35,35,37.07142857142857,123.57142857142857,28.121456692899326,345.0,345.0,0.0
30243322,12884439757,10,0,0.0,0.0,0.0,0.0,0.0,0.0
6634825854,11370726443,25,0,0.0,0.0,0.0,0.0,0.0,0.0
4897232218,8193762124,15,15,118.85714285714286,226.66666666666666,41.89935029992178,1356.0,1815.6666666666667,95.22371319978839
30247166,30247167,30,30,39.666666666666664,75.0,23.45207879911715,119.0,119.0,0.0
cluster_30237612_6670690974,1311619340,5,5,42.07142857142856,100.0,0.0,589.0,589.0,0.0
30237697,30238025,40,40,66.23214285714286,142.5,39.131189606246316,352.0,476.375,254.09640763891173
12884439746,30247089,15,15,38.92857142857142,58.333333333333336,4.714045207910317,545.0,545.0,0.0
5761245141,30237637,25,0,0.0,0.0,0.0,0.0,0.0,0.0
30247431,3236553576,10,0,0.0,0.0,0.0,0.0,0.0,0.0
12944467681,30237641,20,0,0.0,0.0,0.0,0.0,0.0,0.0
30237640,359104405,5,0,0.0,0.0,0.0,0.0,0.0,0.0
cluster_301572944_71643547_9803583623,6762205335,25,0,0.0,0.0,0.0,0.0,0.0,0.0
30237640,30237638,10,10,17.0,20.0,0.0,238.0,238.0,0.0
1812294093,30237641,35,35,56.67857142857143,137.14285714285714,26.029810226126568,761.0,880.1428571428571,197.07607564551495
359104405,8264714837,30,30,55.57142857142857,119.16666666666667,10.96078869830492,778.0,778.0,0.0
30237617,6762205335,15,0,0.0,0.0,0.0,0.0,0.0,0.0
cluster_301572399_301572961_71643538,9223593605,5,5,83.79761904761904,320.0,0.0,1087.0,1864.0,0.0
6634825854,30247431,20,0,0.0,0.0,0.0,0.0,0.0,0.0
30243366,30237613,10,10,57.92857142857142,85.0,5.0,811.0,811.0,0.0
1362899971,30237867,75,0,0.0,0.0,0.0,0.0,0.0,0.0
11370726443,11861295890,20,0,0.0,0.0,0.0,0.0,0.0,0.0
359104405,5761245141,15,15,57.07142857142858,145.0,53.07227776030219,791.0,889.0,138.59292911256333
cluster_301572459_301572957_71643542,30237698,5,5,61.375,70.0,0.0,491.0,721.0,0.0
30238025,cluster_301572399_301572961_71643538,25,25,100.82142857142857,225.0,55.49774770204643,631.0,862.0,149.9719973861787
30237634,30247434,45,45,83.78571428571428,207.22222222222223,50.503636343837826,1168.0,1422.0,271.91583665211965
cluster_301572399_301572961_71643538,8126691012,35,35,99.05357142857142,334.2857142857143,154.3055542799178,1327.0,2203.5714285714284,820.2405321686102
12953119988,11861295890,10,0,0.0,0.0,0.0,0.0,0.0,0.0
4173395797,442540270,25,25,102.69642857142857,252.0,99.77975746613137,1140.0,1553.6,414.69053521873394
11370726443,6855299029,5,0,0.0,0.0,0.0,0.0,0.0,0.0
30247434,3236553576,10,0,0.0,0.0,0.0,0.0,0.0,0.0
30237696,30247089,35,35,16.285714285714285,29.285714285714285,8.630747123996123,228.0,228.0,0.0
359104407,5260292356,10,10,19.80357142857143,35.0,5.0,182.0,182.0,0.0
12884439756,9042478734,30,30,34.91071428571429,78.33333333333333,19.50783318453271,395.0,395.0,0.0
30247089,7806252248,5,0,0.0,0.0,0.0,0.0,0.0,0.0
442540270,30237640,25,25,90.78571428571429,244.0,36.796738985948195,893.0,1138.0,165.62366980597912
4897232219,555187275,15,0,0.0,0.0,0.0,0.0,0.0,0.0
6874436644,1311773884,5,0,0.0,0.0,0.0,0.0,0.0,0.0
cluster_30237612_6670690974,30238026,25,25,66.64285714285714,138.0,53.34791467339656,928.0,1049.6,144.8579994339284
9042478734,30247433,15,0,0.0,0.0,0.0,0.0,0.0,0.0
5260601900,8197554957,30,30,33.23809523809524,93.33333333333333,36.93086634360056,464.0,473.5,9.5
8173291489,8193762124,5,0,0.0,0.0,0.0,0.0,0.0,0.0
30243366,4823547657,35,35,41.89285714285714,127.85714285714286,114.16958385468094,435.0,689.8571428571429,407.7069776099457
6434214256,4897232218,5,0,0.0,0.0,0.0,0.0,0.0,0.0
442540270,1311619340,30,30,23.553571428571427,65.0,10.408329997330663,236.0,245.5,9.5
9803583625,30237616,15,0,0.0,0.0,0.0,0.0,0.0,0.0
5375631705,4897232218,15,0,0.0,0.0,0.0,0.0,0.0,0.0
30238027,6762205322,5,5,39.214285714285715,205.0,0.0,482.0,482.0,0.0
30237639,12884439757,35,0,0.0,0.0,0.0,0.0,0.0,0.0
8235926364,30237772,15,0,0.0,0.0,0.0,0.0,0.0,0.0
30238029,442540300,35,35,109.71428571428571,394.2857142857143,139.9343869571065,1149.0,1834.142857142857,397.7847330875722
30237617,6985826711,15,15,81.71428571428571,173.33333333333334,31.710495984067414,767.0,893.0,125.14258534434498
8097436674,30237637,20,0,0.0,0.0,0.0,0.0,0.0,0.0
10896077231,6985826711,5,5,93.32142857142857,290.0,0.0,722.0,801.0,0.0
1311619340,30237640,20,20,82.94642857142858,310.0,137.15866724345202,894.0,1973.0,787.7248885239059
5375631705,8126691012,5,5,126.71428571428572,305.0,0.0,1421.0,1650.0,0.0
1311770053,6762205324,25,25,55.226190476190474,152.0,21.354156504062622,409.0,409.0,0.0
30247166,30237641,25,25,83.71428571428572,129.0,40.17461885320133,474.0,716.4,166.82877449648785
12884439746,30237772,20,20,30.64285714285714,111.25,55.15602868227552,429.0,910.75,554.5711744221836
11861295890,9042478734,5,0,0.0,0.0,0.0,0.0,0.0,0.0
30247167,12944467681,30,0,0.0,0.0,0.0,0.0,0.0,0.0
5375631705,8214234926,5,5,69.25,225.0,0.0,761.0,764.0,0.0
1311619368,9042478734,25,0,0.0,0.0,0.0,0.0,0.0,0.0
2989836087,6874436644,20,20,53.95833333333333,150.0,26.22022120425379,430.0,430.0,0.0
8193762124,4222882539,5,0,0.0,0.0,0.0,0.0,0.0,0.0
12953119985,30237867,10,0,0.0,0.0,0.0,0.0,0.0,0.0
30237633,6855299029,35,0,0.0,0.0,0.0,0.0,0.0,0.0
30237696,cluster_301572459_301572957_71643542,10,10,91.625,155.0,5.0,733.0,959.0,226.0
12884439746,1311773884,15,15,3.642857142857143,61.666666666666664,2.357022603955158,51.0,51.0,0.0
442540240,9803583625,5,5,51.625,135.0,0.0,413.0,413.0,0.0
30237617,8224714481,25,0,0.0,0.0,0.0,0.0,0.0,0.0
30247433,3213093362,10,10,75.94642857142858,157.5,2.5,887.0,947.0,0.0
1311619340,9223593605,30,30,21.583333333333336,117.5,26.41811247357893,216.0,233.0,0.0
30247167,8193762124,15,15,52.07142857142857,126.66666666666667,14.337208778404378,413.0,489.3333333333333,107.95163526114625
30247434,8126691012,30,0,0.0,0.0,0.0,0.0,0.0,0.0
30237697,12884439748,5,5,48.964285714285715,70.0,0.0,600.0,600.0,0.0
5761245141,30237633,15,0,0.0,0.0,0.0,0.0,0.0,0.0
8173291489,30237697,25,0,0.0,0.0,0.0,0.0,0.0,0.0
3213093362,30237633,10,0,0.0,0.0,0.0,0.0,0.0,0.0
8235449359,8210106342,15,0,0.0,0.0,0.0,0.0,0.0,0.0
8214234926,4222882539,5,0,0.0,0.0,0.0,0.0,0.0,0.0
30238029,6434214256,20,0,0.0,0.0,0.0,0.0,0.0,0.0
30247432,12884439757,5,0,0.0,0.0,0.0,0.0,0.0,0.0
cluster_301572306_301572951_71643537,30237698,35,35,64.16071428571428,105.0,14.39245834257849,725.0,758.0,80.83316151184488
1311773884,8210106342,10,0,0.0,0.0,0.0,0.0,0.0,0.0
9042478734,30237639,30,0,0.0,0.0,0.0,0.0,0.0,0.0
30237639,442540300,5,5,42.160714285714285,80.0,0.0,495.0,495.0,0.0
30237613,8235449359,30,0,0.0,0.0,0.0,0.0,0.0,0.0
555187275,cluster_301572460_301572949_71643543,15,0,0.0,0.0,0.0,0.0,0.0,0.0
6634825854,5375631705,35,0,0.0,0.0,0.0,0.0,0.0,0.0
30237615,30247089,45,45,55.5,96.66666666666667,38.58612300930075,694.0,907.7777777777778,322.10618600351097
30238026,4823547657,15,15,54.625,198.33333333333334,152.77070690707984,437.0,1186.0,901.5146513876891
30238027,4897232218,5,0,0.0,0.0,0.0,0.0,0.0,0.0
8224714481,30237638,45,45,112.98214285714286,321.6666666666667,54.97474167490214,883.0,1227.2222222222222,740.6268782858924
11370726443,5260601900,30,0,0.0,0.0,0.0,0.0,0.0,0.0
6762205324,1362899971,30,0,0.0,0.0,0.0,0.0,0.0,0.0
30237638,8173291489,10,10,20.261904761904763,82.5,2.5,265.0,265.0,0.0
11861295890,6985826711,5,0,0.0,0.0,0.0,0.0,0.0,0.0
12944467681,10896077231,45,0,0.0,0.0,0.0,0.0,0.0,0.0
8235449359,cluster_301572460_301572949_71643543,30,0,0.0,0.0,0.0,0.0,0.0,0.0
8097436674,4222882539,20,0,0.0,0.0,0.0,0.0,0.0,0.0
30247167,30237634,25,25,99.73214285714286,215.0,83.84509526501833,827.0,1462.4,413.47870561856024
12884439756,9803583625,5,5,55.76785714285714,95.0,0.0,555.0,555.0,0.0
12953119988,cluster_301572944_71643547_9803583623,10,0,0.0,0.0,0.0,0.0,0.0,0.0
3236553576,6634825854,25,25,119.95238095238095,321.0,57.91372894228103,1103.0,1495.2,399.5889888372801
442540240,5260292356,15,15,98.14285714285714,235.0,70.71067811865476,1080.0,1542.0,323.87137364494976
7806252248,12953119988,40,40,66.89285714285715,98.125,7.473912964438374,845.0,848.0,0.0
9042478734,5260601900,5,0,0.0,0.0,0.0,0.0,0.0,0.0
30237697,30243322,40,40,108.76190476190476,183.125,36.566506190775186,589.0,769.125,168.01371781792105
30237772,8235926364,15,0,0.0,0.0,0.0,0.0,0.0,0.0
12944467681,4173395797,25,0,0.0,0.0,0.0,0.0,0.0,0.0
1311770053,5761245141,15,15,66.89285714285714,150.0,4.08248290463863,720.0,720.6666666666666,0.4714045207910317
359104405,5260292356,20,20,23.357142857142858,37.5,2.5,327.0,327.0,0.0
30247167,30237867,5,0,0.0,0.0,0.0,0.0,0.0,0.0
1812294093,7005287334,25,0,0.0,0.0,0.0,0.0,0.0,0.0
cluster_301572459_301572957_71643542,cluster_301572944_71643547_9803583623,10,10,29.25,42.5,7.5,234.0,234.0,0.0
9042478734,30237615,35,0,0.0,0.0,0.0,0.0,0.0,0.0
359104407,30247167,20,20,81.41071428571428,160.0,48.605555238058955,782.0,869.25,98.12587579227001
8655000700,30243322,5,0,0.0,0.0,0.0,0.0,0.0,0.0
30237616,12884439748,25,25,59.785714285714285,96.0,11.575836902790225,602.0,793.8,96.1819109812235
6855299029,30237698,10,10,58.714285714285715,60.0,0.0,738.0,738.0,0.0
12953119988,cluster_301572399_301572961_71643538,30,0,0.0,0.0,0.0,0.0,0.0,0.0
30247433,5260292356,10,10,76.51785714285714,122.5,32.5,895.0,1073.5,178.5
6434214256,12884439757,25,0,0.0,0.0,0.0,0.0,0.0,0.0
11370726443,30237638,5,0,0.0,0.0,0.0,0.0,0.0,0.0
6874436644,10896077231,40,0,0.0,0.0,0.0,0.0,0.0,0.0
5260292356,30243370,35,0,0.0,0.0,0.0,0.0,0.0,0.0
359104407,1311619340,15,15,15.946428571428571,36.666666666666664,6.236095644623236,128.0,128.0,0.0
30237633,30237637,30,0,0.0,0.0,0.0,0.0,0.0,0.0
12953119985,4222882539,5,0,0.0,0.0,0.0,0.0,0.0,0.0
8197554957,12884439757,15,0,0.0,0.0,0.0,0.0,0.0,0.0
555187275,555187275,15,0,0.0,0.0,0.0,0.0,0.0,0.0
442540300,10896077231,50,0,0.0,0.0,0.0,0.0,0.0,0.0
30237638,cluster_301572306_301572951_71643537,10,10,78.42857142857142,130.0,10.0,1082.0,1093.5,4.5
12944467681,6855299029,20,0,0.0,0.0,0.0,0.0,0.0,0.0
30237615,8214234926,5,5,71.28571428571429,85.0,0.0,996.0,998.0,0.0
30237633,30243367,15,0,0.0,0.0,0.0,0.0,0.0,0.0
8264714837,30237640,35,0,0.0,0.0,0.0,0.0,0.0,0.0
30247432,1311773884,25,25,45.14285714285714,95.0,17.320508075688775,632.0,643.4,9.308061022576076
30238027,3213093362,20,20,76.58928571428572,198.75,67.39575283354286,842.0,1208.0,381.1476092014746
30243323,12953119988,15,15,80.58928571428572,158.33333333333334,4.714045207910316,955.0,955.0,0.0
30237634,359104407,5,5,26.499999999999996,45.0,0.0,371.0,371.0,0.0
30237641,cluster_301572459_301572957_71643542,40,40,79.33928571428571,132.5,38.32427429188973,735.0,911.25,227.53777158968575
6855299029,4897232218,5,0,0.0,0.0,0.0,0.0,0.0,0.0
30237633,6634825854,30,0,0.0,0.0,0.0,0.0,0.0,0.0
30238027,30237613,20,20,79.66071428571428,135.0,9.354143466934854,885.0,1057.25,99.44942181832934
6985826711,30237697,25,0,0.0,0.0,0.0,0.0,0.0,0.0
8210106342,442540270,5,5,53.214285714285715,165.0,0.0,745.0,764.0,0.0
30237639,8126691012,30,30,55.19642857142858,120.0,35.939764421413045,713.0,714.3333333333334,0.9428090415820634
5761245141,30243367,5,0,0.0,0.0,0.0,0.0,0.0,0.0
cluster_301572459_301572957_71643542,11370726443,30,30,46.26785714285714,71.66666666666667,8.498365855987975,557.0,559.1666666666666,1.2133516482134197
30237633,11861295890,15,0,0.0,0.0,0.0,0.0,0.0,0.0
30247166,5260601900,25,25,48.71428571428572,94.0,18.81488772222678,682.0,682.0,0.0
4823547657,1311773884,5,0,0.0,0.0,0.0,0.0,0.0,0.0
30247166,30243370,25,0,0.0,0.0,0.0,0.0,0.0,0.0
5375631705,cluster_301572460_301572949_71643543,5,5,37.964285714285715,40.0,0.0,326.0,326.0,0.0
30237638,11370726443,30,30,79.78571428571428,112.5,28.68652413009751,1110.0,1295.0,251.7300141024109
8214234926,30247431,15,0,0.0,0.0,0.0,0.0,0.0,0.0
30247089,12884439746,20,0,0.0,0.0,0.0,0.0,0.0,0.0
4823547657,30237617,5,0,0.0,0.0,0.0,0.0,0.0,0.0
6874436644,30237639,15,0,0.0,0.0,0.0,0.0,0.0,0.0
10896077231,12953119988,10,10,86.5,105.0,10.0,725.0,840.0,115.0
8210106342,12884439757,25,0,0.0,0.0,0.0,0.0,0.0,0.0
30237640,30238029,10,0,0.0,0.0,0.0,0.0,0.0,0.0
5761245141,5375631705,25,0,0.0,0.0,0.0,0.0,0.0,0.0
8224714481,8235926364,5,5,74.0,80.0,0.0,222.0,222.0,0.0
12953119985,30243322,35,0,0.0,0.0,0.0,0.0,0.0,0.0
30237696,9223593605,15,15,55.583333333333336,135.0,8.16496580927726,692.0,705.0,0.0
30237635,30237640,35,35,75.94642857142858,141.42857142857142,35.22522287410844,885.0,1028.2857142857142,188.77780914209646
6634825854,30237614,15,0,0.0,0.0,0.0,0.0,0.0,0.0
30238025,30243323,20,20,78.03571428571428,110.0,16.95582495781317,353.0,883.25,348.33918456010656
12884439748,3213093362,30,30,11.928571428571427,74.16666666666667,23.877581303157335,167.0,217.16666666666666,53.25541182723958
3213093362,5375631705,45,0,0.0,0.0,0.0,0.0,0.0,0.0
30237635,30243367,10,10,54.92857142857143,87.5,2.5,767.0,911.0,142.0
8097436674,12884439757,20,0,0.0,0.0,0.0,0.0,0.0,0.0
1362899971,30243367,5,5,54.07142857142858,255.0,0.0,757.0,2295.0,0.0
12953119985,11370726443,30,0,0.0,0.0,0.0,0.0,0.0,0.0
4897232218,cluster_301572460_301572949_71643543,10,10,100.03571428571429,135.0,15.0,1072.0,1079.5,7.5
cluster_301572944_71643547_9803583623,8193762124,95,95,56.64285714285714,90.52631578947368,41.19576935490321,787.0,860.2631578947369,240.9017799644239
30238029,30237638,10,10,75.98214285714286,105.0,10.0,772.0,772.0,0.0
8197554957,8126691012,15,0,0.0,0.0,0.0,0.0,0.0,0.0
8210106342,3213093362,5,5,48.71428571428571,85.0,0.0,682.0,682.0,0.0
8126691012,9803583625,10,0,0.0,0.0,0.0,0.0,0.0,0.0
30247166,30247432,5,5,41.785714285714285,50.0,0.0,585.0,585.0,0.0
4173395797,30237696,25,25,85.05357142857143,129.0,15.297058540778355,893.0,1031.8,113.33913710629704
10896077231,8235926364,15,15,37.67857142857143,63.333333333333336,10.274023338281626,119.0,119.0,0.0
9803583625,1311770053,30,0,0.0,0.0,0.0,0.0,0.0,0.0
30243368,30237614,5,5,79.28571428571426,315.0,0.0,1110.0,3210.0,0.0
11861295890,30247431,35,0,0.0,0.0,0.0,0.0,0.0,0.0
30237617,8655000700,15,15,50.92857142857142,100.0,0.0,713.0,713.0,0.0
6985826711,11861295890,25,0,0.0,0.0,0.0,0.0,0.0,0.0
30237635,30237638,15,15,46.5,80.0,8.16496580927726,649.0,698.0,0.0
1311619368,30237635,5,0,0.0,0.0,0.0,0.0,0.0,0.0
6985826711,5260601900,20,0,0.0,0.0,0.0,0.0,0.0,0.0
9042478734,12884439748,10,0,0.0,0.0,0.0,0.0,0.0,0.0
5761245141,1812294093,30,0,0.0,0.0,0.0,0.0,0.0,0.0
4823547657,30247167,20,0,0.0,0.0,0.0,0.0,0.0,0.0
6762205322,30247089,5,0,0.0,0.0,0.0,0.0,0.0,0.0
1311619340,30238029,15,0,0.0,0.0,0.0,0.0,0.0,0.0
2989836095,1311773884,45,0,0.0,0.0,0.0,0.0,0.0,0.0
4897232218,4222882539,55,0,0.0,0.0,0.0,0.0,0.0,0.0
30237641,8214234926,25,25,83.53571428571429,133.0,51.43928459844674,994.0,1548.8,525.3381387259067
8097436674,359104405,15,0,0.0,0.0,0.0,0.0,0.0,0.0
30238025,1311770053,40,0,0.0,0.0,0.0,0.0,0.0,0.0
4823547657,9042478734,15,0,0.0,0.0,0.0,0.0,0.0,0.0
30237637,6874436644,25,25,75.80357142857143,98.0,12.489995996796797,829.0,830.6,0.8
30237617,cluster_301572460_301572949_71643543,5,5,35.535714285714285,40.0,0.0,385.0,385.0,0.0
3213093362,cluster_301572399_301572961_71643538,30,0,0.0,0.0,0.0,0.0,0.0,0.0
3213093362,1311770053,5,0,0.0,0.0,0.0,0.0,0.0,0.0
1311770053,8193762124,60,60,65.53571428571428,106.66666666666667,22.760833806246104,709.0,710.25,1.0897247358851685
359104407,30243366,20,20,86.08928571428572,157.5,8.2915619758885,1018.0,1185.25,67.02005296924197
4897232219,30243366,45,0,0.0,0.0,0.0,0.0,0.0,0.0
30237633,4173395797,5,0,0.0,0.0,0.0,0.0,0.0,0.0
12953119985,8264714837,40,0,0.0,0.0,0.0,0.0,0.0,0.0
2989836095,6855299029,20,0,0.0,0.0,0.0,0.0,0.0,0.0
30237641,30237640,25,25,8.142857142857142,12.0,4.0,114.0,114.0,0.0
12953119985,8197554957,20,0,0.0,0.0,0.0,0.0,0.0,0.0
5260292356,6985826711,20,20,106.28571428571429,166.25,24.843258642939738,1111.0,1276.0,122.11879462228572
cluster_301572460_301572949_71643543,30243367,35,35,39.67857142857143,62.857142857142854,15.779087167410372,377.0,481.42857142857144,118.27674224082283
cluster_30237612_6670690974,4823547657,15,15,59.21428571428571,60.0,0.0,673.0,673.0,0.0
30237614,4173395797,40,0,0.0,0.0,0.0,0.0,0.0,0.0
4173395797,442540240,20,20,0.625,6.25,2.165063509461097,5.0,5.0,0.0
30238029,3213093362,65,65,97.19642857142856,230.0,114.75726891674779,1069.0,1452.1538461538462,670.5175780583289
9223593605,30243370,5,0,0.0,0.0,0.0,0.0,0.0,0.0
30237641,30237635,15,15,42.07142857142857,50.0,0.0,589.0,589.0,0.0
12884439749,442540240,10,0,0.0,0.0,0.0,0.0,0.0,0.0
4222882539,30243367,10,10,98.125,157.5,12.5,1157.0,1165.5,8.5
8214234926,11861295890,25,0,0.0,0.0,0.0,0.0,0.0,0.0
30237613,4173395797,35,0,0.0,0.0,0.0,0.0,0.0,0.0
8126691012,8193762124,10,0,0.0,0.0,0.0,0.0,0.0,0.0
30237635,6634825854,35,35,1.0,25.0,4.6291004988627575,14.0,14.0,0.0
359104405,30237641,15,15,51.57142857142857,85.0,28.284271247461902,721.0,819.6666666666666,138.12152459177227
1362899971,cluster_301572459_301572957_71643542,20,20,70.73214285714286,117.5,13.46291201783626,790.0,790.0,0.0
8264714837,8264714837,5,0,0.0,0.0,0.0,0.0,0.0,0.0
30238027,6762205324,15,15,38.35714285714286,51.666666666666664,6.236095644623236,482.0,482.6666666666667,0.4714045207910317
8126691012,cluster_301572399_301572961_71643538,25,0,0.0,0.0,0.0,0.0,0.0,0.0
30238026,6762205322,10,10,30.214285714285715,37.5,2.5,411.0,411.0,0.0
30237867,cluster_30237612_6670690974,25,0,0.0,0.0,0.0,0.0,0.0,0.0
30238027,442540240,10,0,0.0,0.0,0.0,0.0,0.0,0.0
30237697,30243368,10,10,96.71428571428572,170.0,15.0,802.0,1397.0,125.0
7005287334,30247434,5,5,54.607142857142854,60.0,0.0,745.0,751.0,0.0
30237640,3236553576,25,0,0.0,0.0,0.0,0.0,0.0,0.0
10896077231,1362899971,10,10,94.44642857142857,122.5,2.5,1029.0,1029.0,0.0
2989836095,8193762124,5,0,0.0,0.0,0.0,0.0,0.0,0.0
442540270,30247167,25,25,65.39285714285714,117.0,35.58089374931439,653.0,765.6,100.62325774889223
30237616,30237616,25,25,0.0,95.0,8.366600265340756,0.0,655.0,94.0
8224714481,9803583625,25,25,88.25,223.0,45.45327270945405,521.0,521.0,0.0
6762205324,6762205322,5,0,0.0,0.0,0.0,0.0,0.0,0.0
8193762124,30247431,10,0,0.0,0.0,0.0,0.0,0.0,0.0
30247434,1311770053,5,0,0.0,0.0,0.0,0.0,0.0,0.0
6874436644,6874436644,35,0,0.0,0.0,0.0,0.0,0.0,0.0
555187275,8235926364,40,0,0.0,0.0,0.0,0.0,0.0,0.0
cluster_30237612_6670690974,8214234926,30,30,95.85714285714286,159.16666666666666,52.63210891546042,1337.0,1695.6666666666667,364.6288828689003
30237698,1311619368,5,0,0.0,0.0,0.0,0.0,0.0,0.0
30237641,8235449359,10,0,0.0,0.0,0.0,0.0,0.0,0.0
9223593605,8126691012,5,0,0.0,0.0,0.0,0.0,0.0,0.0
30237641,6434214256,25,0,0.0,0.0,0.0,0.0,0.0,0.0
6762205322,359104407,20,0,0.0,0.0,0.0,0.0,0.0,0.0
cluster_301572459_301572957_71643542,442540240,25,0,0.0,0.0,0.0,0.0,0.0,0.0
cluster_30237612_6670690974,12884439746,5,0,0.0,0.0,0.0,0.0,0.0,0.0
30247431,8655000700,25,25,52.14285714285714,97.0,11.661903789690601,730.0,730.0,0.0
5260292356,12953119988,15,15,53.96428571428571,130.0,8.16496580927726,667.0,1156.6666666666667,58.23133940490197
30243323,7806252248,35,35,119.66071428571428,240.0,82.2018421760903,1586.0,1963.142857142857,484.1978428498088
cluster_301572399_301572961_71643538,30237772,20,20,68.35714285714285,188.75,122.49362228295806,957.0,1694.25,745.3004008451894
1311773884,30237641,15,15,86.07142857142858,131.66666666666666,22.48456260538674,971.0,1225.6666666666667,216.86452504322193
2989836087,7806252248,5,5,117.45833333333334,185.0,0.0,1349.0,1578.0,0.0
30237637,3213093362,10,10,3.5,22.5,2.5,49.0,49.0,0.0
3236553576,6985826711,25,25,118.68452380952381,153.0,10.295630140987,794.0,874.0,0.0
8173291489,30237641,15,0,0.0,0.0,0.0,0.0,0.0,0.0
8173291489,1311619340,5,0,0.0,0.0,0.0,0.0,0.0,0.0
cluster_301572306_301572951_71643537,8210106342,15,0,0.0,0.0,0.0,0.0,0.0,0.0
442540240,1311619368,10,10,121.625,152.5,7.5,1358.0,1360.0,0.0
4897232219,4897232218,35,0,0.0,0.0,0.0,0.0,0.0,0.0
30247432,6434214256,20,0,0.0,0.0,0.0,0.0,0.0,0.0
8097436674,6985826711,25,0,0.0,0.0,0.0,0.0,0.0,0.0
30237698,5260601900,5,0,0.0,0.0,0.0,0.0,0.0,0.0
5260601900,359104407,35,35,22.571428571428573,35.714285714285715,7.2843135908468355,316.0,316.0,0.0
6762205322,3236553576,15,0,0.0,0.0,0.0,0.0,0.0,0.0
8264714837,6762205335,25,0,0.0,0.0,0.0,0.0,0.0,0.0
1311619368,30243367,15,0,0.0,0.0,0.0,0.0,0.0,0.0
12944467681,8097436674,5,0,0.0,0.0,0.0,0.0,0.0,0.0
12953119988,4173395797,20,0,0.0,0.0,0.0,0.0,0.0,0.0
6874436644,30238029,10,0,0.0,0.0,0.0,0.0,0.0,0.0
30237867,8235449359,55,0,0.0,0.0,0.0,0.0,0.0,0.0
12884439757,30237614,20,20,41.642857142857146,120.0,26.22022120425379,583.0,1225.5,250.2413834680427
cluster_301572399_301572961_71643538,cluster_301572399_301572961_71643538,20,20,0.0,63.75,24.843258642939738,0.0,389.5,153.50651451974278
cluster_301572460_301572949_71643543,12884439749,5,0,0.0,0.0,0.0,0.0,0.0,0.0
4823547657,30237637,10,0,0.0,0.0,0.0,0.0,0.0,0.0
8235926364,30247433,20,0,0.0,0.0,0.0,0.0,0.0,0.0
12884439756,8210106342,35,0,0.0,0.0,0.0,0.0,0.0,0.0
11370726443,1311619368,40,0,0.0,0.0,0.0,0.0,0.0,0.0
442540270,30238029,30,0,0.0,0.0,0.0,0.0,0.0,0.0
30247432,30247167,5,5,48.02380952380952,60.0,0.0,236.0,236.0,0.0
30237613,30237640,25,25,87.44642857142858,167.0,38.67815921162743,815.0,1111.4,370.4211657019615
30237641,30237613,15,15,49.42857142857142,53.333333333333336,4.714045207910317,692.0,692.0,0.0
30247089,6762205324,15,0,0.0,0.0,0.0,0.0,0.0,0.0
30237639,30237640,15,15,66.98214285714286,78.33333333333333,6.236095644623236,358.0,434.0,107.48023074035522
30247433,4823547657,10,10,62.98214285714286,72.5,2.5,554.0,784.0,0.0
5761245141,8197554957,10,0,0.0,0.0,0.0,0.0,0.0,0.0
555187275,30247432,25,0,0.0,0.0,0.0,0.0,0.0,0.0
10896077231,30237635,20,20,93.58928571428572,127.5,18.200274723201296,1017.0,1189.75,99.74310753129762
4897232218,5375631705,25,0,0.0,0.0,0.0,0.0,0.0,0.0
6634825854,30237634,5,0,0.0,0.0,0.0,0.0,0.0,0.0
30237698,12884439746,25,0,0.0,0.0,0.0,0.0,0.0,0.0
30238027,30237634,30,30,85.875,145.83333333333334,63.27299757576072,894.0,1316.3333333333333,672.2937519335494
6762205335,cluster_301572399_301572961_71643538,30,30,36.017857142857146,96.66666666666667,20.548046676563256,415.0,415.0,0.0
30247434,7005287334,20,0,0.0,0.0,0.0,0.0,0.0,0.0
10896077231,30237639,15,15,76.0,140.0,10.801234497346433,662.0,739.3333333333334,109.36584882351936
6634825854,8224714481,5,0,0.0,0.0,0.0,0.0,0.0,0.0
12953119988,8197554957,35,0,0.0,0.0,0.0,0.0,0.0,0.0
1311773884,30238029,15,0,0.0,0.0,0.0,0.0,0.0,0.0
11861295890,4897232219,15,0,0.0,0.0,0.0,0.0,0.0,0.0
12944467681,30237613,15,0,0.0,0.0,0.0,0.0,0.0,0.0
30243368,4222882539,40,0,0.0,0.0,0.0,0.0,0.0,0.0
1311619340,30237633,25,25,19.232142857142858,134.0,68.14690014960328,183.0,1214.6,590.025287593676
442540270,3213093362,45,45,19.125,55.55555555555556,12.789849370245932,174.0,174.0,0.0
6762205322,30237634,10,0,0.0,0.0,0.0,0.0,0.0,0.0
30247432,30243367,20,20,25.214285714285715,63.75,35.947009611371016,353.0,618.25,265.2615454603249
30237696,4222882539,5,0,0.0,0.0,0.0,0.0,0.0,0.0
4823547657,555187275,35,0,0.0,0.0,0.0,0.0,0.0,0.0
4897232218,30237637,15,15,51.76785714285714,78.33333333333333,6.236095644623236,415.0,415.0,0.0
30243367,4897232219,15,0,0.0,0.0,0.0,0.0,0.0,0.0
30238026,30237639,30,30,37.94642857142857,55.833333333333336,9.753916592266355,355.0,393.3333333333333,85.71593913749194
8235449359,12953119985,35,0,0.0,0.0,0.0,0.0,0.0,0.0
8214234926,30238027,30,0,0.0,0.0,0.0,0.0,0.0,0.0
12953119988,4897232219,25,0,0.0,0.0,0.0,0.0,0.0,0.0
8193762124,30237698,20,0,0.0,0.0,0.0,0.0,0.0,0.0
12953119985,359104407,50,0,0.0,0.0,0.0,0.0,0.0,0.0
442540300,30237637,5,5,15.767857142857142,30.0,0.0,127.0,127.0,0.0
30237697,442540240,10,0,0.0,0.0,0.0,0.0,0.0,0.0
12953119988,10896077231,5,0,0.0,0.0,0.0,0.0,0.0,0.0
cluster_301572459_301572957_71643542,30243367,25,25,25.05357142857143,48.0,26.38181191654584,260.0,308.2,94.39999999999999
30237615,cluster_301572459_301572957_71643542,20,20,67.08928571428572,82.5,9.013878188659973,737.0,739.0,0.0
2989836095,30238025,30,0,0.0,0.0,0.0,0.0,0.0,0.0
442540300,9223593605,10,10,21.654761904761905,70.0,5.0,217.0,217.0,0.0
cluster_301572460_301572949_71643543,11370726443,5,5,60.89285714285714,80.0,0.0,674.0,674.0,0.0
12944467681,8235449359,30,0,0.0,0.0,0.0,0.0,0.0,0.0
30238027,30237614,20,20,87.58928571428571,118.75,28.80429655450728,996.0,1275.5,363.6492128411665
12884439756,442540270,20,20,28.910714285714285,60.0,9.354143466934854,395.0,399.75,8.227241335952167
4823547657,30237613,5,0,0.0,0.0,0.0,0.0,0.0,0.0
8126691012,9042478734,35,0,0.0,0.0,0.0,0.0,0.0,0.0
442540270,30243367,15,15,69.76785714285714,91.66666666666667,2.357022603955158,881.0,1008.0,0.0
6634825854,8193762124,35,0,0.0,0.0,0.0,0.0,0.0,0.0
30243368,8264714837,15,15,76.21428571428571,85.0,4.08248290463863,1067.0,1067.0,0.0
6985826711,8097436674,25,0,0.0,0.0,0.0,0.0,0.0,0.0
30237772,442540300,5,5,49.80357142857143,85.0,0.0,602.0,602.0,0.0
30237641,1362899971,25,25,42.92857142857143,58.0,4.0,601.0,601.0,0.0
8224714481,cluster_301572306_301572951_71643537,5,5,90.83333333333333,95.0,0.0,502.0,502.0,0.0
30247434,6762205322,25,0,0.0,0.0,0.0,0.0,0.0,0.0
12953119988,6985826711,25,0,0.0,0.0,0.0,0.0,0.0,0.0
4222882539,30237640,25,25,119.14285714285715,188.0,27.676705006196094,1184.0,1351.4,92.42207528507461
30243366,442540300,5,5,67.375,95.0,0.0,848.0,848.0,0.0
30237616,30247089,10,10,57.857142857142854,77.5,7.5,575.0,810.0,0.0
555187275,cluster_301572399_301572961_71643538,35,0,0.0,0.0,0.0,0.0,0.0,0.0
2989836095,2989836095,25,0,0.0,0.0,0.0,0.0,0.0,0.0
30243368,cluster_301572306_301572951_71643537,5,5,25.071428571428573,30.0,0.0,351.0,351.0,0.0
30237698,30247166,25,0,0.0,0.0,0.0,0.0,0.0,0.0
4222882539,12884439757,15,0,0.0,0.0,0.0,0.0,0.0,0.0
1311770053,6874436644,30,30,53.875,82.5,21.16404183200049,431.0,431.0,0.0
30243368,30247433,5,5,67.89285714285714,70.0,0.0,775.0,775.0,0.0
12953119985,30237613,40,0,0.0,0.0,0.0,0.0,0.0,0.0
1311770053,30237639,45,45,75.57142857142857,117.22222222222223,17.655831757856337,656.0,707.5555555555555,96.4562204792195
6855299029,11861295890,15,0,0.0,0.0,0.0,0.0,0.0,0.0
30237633,6434214256,30,0,0.0,0.0,0.0,0.0,0.0,0.0
cluster_301572399_301572961_71643538,359104407,20,20,70.14285714285714,105.0,18.371173070873837,982.0,983.0,1.0
4897232219,30247432,10,0,0.0,0.0,0.0,0.0,0.0,0.0
4823547657,6762205322,30,0,0.0,0.0,0.0,0.0,0.0,0.0
12884439748,30243366,10,10,70.78571428571429,107.5,17.5,899.0,1062.0,71.0
30243368,30237639,15,15,38.642857142857146,41.666666666666664,2.357022603955158,541.0,541.0,0.0
12884439749,8210106342,5,0,0.0,0.0,0.0,0.0,0.0,0.0
6985826711,30247166,40,0,0.0,0.0,0.0,0.0,0.0,0.0
8210106342,cluster_301572460_301572949_71643543,45,45,67.07142857142857,93.88888888888889,17.916128329552333,651.0,755.4444444444445,195.39766353152805
30243370,359104407,30,30,74.64285714285714,174.16666666666666,44.48002048360839,1045.0,1371.6666666666667,278.7942291766855
30237615,11861295890,10,0,0.0,0.0,0.0,0.0,0.0,0.0
30237616,30238027,30,30,67.58928571428572,101.66666666666667,16.244657241348275,690.0,692.0,0.0
5260601900,7806252248,5,5,0.8571428571428571,5.0,0.0,12.0,12.0,0.0
6762205324,5761245141,25,0,0.0,0.0,0.0,0.0,0.0,0.0
8235926364,30243368,5,0,0.0,0.0,0.0,0.0,0.0,0.0
30247434,1311619368,30,0,0.0,0.0,0.0,0.0,0.0,0.0
1311619488,cluster_301572399_301572961_71643538,15,15,66.07142857142857,130.0,10.801234497346433,637.0,637.0,0.0
30247432,4897232219,25,0,0.0,0.0,0.0,0.0,0.0,0.0
12884439757,11370726443,5,5,56.92857142857143,105.0,0.0,797.0,797.0,0.0
30237697,30247434,5,5,76.78571428571428,110.0,0.0,814.0,1284.0,0.0
8173291489,4173395797,35,0,0.0,0.0,0.0,0.0,0.0,0.0
359104405,30237638,15,15,26.428571428571427,58.333333333333336,4.714045207910317,370.0,370.0,0.0
30237640,6434214256,5,0,0.0,0.0,0.0,0.0,0.0,0.0
cluster_301572306_301572951_71643537,1812294093,10,10,113.37499999999999,155.0,10.0,1327.0,1444.0,115.0
10896077231,4222882539,35,0,0.0,0.0,0.0,0.0,0.0,0.0
2989836087,cluster_301572459_301572957_71643542,15,15,19.708333333333332,35.0,10.801234497346433,156.0,156.0,0.0
442540240,30237616,5,5,93.0,135.0,0.0,1008.0,1008.0,0.0
30247431,30237633,40,40,59.35714285714286,102.5,17.853571071357123,831.0,831.0,0.0
30237696,1311619488,10,10,61.14285714285714,75.0,0.0,856.0,856.0,0.0
1311619340,4173395797,30,0,0.0,0.0,0.0,0.0,0.0,0.0
30247434,cluster_30237612_6670690974,20,0,0.0,0.0,0.0,0.0,0.0,0.0
6985826711,30247167,15,0,0.0,0.0,0.0,0.0,0.0,0.0
30247434,12953119988,5,0,0.0,0.0,0.0,0.0,0.0,0.0
8655000700,359104407,40,0,0.0,0.0,0.0,0.0,0.0,0.0
8197554957,6634825854,5,0,0.0,0.0,0.0,0.0,0.0,0.0
30237867,6434214256,25,0,0.0,0.0,0.0,0.0,0.0,0.0
30237635,6434214256,10,0,0.0,0.0,0.0,0.0,0.0,0.0
11370726443,12884439749,5,0,0.0,0.0,0.0,0.0,0.0,0.0
30237617,30237867,30,0,0.0,0.0,0.0,0.0,0.0,0.0
8210106342,30237698,5,5,24.5,25.0,0.0,259.0,259.0,0.0
4222882539,30237772,25,25,65.91071428571428,137.0,18.867962264113206,706.0,974.6,292.32830858471436
30237615,1311619340,10,10,17.5,40.0,10.0,245.0,254.5,9.5
12884439749,8173291489,30,30,20.172619047619047,81.66666666666667,27.33536577809454,158.0,158.0,0.0
30237633,8126691012,5,0,0.0,0.0,0.0,0.0,0.0,0.0
12884439757,4222882539,40,40,14.607142857142858,45.625,19.273929931386593,122.0,122.0,0.0
8097436674,30247433,10,0,0.0,0.0,0.0,0.0,0.0,0.0
30247431,9042478734,25,25,57.99999999999999,143.0,24.819347291981714,728.0,728.0,0.0
30237640,6985826711,10,10,102.75000000000001,177.5,7.5,658.0,959.0,301.0
cluster_301572460_301572949_71643543,30247433,60,60,33.69642857142857,78.75,42.628482262449836,384.0,481.3333333333333,201.59709543762997
30247434,30237637,5,0,0.0,0.0,0.0,0.0,0.0,0.0
30237635,30237867,15,0,0.0,0.0,0.0,0.0,0.0,0.0
30247089,11861295890,15,0,0.0,0.0,0.0,0.0,0.0,0.0
5260601900,30237617,35,35,4.5,22.142857142857142,6.998542122237652,63.0,63.0,0.0
9042478734,30243367,20,0,0.0,0.0,0.0,0.0,0.0,0.0
12884439748,8197554957,15,15,3.5238095238095237,28.333333333333332,6.236095644623236,48.0,48.0,0.0
6762205324,4897232218,5,0,0.0,0.0,0.0,0.0,0.0,0.0
6434214256,1362899971,40,40,50.214285714285715,122.5,31.523800532296228,682.0,695.125,10.16658128379447
8264714837,8197554957,5,0,0.0,0.0,0.0,0.0,0.0,0.0
30238025,30247431,30,30,69.14285714285714,159.16666666666666,41.57489894422141,876.0,957.6666666666666,178.14008220748326
30237772,5260292356,10,10,37.857142857142854,72.5,2.5,530.0,530.0,0.0
30237614,12953119985,30,30,28.464285714285715,45.0,7.0710678118654755,310.0,310.0,0.0
12884439748,30237633,5,5,19.875,60.0,0.0,192.0,408.0,0.0
30237634,5260292356,20,20,30.428571428571423,62.5,11.4564392373896,426.0,457.75,54.99261314031185
12884439746,12953119988,15,15,51.03571428571428,126.66666666666667,39.228674319799396,626.0,1005.3333333333334,381.3522722569718
30237696,30237697,30,30,14.75,20.0,7.0710678118654755,118.0,118.0,0.0
30243366,30237617,20,20,58.71428571428571,133.75,4.14578098794425,822.0,822.0,0.0
30237637,442540270,30,30,8.0,55.833333333333336,38.342390234424464,112.0,115.16666666666667,7.080881928749334
4823547657,8214234926,5,0,0.0,0.0,0.0,0.0,0.0,0.0
30247433,8173291489,10,10,74.99404761904762,160.0,5.0,855.0,855.0,0.0
1311619368,12953119988,30,0,0.0,0.0,0.0,0.0,0.0,0.0
1311619368,555187275,20,0,0.0,0.0,0.0,0.0,0.0,0.0
30237640,8193762124,15,15,75.39285714285714,126.66666666666667,4.714045207910316,651.0,826.0,247.48737341529164
1362899971,8173291489,35,35,2.4761904761904763,26.428571428571427,8.32993127835043,16.0,16.0,0.0
12884439756,442540240,40,0,0.0,0.0,0.0,0.0,0.0,0.0
30237772,30247431,35,35,53.214285714285715,108.57142857142857,17.261494247992246,743.0,745.0,0.0
30237641,7005287334,10,0,0.0,0.0,0.0,0.0,0.0,0.0
30238025,12884439746,20,0,0.0,0.0,0.0,0.0,0.0,0.0
30247433,10896077231,5,0,0.0,0.0,0.0,0.0,0.0,0.0
cluster_301572399_301572961_71643538,6762205324,10,10,20.976190476190474,30.0,5.0,135.0,135.0,0.0
30247166,442540240,10,0,0.0,0.0,0.0,0.0,0.0,0.0
4823547657,1362899971,30,0,0.0,0.0,0.0,0.0,0.0,0.0
30237637,30237616,15,15,38.07142857142857,116.66666666666667,31.710495984067414,533.0,1233.0,509.11688245431424
1311770053,30243322,5,5,93.22619047619048,95.0,0.0,653.0,654.0,0.0
2989836087,30237617,15,15,101.38690476190476,136.66666666666666,10.274023338281628,1124.0,1201.3333333333333,109.36584882351934
8193762124,7806252248,10,0,0.0,0.0,0.0,0.0,0.0,0.0
359104407,30237634,25,25,20.80357142857143,93.0,41.78516483155236,196.0,549.8,341.5543294997152
30243367,9803583625,10,10,81.23214285714286,140.0,35.0,769.0,1225.0,235.0
30237696,7005287334,30,0,0.0,0.0,0.0,0.0,0.0,0.0
8224714481,cluster_301572459_301572957_71643542,40,40,56.375,180.625,47.39709247411702,266.0,266.0,0.0
30237615,8264714837,40,40,60.285714285714285,95.0,28.284271247461902,761.0,824.125,155.6827202196827
8214234926,12884439757,10,0,0.0,0.0,0.0,0.0,0.0,0.0
cluster_301572399_301572961_71643538,30243370,25,0,0.0,0.0,0.0,0.0,0.0,0.0
4222882539,9803583625,10,10,117.41071428571429,167.5,2.5,1211.0,1282.0,71.0
555187275,30237617,20,0,0.0,0.0,0.0,0.0,0.0,0.0
30243370,30237616,5,5,73.42857142857142,110.0,0.0,1028.0,1030.0,0.0
30243323,30237637,25,25,96.23214285714286,166.0,17.72004514666935,1258.0,1258.8,0.9797958971132713
6434214256,cluster_301572460_301572949_71643543,10,10,81.64285714285714,90.0,5.0,699.0,699.0,0.0
cluster_301572399_301572961_71643538,6985826711,10,10,58.64285714285714,115.0,30.0,445.0,757.0,233.0
30237634,30243367,15,15,67.21428571428572,91.66666666666667,6.236095644623236,936.0,941.0,0.0
442540300,30237634,5,5,4.928571428571429,240.0,0.0,69.0,3101.0,0.0
cluster_301572306_301572951_71643537,30247434,30,30,41.875,79.16666666666667,12.047360245667466,497.0,651.6666666666666,109.36584882351936
11370726443,12953119985,15,0,0.0,0.0,0.0,0.0,0.0,0.0
30247431,30238029,20,0,0.0,0.0,0.0,0.0,0.0,0.0
6855299029,30237637,20,20,79.42857142857143,152.5,58.148516748065035,1112.0,1442.75,340.05688862306556
11370726443,7005287334,5,0,0.0,0.0,0.0,0.0,0.0,0.0
30237641,30247432,15,15,58.5,158.33333333333334,110.8552609887726,819.0,1080.0,369.10973977937783
30247431,12884439757,10,0,0.0,0.0,0.0,0.0,0.0,0.0
8214234926,1311619368,25,0,0.0,0.0,0.0,0.0,0.0,0.0
5375631705,30237640,15,15,70.71428571428572,113.33333333333333,15.456030825826172,588.0,845.3333333333334,363.92429005067646
30237772,359104407,30,30,33.92857142857143,56.666666666666664,7.453559924999299,475.0,475.0,0.0
11370726443,30237613,5,0,0.0,0.0,0.0,0.0,0.0,0.0
8224714481,30238027,20,20,65.375,106.25,17.09349291397168,338.0,338.0,0.0
6874436644,30237640,5,0,0.0,0.0,0.0,0.0,0.0,0.0
30243368,8235449359,15,0,0.0,0.0,0.0,0.0,0.0,0.0
30237633,30237772,25,0,0.0,0.0,0.0,0.0,0.0,0.0
4823547657,30237614,5,0,0.0,0.0,0.0,0.0,0.0,0.0
8173291489,442540300,40,0,0.0,0.0,0.0,0.0,0.0,0.0
12953119988,30237614,10,0,0.0,0.0,0.0,0.0,0.0,0.0
12884439757,7806252248,35,35,5.0,33.57142857142857,10.926470386270253,70.0,70.0,0.0
1311770053,30237698,10,10,81.0,107.5,7.5,648.0,648.0,0.0
30237633,5375631705,5,0,0.0,0.0,0.0,0.0,0.0,0.0
cluster_301572399_301572961_71643538,4823547657,40,40,60.535714285714285,96.875,20.60605190229317,696.0,696.75,0.9682458365518543
30247166,12884439756,15,0,0.0,0.0,0.0,0.0,0.0,0.0
359104405,8235449359,30,0,0.0,0.0,0.0,0.0,0.0,0.0
3236553576,10896077231,10,10,26.220238095238095,45.0,5.0,84.0,84.0,0.0
30237634,cluster_301572306_301572951_71643537,15,15,87.07142857142857,113.33333333333333,16.996731711975947,1205.0,1213.0,4.242640687119285
6855299029,6634825854,5,5,79.64285714285714,105.0,0.0,1115.0,1115.0,0.0
30237698,2989836095,30,0,0.0,0.0,0.0,0.0,0.0,0.0
4173395797,6855299029,10,0,0.0,0.0,0.0,0.0,0.0,0.0
8193762124,1812294093,40,0,0.0,0.0,0.0,0.0,0.0,0.0
4823547657,3213093362,15,0,0.0,0.0,0.0,0.0,0.0,0.0
7005287334,30237698,25,25,61.0,85.0,14.142135623730951,744.0,752.0,0.0
cluster_301572306_301572951_71643537,12953119985,5,5,95.5535714285714,125.0,0.0,1160.0,1162.0,0.0
12884439757,8126691012,25,25,10.625,59.0,10.677078252031311,91.0,91.0,0.0
1311773884,30247434,10,10,85.92857142857143,90.0,0.0,1198.0,1203.0,0.0
cluster_30237612_6670690974,30237697,30,30,39.39285714285714,48.333333333333336,8.975274678557506,463.0,463.0,0.0
30237634,30237634,10,5,0.0,45.0,0.0,0.0,292.5,177.5
1311619368,30237867,20,0,0.0,0.0,0.0,0.0,0.0,0.0
8210106342,10896077231,5,0,0.0,0.0,0.0,0.0,0.0,0.0
8173291489,6762205324,35,0,0.0,0.0,0.0,0.0,0.0,0.0
30238029,442540240,10,0,0.0,0.0,0.0,0.0,0.0,0.0
30237698,8210106342,35,0,0.0,0.0,0.0,0.0,0.0,0.0
1311773884,30237637,30,30,28.499999999999996,41.666666666666664,6.871842709362768,399.0,399.0,0.0
12884439757,12884439749,5,0,0.0,0.0,0.0,0.0,0.0,0.0
cluster_301572460_301572949_71643543,30237698,30,30,73.375,91.66666666666667,4.714045207910318,608.0,729.0,121.00413216084813
8655000700,30243370,5,0,0.0,0.0,0.0,0.0,0.0,0.0
3213093362,30243323,30,0,0.0,0.0,0.0,0.0,0.0,0.0
30237639,30237641,15,15,62.67857142857143,81.66666666666667,16.996731711975947,473.0,625.6666666666666,107.95163526114625
11370726443,30237772,15,0,0.0,0.0,0.0,0.0,0.0,0.0
30237613,8173291489,5,5,28.119047619047617,60.0,0.0,375.0,375.0,0.0
30238026,cluster_301572944_71643547_9803583623,15,15,86.96428571428572,166.66666666666666,20.13840995599095,856.0,1397.3333333333333,107.26395273136058
30247433,12944467681,5,0,0.0,0.0,0.0,0.0,0.0,0.0
359104405,12884439746,35,0,0.0,0.0,0.0,0.0,0.0,0.0
1812294093,359104405,20,0,0.0,0.0,0.0,0.0,0.0,0.0
8655000700,8210106342,5,0,0.0,0.0,0.0,0.0,0.0,0.0
30237616,30237637,15,15,51.214285714285715,90.0,4.08248290463863,482.0,638.6666666666666,110.78006238589245
4823547657,6434214256,35,0,0.0,0.0,0.0,0.0,0.0,0.0
3213093362,30243367,10,0,0.0,0.0,0.0,0.0,0.0,0.0
12944467681,442540240,30,0,0.0,0.0,0.0,0.0,0.0,0.0
30238029,30237641,40,40,61.142857142857146,85.625,16.092991486979667,649.0,651.5,0.8660254037844386
cluster_301572306_301572951_71643537,30237639,30,30,58.73214285714286,100.83333333333333,21.68268638542948,733.0,773.0,87.65842800324451
30243323,4897232219,15,0,0.0,0.0,0.0,0.0,0.0,0.0
2989836095,6434214256,35,0,0.0,0.0,0.0,0.0,0.0,0.0
2989836087,6855299029,10,0,0.0,0.0,0.0,0.0,0.0,0.0
30247166,30237698,20,20,39.82142857142857,56.25,5.448623679425842,469.0,469.0,0.0
8264714837,30237617,5,0,0.0,0.0,0.0,0.0,0.0,0.0
3213093362,30237696,10,0,0.0,0.0,0.0,0.0,0.0,0.0
30243322,12944467681,5,0,0.0,0.0,0.0,0.0,0.0,0.0
9803583625,30237696,35,0,0.0,0.0,0.0,0.0,0.0,0.0
359104405,6634825854,15,15,19.500000000000004,30.0,0.0,273.0,273.0,0.0
30247089,30247431,5,0,0.0,0.0,0.0,0.0,0.0,0.0
30237613,2989836095,5,0,0.0,0.0,0.0,0.0,0.0,0.0
9803583625,30237772,25,0,0.0,0.0,0.0,0.0,0.0,0.0
12884439749,6762205324,5,5,92.76785714285714,200.0,0.0,1182.0,1551.0,0.0
8097436674,30243368,25,0,0.0,0.0,0.0,0.0,0.0,0.0
30237635,4897232219,10,0,0.0,0.0,0.0,0.0,0.0,0.0
4823547657,cluster_301572460_301572949_71643543,35,0,0.0,0.0,0.0,0.0,0.0,0.0
8655000700,6985826711,20,0,0.0,0.0,0.0,0.0,0.0,0.0
1812294093,9223593605,20,20,63.047619047619044,157.5,31.12474899497183,765.0,765.0,0.0
6434214256,442540240,20,0,0.0,0.0,0.0,0.0,0.0,0.0
10896077231,30237698,15,15,81.42857142857143,96.66666666666667,9.428090415820634,654.0,654.0,0.0
30237613,3213093362,10,10,29.07142857142857,50.0,0.0,407.0,407.0,0.0
6434214256,2989836095,35,0,0.0,0.0,0.0,0.0,0.0,0.0
30237617,30237639,15,15,62.142857142857146,80.0,4.08248290463863,696.0,699.6666666666666,5.185449728701348
30247431,30238025,40,40,40.73214285714286,101.25,33.14268395890713,484.0,485.25,2.165063509461097
12953119988,6762205335,25,0,0.0,0.0,0.0,0.0,0.0,0.0
30237614,30237638,10,10,45.57142857142857,97.5,2.5,464.0,701.0,0.0
6634825854,cluster_301572460_301572949_71643543,30,0,0.0,0.0,0.0,0.0,0.0,0.0
4897232219,30237634,15,0,0.0,0.0,0.0,0.0,0.0,0.0
10896077231,30237637,5,5,94.375,110.0,0.0,1028.0,1028.0,0.0
30237867,cluster_301572399_301572961_71643538,40,40,103.25,185.625,92.75092654523728,826.0,1297.5,836.0355853670345
8235449359,4823547657,10,0,0.0,0.0,0.0,0.0,0.0,0.0
8193762124,4897232219,30,0,0.0,0.0,0.0,0.0,0.0,0.0
30237640,30237639,10,10,8.571428571428571,10.0,0.0,120.0,120.0,0.0
30237697,8197554957,5,5,51.202380952380956,75.0,0.0,630.0,630.0,0.0
8264714837,30237635,35,0,0.0,0.0,0.0,0.0,0.0,0.0
30247434,30237641,15,0,0.0,0.0,0.0,0.0,0.0,0.0
30247166,442540300,30,30,42.160714285714285,79.16666666666667,13.969212178533509,495.0,495.0,0.0
30247166,12953119985,15,15,36.82142857142857,51.666666666666664,9.428090415820632,427.0,427.0,0.0
6874436644,3236553576,30,0,0.0,0.0,0.0,0.0,0.0,0.0
30247089,8235449359,5,0,0.0,0.0,0.0,0.0,0.0,0.0
30247433,30237616,15,15,71.375,91.66666666666667,10.274023338281628,823.0,883.0,0.0
30237613,12884439757,35,0,0.0,0.0,0.0,0.0,0.0,0.0
2989836087,30247434,15,15,61.33333333333333,76.66666666666667,6.236095644623236,648.0,648.6666666666666,0.4714045207910317
30243322,30237696,20,20,94.875,161.25,33.04826016600571,1239.0,1433.0,336.0178566683622
30237614,30237640,5,5,79.51785714285714,105.0,0.0,704.0,932.0,0.0
6762205322,30238029,25,0,0.0,0.0,0.0,0.0,0.0,0.0
3213093362,12953119988,30,0,0.0,0.0,0.0,0.0,0.0,0.0
359104405,30243370,15,0,0.0,0.0,0.0,0.0,0.0,0.0
11861295890,cluster_301572459_301572957_71643542,20,0,0.0,0.0,0.0,0.0,0.0,0.0
30237641,30247167,10,10,31.46428571428571,45.0,0.0,352.0,352.0,0.0
cluster_301572399_301572961_71643538,12884439748,5,5,78.57142857142857,100.0,0.0,1100.0,1100.0,0.0
1311619368,6985826711,30,0,0.0,0.0,0.0,0.0,0.0,0.0
30237617,30237613,10,10,49.357142857142854,52.5,2.5,691.0,691.0,0.0
cluster_301572306_301572951_71643537,12884439748,30,30,93.44642857142857,145.83333333333334,22.806553639006683,1219.0,1219.6666666666667,0.9428090415820634
6985826711,30237640,5,0,0.0,0.0,0.0,0.0,0.0,0.0
30237616,3213093362,10,10,54.71428571428571,85.0,5.0,531.0,766.0,0.0
30237616,6762205324,40,40,62.92857142857143,146.25,40.29190365321549,870.0,1024.25,231.17404157906657
8197554957,30237614,30,0,0.0,0.0,0.0,0.0,0.0,0.0
cluster_301572460_301572949_71643543,30237637,5,5,59.69642857142857,110.0,0.0,748.0,748.0,0.0
1812294093,cluster_301572459_301572957_71643542,35,35,56.625,131.42857142857142,63.342283649701045,561.0,693.5714285714286,243.2775353041737
30237640,5375631705,10,0,0.0,0.0,0.0,0.0,0.0,0.0
8126691012,8264714837,25,0,0.0,0.0,0.0,0.0,0.0,0.0
1311619368,30247432,15,0,0.0,0.0,0.0,0.0,0.0,0.0
5761245141,30237698,45,0,0.0,0.0,0.0,0.0,0.0,0.0
8235926364,12884439749,25,0,0.0,0.0,0.0,0.0,0.0,0.0
8214234926,1311770053,10,0,0.0,0.0,0.0,0.0,0.0,0.0
30238027,8197554957,30,30,83.89880952380952,155.83333333333334,25.72558173405522,943.0,1067.1666666666667,111.87853036018821
8235926364,30247166,5,0,0.0,0.0,0.0,0.0,0.0,0.0
1311773884,8173291489,10,10,31.047619047619044,60.0,5.0,416.0,416.0,0.0
12884439757,6874436644,75,70,57.37499999999999,126.07142857142857,47.77845343086042,573.0,833.4031746031745,368.2132872439535
10896077231,30238027,30,30,29.053571428571427,46.666666666666664,10.274023338281626,235.0,235.0,0.0
12884439757,8655000700,20,20,28.285714285714292,55.0,3.5355339059327378,396.0,396.0,0.0
6762205335,30243370,30,0,0.0,0.0,0.0,0.0,0.0,0.0
12953119985,1311770053,5,0,0.0,0.0,0.0,0.0,0.0,0.0
8210106342,2989836095,25,0,0.0,0.0,0.0,0.0,0.0,0.0
30238029,12884439756,40,0,0.0,0.0,0.0,0.0,0.0,0.0
cluster_30237612_6670690974,8210106342,30,0,0.0,0.0,0.0,0.0,0.0,0.0
30237640,30237696,20,20,25.07142857142857,32.5,2.5,351.0,351.0,0.0
8224714481,30237698,25,25,117.75,155.0,19.493588689617926,757.0,757.0,0.0
30247433,6634825854,5,5,72.66071428571429,105.0,0.0,841.0,901.0,0.0
8193762124,7005287334,15,0,0.0,0.0,0.0,0.0,0.0,0.0
6855299029,1311619340,10,10,87.35714285714286,157.5,42.5,1223.0,1233.5,10.5
30238025,30247432,30,30,65.35714285714286,183.33333333333334,46.06758320361751,825.0,1094.8333333333333,252.08491735039516
30237641,8193762124,20,20,4.142857142857143,6.25,2.165063509461097,58.0,58.0,0.0
4173395797,359104407,20,20,94.83928571428571,182.5,22.5,1030.0,1088.5,101.32497224277932
9223593605,8097436674,5,0,0.0,0.0,0.0,0.0,0.0,0.0
6762205335,12884439756,35,0,0.0,0.0,0.0,0.0,0.0,0.0
12884439756,30247432,20,20,11.267857142857142,53.75,13.863170633011771,148.0,148.0,0.0
30237637,12884439749,20,0,0.0,0.0,0.0,0.0,0.0,0.0
8173291489,3236553576,25,0,0.0,0.0,0.0,0.0,0.0,0.0
30247167,30247166,30,30,66.80357142857143,107.5,28.975564417856184,648.0,707.6666666666666,84.38140922159468
6434214256,1311619368,10,10,77.69642857142857,130.0,5.0,1016.0,1028.5,10.5
12944467681,30238025,30,0,0.0,0.0,0.0,0.0,0.0,0.0
30238025,6855299029,15,0,0.0,0.0,0.0,0.0,0.0,0.0
12884439756,30237639,5,5,65.125,115.0,0.0,728.0,739.0,0.0
12884439756,30243368,20,20,72.98214285714286,168.75,58.56353387561239,721.0,782.25,100.8919595408871
442540240,1311619340,15,15,102.0,170.0,7.0710678118654755,1134.0,1216.6666666666667,116.90832115617586
30237617,6874436644,25,25,55.160714285714285,96.0,40.792156108742276,542.0,588.6,93.2
6762205322,4897232218,40,0,0.0,0.0,0.0,0.0,0.0,0.0
30237614,1311619340,30,30,25.571428571428573,60.0,25.166114784235834,358.0,361.1666666666667,7.080881928749333
30243322,6762205335,35,0,0.0,0.0,0.0,0.0,0.0,0.0
8235926364,6762205322,10,0,0.0,0.0,0.0,0.0,0.0,0.0
30247431,30247432,35,35,9.5,25.714285714285715,5.624291338579865,133.0,133.0,0.0
8235449359,359104405,15,0,0.0,0.0,0.0,0.0,0.0,0.0
555187275,442540270,20,0,0.0,0.0,0.0,0.0,0.0,0.0
30238025,6762205324,5,5,90.53571428571428,120.0,0.0,528.0,1002.0,0.0
6762205335,10896077231,60,0,0.0,0.0,0.0,0.0,0.0,0.0
12953119985,3236553576,15,0,0.0,0.0,0.0,0.0,0.0,0.0
1311773884,2989836095,15,0,0.0,0.0,0.0,0.0,0.0,0.0
2989836095,30238026,40,0,0.0,0.0,0.0,0.0,0.0,0.0
30237639,30237697,40,40,31.25,46.25,9.60143218483576,349.0,349.0,0.0
3236553576,8197554957,15,15,130.54761904761904,191.66666666666666,19.293061504650375,1250.0,1326.6666666666667,108.42303978193728
359104407,30247431,35,35,43.16071428571429,87.85714285714286,16.22545241657221,509.0,529.2857142857143,36.569754425966686
30243367,359104405,15,0,0.0,0.0,0.0,0.0,0.0,0.0
1362899971,5761245141,25,25,76.28571428571428,156.0,34.26368339802363,1060.0,1336.8,295.36512996628426
555187275,4823547657,5,0,0.0,0.0,0.0,0.0,0.0,0.0
12953119985,30237639,25,0,0.0,0.0,0.0,0.0,0.0,0.0
30247166,30247434,15,15,83.57142857142857,103.33333333333333,10.274023338281628,701.0,855.0,217.78888860545663
3213093362,cluster_30237612_6670690974,5,0,0.0,0.0,0.0,0.0,0.0,0.0
9223593605,1362899971,15,0,0.0,0.0,0.0,0.0,0.0,0.0
30238026,cluster_301572399_301572961_71643538,5,5,43.089285714285715,135.0,0.0,514.0,973.0,0.0
cluster_301572460_301572949_71643543,30237867,35,0,0.0,0.0,0.0,0.0,0.0,0.0
5375631705,6985826711,15,15,96.60714285714286,118.33333333333333,10.274023338281628,768.0,848.0,0.0
8224714481,2989836095,25,0,0.0,0.0,0.0,0.0,0.0,0.0
12884439756,12884439748,5,5,29.482142857142858,55.0,0.0,403.0,422.0,0.0
555187275,30237640,40,0,0.0,0.0,0.0,0.0,0.0,0.0
555187275,11861295890,15,0,0.0,0.0,0.0,0.0,0.0,0.0
8173291489,12884439757,30,0,0.0,0.0,0.0,0.0,0.0,0.0
30243368,6855299029,20,0,0.0,0.0,0.0,0.0,0.0,0.0
1311770053,359104407,20,20,94.08928571428571,135.0,9.354143466934854,1024.0,1024.0,0.0
30247431,6434214256,25,0,0.0,0.0,0.0,0.0,0.0,0.0
30247089,30243366,20,0,0.0,0.0,0.0,0.0,0.0,0.0
30237640,8173291489,10,10,37.26190476190476,62.5,2.5,503.0,503.0,0.0
30238026,3213093362,30,30,67.58928571428572,119.16666666666667,35.521902476578525,770.0,887.6666666666666,263.1106653524753
30237634,2989836087,20,0,0.0,0.0,0.0,0.0,0.0,0.0
442540300,30237696,15,15,21.78571428571428,133.33333333333334,14.337208778404378,305.0,1382.3333333333333,97.45198247798189
30243370,442540270,5,5,82.5,160.0,0.0,1155.0,1717.0,0.0
30247166,1311619488,15,15,45.5,63.333333333333336,4.714045207910317,637.0,637.0,0.0
1311773884,1311770053,25,0,0.0,0.0,0.0,0.0,0.0,0.0
5761245141,30237613,30,0,0.0,0.0,0.0,0.0,0.0,0.0
30247434,6434214256,15,0,0.0,0.0,0.0,0.0,0.0,0.0
8173291489,30238025,15,0,0.0,0.0,0.0,0.0,0.0,0.0
11861295890,cluster_301572944_71643547_9803583623,5,0,0.0,0.0,0.0,0.0,0.0,0.0
4222882539,8197554957,30,30,39.07738095238095,87.5,18.65252440466616,329.0,329.0,0.0
4222882539,30237696,5,5,57.91071428571428,210.0,0.0,594.0,1169.0,0.0
6985826711,30237696,10,0,0.0,0.0,0.0,0.0,0.0,0.0
8097436674,30237640,70,0,0.0,0.0,0.0,0.0,0.0,0.0
cluster_301572460_301572949_71643543,12884439756,5,0,0.0,0.0,0.0,0.0,0.0,0.0
8210106342,8097436674,35,35,56.2142857142857,82.14285714285714,17.899948694488096,787.0,787.0,0.0
30237633,8214234926,5,0,0.0,0.0,0.0,0.0,0.0,0.0
30237772,30237615,30,30,24.214285714285715,39.166666666666664,4.487637339278753,339.0,339.0,0.0
10896077231,30237867,15,0,0.0,0.0,0.0,0.0,0.0,0.0
6762205322,4823547657,20,0,0.0,0.0,0.0,0.0,0.0,0.0
6985826711,30237772,5,0,0.0,0.0,0.0,0.0,0.0,0.0
9803583625,4173395797,35,0,0.0,0.0,0.0,0.0,0.0,0.0
6855299029,11370726443,5,5,41.07142857142857,45.0,0.0,575.0,575.0,0.0
1311773884,30237772,35,35,26.999999999999996,50.714285714285715,18.405855323893036,378.0,512.2857142857143,212.32435718273405
8264714837,11861295890,15,0,0.0,0.0,0.0,0.0,0.0,0.0
4823547657,6985826711,25,0,0.0,0.0,0.0,0.0,0.0,0.0
5260292356,11861295890,5,0,0.0,0.0,0.0,0.0,0.0,0.0
6434214256,30237698,40,40,27.96428571428571,47.5,14.79019945774904,321.0,321.0,0.0
30247431,30237614,15,15,58.5,76.66666666666667,9.428090415820634,819.0,825.6666666666666,9.428090415820634
6762205335,12884439757,30,0,0.0,0.0,0.0,0.0,0.0,0.0
8655000700,30237613,15,0,0.0,0.0,0.0,0.0,0.0,0.0
cluster_301572306_301572951_71643537,1311619488,20,20,104.23214285714283,152.5,10.307764064044152,1370.0,1370.0,0.0
30238026,30243370,5,0,0.0,0.0,0.0,0.0,0.0,0.0
359104405,cluster_30237612_6670690974,35,0,0.0,0.0,0.0,0.0,0.0,0.0
30237638,30237698,10,10,31.39285714285714,47.5,2.5,351.0,351.0,0.0
12884439748,7005287334,30,0,0.0,0.0,0.0,0.0,0.0,0.0
4897232219,8235449359,20,0,0.0,0.0,0.0,0.0,0.0,0.0
12884439746,2989836087,25,0,0.0,0.0,0.0,0.0,0.0,0.0
1812294093,2989836095,5,0,0.0,0.0,0.0,0.0,0.0,0.0
30238026,30238026,10,10,0.0,167.5,87.5,0.0,1551.0,845.0
30243368,9223593605,15,15,78.58333333333333,133.33333333333334,33.2498955721,1014.0,1195.0,255.9726547895302
30243368,8224714481,35,0,0.0,0.0,0.0,0.0,0.0,0.0
30247089,30243368,25,0,0.0,0.0,0.0,0.0,0.0,0.0
30237615,12953119988,20,20,67.60714285714285,81.25,7.39509972887452,775.0,837.5,99.59292143521044
4897232219,4222882539,15,0,0.0,0.0,0.0,0.0,0.0,0.0
cluster_301572944_71643547_9803583623,8214234926,40,40,56.64285714285714,95.0,31.424512724941337,787.0,849.625,101.8490764562939
9042478734,4897232219,25,0,0.0,0.0,0.0,0.0,0.0,0.0
30237641,30237634,15,15,55.642857142857146,66.66666666666667,6.236095644623236,701.0,701.0,0.0
30243367,6762205322,15,15,21.857142857142858,30.0,4.08248290463863,294.0,294.0,0.0
12953119985,30243366,5,0,0.0,0.0,0.0,0.0,0.0,0.0
cluster_301572944_71643547_9803583623,442540240,15,0,0.0,0.0,0.0,0.0,0.0,0.0
8210106342,30237867,35,0,0.0,0.0,0.0,0.0,0.0,0.0
1362899971,8210106342,10,0,0.0,0.0,0.0,0.0,0.0,0.0
12884439757,2989836095,15,0,0.0,0.0,0.0,0.0,0.0,0.0
1311619368,359104405,5,0,0.0,0.0,0.0,0.0,0.0,0.0
442540240,30243368,30,30,39.589285714285715,97.5,40.90130397269342,345.0,348.0,0.0
30238025,5375631705,10,0,0.0,0.0,0.0,0.0,0.0,0.0
10896077231,442540270,50,50,102.375,264.5,63.77499509996061,1140.0,1195.8,93.04171107626945
30237617,442540300,15,15,58.80357142857142,91.66666666666667,6.236095644623236,728.0,728.0,0.0
12884439757,359104407,15,15,20.28571428571429,31.666666666666668,2.3570226039551585,284.0,284.0,0.0
30237633,6762205324,5,0,0.0,0.0,0.0,0.0,0.0,0.0
1311619368,30247089,15,0,0.0,0.0,0.0,0.0,0.0,0.0
30243368,30237615,10,10,55.21428571428571,60.0,0.0,773.0,773.0,0.0
6762205322,8097436674,35,0,0.0,0.0,0.0,0.0,0.0,0.0
30247434,10896077231,20,0,0.0,0.0,0.0,0.0,0.0,0.0
30243368,30237697,25,25,69.89285714285712,91.0,22.44994432064365,890.0,998.6,217.20000000000002
5260292356,1311619368,5,5,31.482142857142858,35.0,0.0,392.0,392.0,0.0
8264714837,30247432,45,0,0.0,0.0,0.0,0.0,0.0,0.0
cluster_301572399_301572961_71643538,8210106342,15,0,0.0,0.0,0.0,0.0,0.0,0.0
cluster_301572944_71643547_9803583623,30237772,10,10,43.42857142857143,45.0,0.0,608.0,608.0,0.0
8193762124,30237638,30,0,0.0,0.0,0.0,0.0,0.0,0.0
30237614,4897232218,5,0,0.0,0.0,0.0,0.0,0.0,0.0
30237615,30237613,20,20,55.42857142857143,75.0,10.606601717798213,693.0,754.25,100.3353751176523
12953119988,30247431,10,0,0.0,0.0,0.0,0.0,0.0,0.0
7005287334,9803583625,35,35,4.875,40.0,20.0,39.0,39.0,0.0
30243366,3213093362,20,20,54.857142857142854,95.0,5.0,768.0,768.0,0.0
5761245141,6434214256,20,0,0.0,0.0,0.0,0.0,0.0,0.0
cluster_301572460_301572949_71643543,cluster_301572944_71643547_9803583623,20,20,14.625,28.75,9.60143218483576,117.0,117.0,0.0
30237637,30237698,5,5,52.96428571428571,135.0,0.0,653.0,1225.0,0.0
8197554957,6762205335,5,0,0.0,0.0,0.0,0.0,0.0,0.0
12944467681,12944467681,55,0,0.0,0.0,0.0,0.0,0.0,0.0
30247432,6634825854,10,10,34.71428571428571,77.5,2.5,486.0,486.0,0.0
7005287334,1311619368,35,35,74.875,210.0,33.380918415851205,984.0,985.7142857142857,0.6998542122237651
7806252248,30237635,10,10,47.35714285714286,85.0,0.0,663.0,663.0,0.0
cluster_301572459_301572957_71643542,5761245141,15,15,47.267857142857146,60.0,4.08248290463863,563.0,565.3333333333334,0.9428090415820634
30243370,30243367,5,5,14.928571428571429,15.0,0.0,209.0,209.0,0.0
6855299029,5260601900,55,55,101.99999999999999,180.0,32.96003089142418,1428.0,1549.090909090909,210.7270766333702
555187275,1311773884,10,0,0.0,0.0,0.0,0.0,0.0,0.0
4897232218,9223593605,35,35,33.779761904761905,83.57142857142857,22.314999074019013,266.0,266.0,0.0
12884439756,30247167,10,10,59.29166666666666,85.0,10.0,384.0,384.0,0.0
4897232219,12884439748,30,0,0.0,0.0,0.0,0.0,0.0,0.0
5260601900,5260292356,5,5,26.5,65.0,0.0,371.0,498.0,0.0
6434214256,7806252248,5,5,73.57142857142857,155.0,0.0,1009.0,1030.0,0.0
1812294093,5375631705,35,0,0.0,0.0,0.0,0.0,0.0,0.0
30237614,6855299029,10,0,0.0,0.0,0.0,0.0,0.0,0.0
30238027,9042478734,5,5,87.08928571428572,175.0,0.0,905.0,905.0,0.0
30238026,30243366,40,40,16.57142857142857,28.75,7.806247497997997,231.0,232.0,0.0
cluster_301572459_301572957_71643542,7005287334,35,0,0.0,0.0,0.0,0.0,0.0,0.0
6634825854,cluster_301572399_301572961_71643538,25,0,0.0,0.0,0.0,0.0,0.0,0.0
8214234926,1311619340,5,0,0.0,0.0,0.0,0.0,0.0,0.0
30237867,30247166,15,15,66.5,126.66666666666667,6.236095644623236,675.0,774.3333333333334,110.78006238589245
30247166,8173291489,5,5,28.69047619047619,70.0,0.0,383.0,383.0,0.0
1311773884,30247089,25,25,35.285714285714285,100.0,79.18333157931662,494.0,900.6,606.1767399034708
4897232219,10896077231,20,0,0.0,0.0,0.0,0.0,0.0,0.0
30237633,12884439748,20,0,0.0,0.0,0.0,0.0,0.0,0.0
4222882539,30238029,5,0,0.0,0.0,0.0,0.0,0.0,0.0
8193762124,8126691012,20,0,0.0,0.0,0.0,0.0,0.0,0.0
30237616,8197554957,15,15,62.023809523809526,158.33333333333334,15.456030825826174,632.0,788.6666666666666,110.78006238589245
30237698,6762205322,25,0,0.0,0.0,0.0,0.0,0.0,0.0
30237615,30238029,10,0,0.0,0.0,0.0,0.0,0.0,0.0
12953119988,442540300,20,0,0.0,0.0,0.0,0.0,0.0,0.0
12884439748,9803583625,5,5,81.85714285714286,180.0,0.0,930.0,1495.0,0.0
5260292356,8210106342,15,0,0.0,0.0,0.0,0.0,0.0,0.0
30238029,359104405,15,0,0.0,0.0,0.0,0.0,0.0,0.0
4222882539,1311619488,30,30,63.339285714285715,119.16666666666667,17.420454133639062,670.0,672.8333333333334,6.335525936249405
8655000700,cluster_30237612_6670690974,35,0,0.0,0.0,0.0,0.0,0.0,0.0
30237772,4222882539,25,0,0.0,0.0,0.0,0.0,0.0,0.0
6762205324,8264714837,40,0,0.0,0.0,0.0,0.0,0.0,0.0
3213093362,12944467681,30,0,0.0,0.0,0.0,0.0,0.0,0.0
30238026,8173291489,10,10,66.63690476190476,122.5,2.5,738.0,738.0,0.0
2989836095,1362899971,25,0,0.0,0.0,0.0,0.0,0.0,0.0
12884439746,8173291489,5,5,11.261904761904761,35.0,0.0,139.0,139.0,0.0
6985826711,30237635,15,0,0.0,0.0,0.0,0.0,0.0,0.0
9042478734,4173395797,25,0,0.0,0.0,0.0,0.0,0.0,0.0
30237613,30237613,15,5,0.0,90.0,0.0,0.0,389.3333333333333,376.65221211203436
30237614,30237772,15,15,16.142857142857142,38.333333333333336,25.927248643506744,226.0,382.6666666666667,221.56012477178487
30237617,30238025,5,5,39.51785714285714,40.0,0.0,467.0,467.0,0.0
9223593605,7806252248,40,0,0.0,0.0,0.0,0.0,0.0,0.0
30237635,12944467681,5,0,0.0,0.0,0.0,0.0,0.0,0.0
30237772,12884439749,35,0,0.0,0.0,0.0,0.0,0.0,0.0
30237772,12884439748,15,15,42.357142857142854,81.66666666666667,15.456030825826174,593.0,593.0,0.0
12953119985,1311619368,15,0,0.0,0.0,0.0,0.0,0.0,0.0
30243323,8214234926,5,5,12.357142857142858,15.0,0.0,173.0,173.0,0.0
9223593605,30237633,10,0,0.0,0.0,0.0,0.0,0.0,0.0
30247432,30237614,10,10,49.0,52.5,2.5,686.0,686.0,0.0
442540300,5260292356,10,10,3.928571428571429,10.0,0.0,55.0,55.0,0.0
6985826711,30247089,20,0,0.0,0.0,0.0,0.0,0.0,0.0
359104405,30237616,5,5,43.07142857142857,55.0,0.0,603.0,603.0,0.0
11370726443,30238027,35,0,0.0,0.0,0.0,0.0,0.0,0.0
cluster_301572460_301572949_71643543,30238025,5,5,47.0,50.0,0.0,376.0,376.0,0.0
30247166,8214234926,30,30,87.85714285714286,136.66666666666666,35.901098714230024,761.0,761.0,0.0
5260292356,30237614,10,10,17.42857142857143,195.0,95.0,244.0,1694.0,993.0
12953119985,12884439748,30,0,0.0,0.0,0.0,0.0,0.0,0.0
8224714481,6762205322,5,5,92.83333333333333,100.0,0.0,518.0,518.0,0.0
10896077231,12884439746,10,0,0.0,0.0,0.0,0.0,0.0,0.0
9803583625,8235449359,5,0,0.0,0.0,0.0,0.0,0.0,0.0
12884439757,6434214256,25,0,0.0,0.0,0.0,0.0,0.0,0.0
7806252248,5375631705,10,0,0.0,0.0,0.0,0.0,0.0,0.0
8655000700,3213093362,20,0,0.0,0.0,0.0,0.0,0.0,0.0
5260292356,30247167,5,5,69.32142857142857,180.0,0.0,696.0,821.0,0.0
30247434,cluster_301572306_301572951_71643537,15,0,0.0,0.0,0.0,0.0,0.0,0.0
30237615,8126691012,30,30,38.625,84.16666666666667,10.573814617041267,481.0,483.0,0.0
30237634,4173395797,20,0,0.0,0.0,0.0,0.0,0.0,0.0
30237641,8126691012,20,20,71.91071428571429,112.5,5.5901699437494745,947.0,949.0,0.0
30243323,3213093362,5,5,99.73214285714286,125.0,0.0,1307.0,1307.0,0.0
30237637,30237697,35,35,44.39285714285714,177.85714285714286,39.628375733371996,533.0,870.8571428571429,183.67240135743899
30237696,442540240,15,0,0.0,0.0,0.0,0.0,0.0,0.0
7005287334,30238025,30,30,44.05357142857143,128.33333333333334,52.80993172584954,512.0,630.8333333333334,179.27671039175414
5260292356,3213093362,15,15,7.428571428571428,21.666666666666668,2.3570226039551585,104.0,104.0,0.0
1311619488,12884439757,20,0,0.0,0.0,0.0,0.0,0.0,0.0
30237867,7806252248,5,5,65.92857142857143,95.0,0.0,902.0,923.0,0.0
30247166,cluster_301572460_301572949_71643543,15,15,69.03571428571428,98.33333333333333,10.274023338281628,385.0,385.0,0.0
30247166,30238026,10,10,58.64285714285714,122.5,7.5,352.0,352.0,0.0
1311770053,30237696,25,25,84.30357142857143,126.0,21.307275752662516,887.0,887.0,0.0
30237637,8655000700,20,20,8.142857142857142,47.5,7.5,114.0,114.0,0.0
4897232219,3236553576,30,0,0.0,0.0,0.0,0.0,0.0,0.0
30238029,cluster_301572306_301572951_71643537,5,5,53.83333333333333,55.0,0.0,391.0,391.0,0.0
5761245141,30237696,10,0,0.0,0.0,0.0,0.0,0.0,0.0
9223593605,4222882539,15,0,0.0,0.0,0.0,0.0,0.0,0.0
30238025,4222882539,15,0,0.0,0.0,0.0,0.0,0.0,0.0
30237641,2989836095,15,0,0.0,0.0,0.0,0.0,0.0,0.0
5260601900,30237772,10,10,45.642857142857146,117.5,2.5,639.0,639.0,0.0
30237637,11861295890,35,0,0.0,0.0,0.0,0.0,0.0,0.0
12884439749,6985826711,10,10,119.98214285714288,195.0,15.0,1089.0,1338.5,61.5
8235449359,1311619488,20,0,0.0,0.0,0.0,0.0,0.0,0.0
12944467681,cluster_301572459_301572957_71643542,5,0,0.0,0.0,0.0,0.0,0.0,0.0
2989836087,555187275,15,15,91.30952380952381,108.33333333333333,10.274023338281628,710.0,790.6666666666666,0.9428090415820634
8210106342,30237616,5,5,44.14285714285713,45.0,0.0,618.0,618.0,0.0
8655000700,30243368,25,0,0.0,0.0,0.0,0.0,0.0,0.0
30247089,30237639,20,0,0.0,0.0,0.0,0.0,0.0,0.0
30237696,8235926364,20,0,0.0,0.0,0.0,0.0,0.0,0.0
30237633,5260292356,40,0,0.0,0.0,0.0,0.0,0.0,0.0
442540240,30247434,35,35,61.375,94.28571428571429,22.58769757263128,650.0,685.5714285714286,81.42105228441868
30237634,8214234926,20,20,88.07142857142857,131.25,7.39509972887452,1228.0,1233.0,0.0
cluster_301572460_301572949_71643543,cluster_301572460_301572949_71643543,25,15,0.0,35.0,4.08248290463863,0.0,203.4,37.88720100508878
8197554957,6985826711,40,0,0.0,0.0,0.0,0.0,0.0,0.0
cluster_301572460_301572949_71643543,30247432,10,10,25.19642857142857,45.0,5.0,265.0,265.0,0.0
12953119988,8235926364,25,0,0.0,0.0,0.0,0.0,0.0,0.0
12944467681,30237697,10,0,0.0,0.0,0.0,0.0,0.0,0.0
12884439746,5260601900,25,25,31.285714285714285,69.0,8.602325267042627,438.0,463.0,42.019043301817334
30238029,30237635,15,15,92.91071428571429,123.33333333333333,12.472191289246473,1009.0,1087.0,110.30865786510141
30243367,cluster_301572399_301572961_71643538,25,25,34.73214285714286,63.0,29.765752132274432,397.0,584.2,374.4
30247089,12884439757,20,0,0.0,0.0,0.0,0.0,0.0,0.0
1362899971,2989836087,30,0,0.0,0.0,0.0,0.0,0.0,0.0
4897232218,cluster_301572306_301572951_71643537,5,5,117.85714285714286,165.0,0.0,1425.0,1559.0,0.0
12884439746,30237634,35,35,5.785714285714286,131.42857142857142,68.01860489781379,81.0,1053.857142857143,718.6671052464175
6874436644,6434214256,5,0,0.0,0.0,0.0,0.0,0.0,0.0
7005287334,442540300,30,30,63.33928571428571,116.66666666666667,24.267032964268395,778.0,778.0,0.0
30237634,6634825854,5,5,26.57142857142857,50.0,0.0,372.0,372.0,0.0
8173291489,12944467681,10,0,0.0,0.0,0.0,0.0,0.0,0.0
8097436674,8210106342,5,0,0.0,0.0,0.0,0.0,0.0,0.0
8235926364,12944467681,35,0,0.0,0.0,0.0,0.0,0.0,0.0
5761245141,6874436644,15,0,0.0,0.0,0.0,0.0,0.0,0.0
9223593605,30247167,15,0,0.0,0.0,0.0,0.0,0.0,0.0
6762205324,cluster_30237612_6670690974,5,0,0.0,0.0,0.0,0.0,0.0,0.0
30237614,30243368,35,35,95.0,135.0,30.0,1034.0,1077.0,86.55138853388117
30247167,12953119988,35,35,71.30357142857143,99.28571428571429,17.408653724219917,423.0,553.2857142857143,112.83073832162971
cluster_30237612_6670690974,8173291489,10,10,36.69047619047619,82.5,2.5,495.0,495.0,0.0
2989836087,11370726443,15,15,65.97619047619047,86.66666666666667,10.274023338281628,713.0,715.3333333333334,0.9428090415820634
30237641,30247089,5,5,49.49999999999999,50.0,0.0,693.0,693.0,0.0
1311770053,11861295890,25,0,0.0,0.0,0.0,0.0,0.0,0.0
30237613,30243368,15,15,102.92857142857144,155.0,17.795130420052185,1145.0,1151.3333333333333,2.3570226039551585
9803583625,1311619488,25,0,0.0,0.0,0.0,0.0,0.0,0.0
4222882539,8193762124,15,15,118.98214285714286,186.66666666666666,6.236095644623235,1357.0,1465.3333333333333,0.9428090415820634
8235449359,8214234926,25,0,0.0,0.0,0.0,0.0,0.0,0.0
cluster_30237612_6670690974,30237617,5,5,41.5,70.0,0.0,581.0,581.0,0.0
555187275,30238029,10,0,0.0,0.0,0.0,0.0,0.0,0.0
1362899971,3213093362,5,5,3.4285714285714284,15.0,0.0,48.0,48.0,0.0
12884439756,359104405,35,35,1.625,20.0,10.0,13.0,13.0,0.0
11861295890,12953119988,20,0,0.0,0.0,0.0,0.0,0.0,0.0
30237867,30237696,15,15,33.0,60.0,25.495097567963924,439.0,611.0,227.17540946736878
30243366,30237867,5,0,0.0,0.0,0.0,0.0,0.0,0.0
30237637,30237640,35,35,75.16071428571429,131.42857142857142,30.556070908867767,874.0,893.2857142857143,38.765648584849984
30237635,8126691012,5,5,29.839285714285715,55.0,0.0,358.0,360.0,0.0
30237614,30237637,55,55,17.642857142857142,34.09090909090909,7.329325225725954,247.0,247.0,0.0
442540300,6855299029,25,0,0.0,0.0,0.0,0.0,0.0,0.0
cluster_301572944_71643547_9803583623,12884439748,5,5,53.64285714285714,100.0,0.0,751.0,751.0,0.0
4897232219,30238026,35,0,0.0,0.0,0.0,0.0,0.0,0.0
6634825854,7005287334,10,0,0.0,0.0,0.0,0.0,0.0,0.0
8214234926,30243323,35,0,0.0,0.0,0.0,0.0,0.0,0.0
30237616,12953119988,25,25,69.96428571428572,105.0,7.0710678118654755,656.0,749.4,114.39510479037116
8197554957,30237639,5,0,0.0,0.0,0.0,0.0,0.0,0.0
30247089,8126691012,35,0,0.0,0.0,0.0,0.0,0.0,0.0
12884439757,30247166,5,5,18.857142857142858,50.0,0.0,264.0,264.0,0.0
30237638,8126691012,30,30,46.767857142857146,125.0,21.40872096444188,595.0,595.6666666666666,0.9428090415820634
4173395797,30243366,20,20,53.64285714285714,80.0,6.123724356957945,538.0,540.5,0.8660254037844386
30238025,30237615,35,35,40.14285714285714,53.57142857142857,8.32993127835043,472.0,472.0,0.0
30247089,2989836087,5,0,0.0,0.0,0.0,0.0,0.0,0.0
12884439749,30237640,20,20,92.78571428571429,163.75,29.8695078633713,909.0,1048.5,54.01157283397698
3236553576,30237697,30,30,124.8452380952381,185.83333333333334,27.144162458170552,1083.0,1161.0,110.30865786510141
8097436674,8224714481,10,0,0.0,0.0,0.0,0.0,0.0,0.0
12884439748,1311619488,15,15,27.785714285714285,65.0,12.24744871391589,389.0,508.3333333333333,88.54502934790989
30237613,442540300,5,5,41.58928571428571,110.0,0.0,487.0,487.0,0.0
6874436644,12884439756,30,0,0.0,0.0,0.0,0.0,0.0,0.0
1812294093,12884439756,5,0,0.0,0.0,0.0,0.0,0.0,0.0
6874436644,30243366,25,0,0.0,0.0,0.0,0.0,0.0,0.0
3236553576,7806252248,20,20,143.16666666666669,291.25,24.076700355322778,1428.0,1486.5,101.32497224277932
442540300,6434214256,5,0,0.0,0.0,0.0,0.0,0.0,0.0
30237634,8173291489,10,10,28.9047619047619,87.5,2.5,386.0,386.0,0.0
1311619368,cluster_301572944_71643547_9803583623,30,0,0.0,0.0,0.0,0.0,0.0,0.0
4823547657,30238026,20,0,0.0,0.0,0.0,0.0,0.0,0.0
30237633,30247166,5,0,0.0,0.0,0.0,0.0,0.0,0.0
30237641,1311619340,10,10,50.785714285714285,92.5,2.5,711.0,730.0,0.0
3236553576,1311619340,5,5,127.66666666666666,255.0,0.0,1211.0,1211.0,0.0
12953119985,4173395797,30,0,0.0,0.0,0.0,0.0,0.0,0.0
7005287334,cluster_301572459_301572957_71643542,10,10,31.625,42.5,7.5,253.0,253.0,0.0
30237638,30237615,20,20,8.142857142857142,10.0,0.0,114.0,114.0,0.0
30237613,30237637,30,30,25.57142857142857,44.166666666666664,7.861650943380503,358.0,358.0,0.0
4823547657,8264714837,10,0,0.0,0.0,0.0,0.0,0.0,0.0
3236553576,12884439748,35,35,128.3095238095238,440.0,36.93623849670827,1220.0,1230.857142857143,9.402561526802478
30237613,30247433,20,20,49.714285714285715,73.75,12.43734296383275,691.0,692.25,2.165063509461097
30237696,6434214256,30,0,0.0,0.0,0.0,0.0,0.0,0.0
30237634,30238029,5,0,0.0,0.0,0.0,0.0,0.0,0.0
30237637,1311773884,35,35,10.642857142857142,41.42857142857143,9.89743318610787,149.0,154.42857142857142,8.583325077599888
7005287334,4897232218,15,0,0.0,0.0,0.0,0.0,0.0,0.0
442540240,30243367,30,30,44.80357142857143,71.66666666666667,13.743685418725535,418.0,420.6666666666667,0.7453559924999298
9803583625,30243370,45,0,0.0,0.0,0.0,0.0,0.0,0.0
9223593605,12953119985,20,0,0.0,0.0,0.0,0.0,0.0,0.0
8214234926,30237613,20,0,0.0,0.0,0.0,0.0,0.0,0.0
1311619340,12884439749,5,0,0.0,0.0,0.0,0.0,0.0,0.0
30247167,8235926364,20,0,0.0,0.0,0.0,0.0,0.0,0.0
12884439756,cluster_301572459_301572957_71643542,20,20,53.14285714285714,117.5,27.95084971874737,534.0,592.25,100.8919595408871
30237613,30237635,5,5,24.785714285714285,25.0,0.0,347.0,347.0,0.0
4897232219,30237867,25,0,0.0,0.0,0.0,0.0,0.0,0.0
4222882539,30247089,10,10,74.19642857142857,185.0,0.0,822.0,1451.0,54.0
5761245141,30247089,35,0,0.0,0.0,0.0,0.0,0.0,0.0
30243322,30247434,5,5,16.357142857142858,20.0,0.0,229.0,229.0,0.0
12884439748,6762205322,30,30,84.42857142857143,148.33333333333334,15.184055965240498,1161.0,1221.3333333333333,62.87200401521244
30237635,442540240,15,0,0.0,0.0,0.0,0.0,0.0,0.0
30237617,12953119988,30,30,61.535714285714285,95.0,11.902380714238083,770.0,771.0,1.4142135623730951
8097436674,12884439746,15,0,0.0,0.0,0.0,0.0,0.0,0.0
30237635,12884439756,15,0,0.0,0.0,0.0,0.0,0.0,0.0
8235449359,9803583625,5,0,0.0,0.0,0.0,0.0,0.0,0.0
8235449359,30237867,15,0,0.0,0.0,0.0,0.0,0.0,0.0
359104405,30237633,20,20,46.44642857142857,97.5,19.525624189766635,564.0,956.75,214.34128743664857
9223593605,30237634,35,0,0.0,0.0,0.0,0.0,0.0,0.0
4823547657,7806252248,10,0,0.0,0.0,0.0,0.0,0.0,0.0
442540240,30237615,20,20,84.5,141.25,51.76569810212164,889.0,889.0,0.0
6434214256,30237634,5,5,62.92857142857143,65.0,0.0,782.0,803.0,0.0
12884439749,6434214256,15,0,0.0,0.0,0.0,0.0,0.0,0.0
8235926364,4173395797,5,0,0.0,0.0,0.0,0.0,0.0,0.0
30243323,30247434,25,25,8.071428571428571,12.0,4.0,113.0,113.0,0.0
6762205322,cluster_301572399_301572961_71643538,25,0,0.0,0.0,0.0,0.0,0.0,0.0
8193762124,30237641,5,0,0.0,0.0,0.0,0.0,0.0,0.0
30237617,30247089,15,15,49.42857142857142,75.0,4.08248290463863,692.0,692.0,0.0
30247167,6434214256,10,0,0.0,0.0,0.0,0.0,0.0,0.0
cluster_30237612_6670690974,1311619488,15,15,53.5,73.33333333333333,4.714045207910316,749.0,749.0,0.0
30238029,30247432,30,30,59.19642857142857,121.66666666666667,21.73067468400883,537.0,537.0,0.0
8655000700,12884439757,5,0,0.0,0.0,0.0,0.0,0.0,0.0
359104407,8126691012,15,15,52.78571428571429,118.33333333333333,8.498365855987975,586.0,632.6666666666666,55.72751165766829
1311770053,12884439757,5,0,0.0,0.0,0.0,0.0,0.0,0.0
30247166,10896077231,25,0,0.0,0.0,0.0,0.0,0.0,0.0
30237635,8197554957,20,20,11.595238095238095,53.75,9.60143218483576,161.0,175.25,8.227241335952167
30237772,30243323,30,30,83.14285714285714,164.16666666666666,51.34983501001299,1159.0,1200.3333333333333,87.98042711623737
30247167,6762205335,5,0,0.0,0.0,0.0,0.0,0.0,0.0
5260292356,30247434,30,30,74.64285714285714,117.5,30.516389039334257,1045.0,1163.1666666666667,117.78994958069309
30237698,30237772,15,0,0.0,0.0,0.0,0.0,0.0,0.0
11370726443,30247434,30,0,0.0,0.0,0.0,0.0,0.0,0.0
cluster_301572306_301572951_71643537,6855299029,15,0,0.0,0.0,0.0,0.0,0.0,0.0
30237615,30237638,40,40,42.0,110.625,35.65787956398978,353.0,382.375,77.71894476252236
8126691012,30237639,5,0,0.0,0.0,0.0,0.0,0.0,0.0
6762205335,2989836095,30,0,0.0,0.0,0.0,0.0,0.0,0.0
6985826711,3213093362,20,0,0.0,0.0,0.0,0.0,0.0,0.0
4173395797,30243322,15,15,93.97619047619048,230.0,26.770630673681683,659.0,661.3333333333334,0.9428090415820634
5260601900,7005287334,5,0,0.0,0.0,0.0,0.0,0.0,0.0
8235449359,2989836087,25,0,0.0,0.0,0.0,0.0,0.0,0.0
6855299029,12884439746,10,0,0.0,0.0,0.0,0.0,0.0,0.0
30237634,cluster_301572399_301572961_71643538,25,25,98.5,174.0,23.53720459187964,1086.0,1137.4,100.31869217648324
8235449359,1311773884,15,0,0.0,0.0,0.0,0.0,0.0,0.0
2989836087,30237696,30,30,84.38690476190476,183.33333333333334,22.29848026709942,886.0,925.0,87.20665112249179
cluster_30237612_6670690974,5260292356,20,20,38.21428571428571,92.5,16.00781059358212,535.0,566.75,54.99261314031185
11861295890,9223593605,5,0,0.0,0.0,0.0,0.0,0.0,0.0
30237615,8197554957,10,10,20.380952380952383,62.5,2.5,284.0,303.0,0.0
30238025,8214234926,5,5,90.39285714285715,105.0,0.0,526.0,526.0,0.0
359104405,cluster_301572459_301572957_71643542,35,35,51.51785714285714,112.14285714285714,26.029810226126568,521.0,521.0,0.0
30247433,30237696,15,15,62.80357142857143,71.66666666666667,4.714045207910316,703.0,703.0,0.0
30237616,2989836095,25,0,0.0,0.0,0.0,0.0,0.0,0.0
5375631705,12953119988,10,10,89.78571428571428,142.5,12.5,771.0,887.0,116.0
30237613,8126691012,25,25,54.625,134.0,39.92492955535426,705.0,705.8,0.9797958971132713
30238029,5375631705,5,0,0.0,0.0,0.0,0.0,0.0,0.0
6762205322,8655000700,10,0,0.0,0.0,0.0,0.0,0.0,0.0
1812294093,11370726443,10,10,61.17857142857143,137.5,22.5,825.0,941.5,116.5
30238026,30247089,20,20,70.73214285714286,80.0,5.0,814.0,814.0,0.0
4897232219,12884439757,15,0,0.0,0.0,0.0,0.0,0.0,0.0
12884439756,6634825854,5,5,21.125000000000004,35.0,0.0,286.0,286.0,0.0
cluster_301572944_71643547_9803583623,1311773884,15,15,55.71428571428571,106.66666666666667,16.49915822768611,780.0,786.3333333333334,8.956685895029603
8214234926,6762205322,25,0,0.0,0.0,0.0,0.0,0.0,0.0
5260601900,30237697,15,15,52.392857142857146,90.0,10.801234497346433,645.0,645.0,0.0
12884439756,30237697,5,5,50.875,110.0,0.0,614.0,614.0,0.0
30238026,30237696,25,25,54.44642857142857,82.0,10.295630140987,586.0,586.0,0.0
30237697,8214234926,15,15,81.07142857142857,96.66666666666667,16.49915822768611,874.0,874.0,0.0
6874436644,555187275,5,0,0.0,0.0,0.0,0.0,0.0,0.0
8264714837,30247431,25,0,0.0,0.0,0.0,0.0,0.0,0.0
30237867,30237641,5,5,88.67857142857143,150.0,0.0,681.0,910.0,0.0
4897232219,30237613,30,0,0.0,0.0,0.0,0.0,0.0,0.0
30247431,555187275,10,10,81.26190476190476,147.5,22.5,779.0,1006.0,147.0
30237641,30237639,25,25,16.714285714285715,24.0,3.7416573867739413,234.0,234.0,0.0
8126691012,10896077231,5,0,0.0,0.0,0.0,0.0,0.0,0.0
2989836087,12884439757,10,0,0.0,0.0,0.0,0.0,0.0,0.0
30247431,442540270,35,35,52.0,208.57142857142858,29.119738729485015,728.0,733.4285714285714,8.583325077599888
359104407,8264714837,15,15,58.732142857142854,235.0,10.801234497346433,727.0,1300.6666666666667,0.9428090415820634
6762205324,6985826711,5,0,0.0,0.0,0.0,0.0,0.0,0.0
30237616,30247434,15,15,58.5,151.66666666666666,2.3570226039551585,817.0,819.0,0.0
442540270,2989836095,15,0,0.0,0.0,0.0,0.0,0.0,0.0
30237637,1812294093,25,25,28.5,102.0,12.083045973594572,228.0,228.0,0.0
30238029,359104407,15,15,93.83928571428571,136.66666666666666,4.714045207910316,1022.0,1022.0,0.0
30237613,30247434,30,30,83.0,154.16666666666666,29.639032072964564,1157.0,1159.1666666666667,2.266911751455907
1812294093,8210106342,30,0,0.0,0.0,0.0,0.0,0.0,0.0
30237867,2989836087,10,0,0.0,0.0,0.0,0.0,0.0,0.0
12884439749,30237641,20,20,88.48214285714286,193.75,19.803724397193573,1024.0,1193.75,60.75925855373813
6634825854,1311770053,5,0,0.0,0.0,0.0,0.0,0.0,0.0
1311619368,11370726443,15,0,0.0,0.0,0.0,0.0,0.0,0.0
30237616,30237641,15,15,58.642857142857146,138.33333333333334,8.498365855987974,590.0,820.3333333333334,0.9428090415820634
2989836095,442540270,10,0,0.0,0.0,0.0,0.0,0.0,0.0
4897232219,8097436674,60,0,0.0,0.0,0.0,0.0,0.0,0.0
8210106342,4897232218,15,0,0.0,0.0,0.0,0.0,0.0,0.0
12884439757,6634825854,15,15,20.35714285714286,41.666666666666664,2.357022603955158,285.0,285.0,0.0
30247166,9223593605,30,30,39.94047619047619,95.0,17.07825127659933,473.0,473.0,0.0
1311773884,8197554957,25,25,0.16666666666666666,15.0,7.0710678118654755,1.0,1.0,0.0
442540270,10896077231,5,0,0.0,0.0,0.0,0.0,0.0,0.0
12884439756,30237638,10,10,28.053571428571427,117.5,2.5,383.0,383.0,0.0
30243322,12953119988,5,5,88.875,130.0,0.0,1071.0,1305.0,0.0
12884439746,30237698,35,35,45.96428571428571,163.57142857142858,63.34228364970104,555.0,895.0,295.94352743145345
30237635,8264714837,20,20,51.49999999999999,67.5,9.013878188659973,643.0,643.0,0.0
30237867,30237635,15,15,41.714285714285715,53.333333333333336,4.714045207910317,563.0,584.0,0.0
30243368,30243322,5,5,53.761904761904766,80.0,0.0,309.0,309.0,0.0
2989836087,cluster_301572460_301572949_71643543,15,15,34.33333333333333,55.0,21.602468994692867,273.0,273.0,0.0
30237613,30243367,5,5,66.42857142857143,110.0,0.0,925.0,925.0,0.0
30238026,442540270,10,10,72.08928571428571,112.5,7.5,833.0,852.0,0.0
30237617,30237772,20,20,41.142857142857146,62.5,5.5901699437494745,576.0,576.0,0.0
6762205335,30238029,5,0,0.0,0.0,0.0,0.0,0.0,0.0
10896077231,8197554957,40,40,105.18452380952381,231.875,40.22883760438524,1178.0,1207.25,77.38822584863928
30237617,30238027,15,15,59.160714285714285,110.0,35.59026084010437,574.0,651.6666666666666,109.83725334431037
12884439746,30237697,70,70,37.39285714285714,132.14285714285714,46.93134368850058,435.0,826.0714285714286,266.8435775842454
cluster_301572459_301572957_71643542,12953119985,25,25,85.0,117.0,9.273618495495704,926.0,926.0,0.0
6762205324,30237640,5,0,0.0,0.0,0.0,0.0,0.0,0.0
9803583625,11370726443,35,0,0.0,0.0,0.0,0.0,0.0,0.0
30238027,9223593605,15,15,86.88690476190476,120.0,8.16496580927726,900.0,900.0,0.0
6762205322,30237616,35,0,0.0,0.0,0.0,0.0,0.0,0.0
30247167,442540300,25,25,102.96428571428572,144.0,17.72004514666935,855.0,991.8,111.69673227091292
8214234926,442540270,20,0,0.0,0.0,0.0,0.0,0.0,0.0
8655000700,8235926364,5,0,0.0,0.0,0.0,0.0,0.0,0.0
6762205335,30238027,35,35,59.642857142857146,102.85714285714286,32.82607226593159,604.0,759.1428571428571,245.30239563877572
9803583625,30247431,5,0,0.0,0.0,0.0,0.0,0.0,0.0
30237616,30247166,10,10,25.071428571428573,47.5,7.5,116.0,116.0,0.0
30237639,12884439746,20,0,0.0,0.0,0.0,0.0,0.0,0.0
12953119985,5375631705,5,0,0.0,0.0,0.0,0.0,0.0,0.0
5375631705,12944467681,30,0,0.0,0.0,0.0,0.0,0.0,0.0
30237639,cluster_301572460_301572949_71643543,15,15,48.0,61.666666666666664,8.498365855987974,384.0,384.0,0.0
9803583625,30237698,15,0,0.0,0.0,0.0,0.0,0.0,0.0
cluster_301572459_301572957_71643542,30247431,25,25,93.75,217.0,10.295630140987,1135.0,1183.0,93.00322575050825
6874436644,7806252248,30,0,0.0,0.0,0.0,0.0,0.0,0.0
30237617,7005287334,15,0,0.0,0.0,0.0,0.0,0.0,0.0
555187275,30237614,35,0,0.0,0.0,0.0,0.0,0.0,0.0
1311619488,cluster_301572459_301572957_71643542,15,15,51.44642857142857,96.66666666666667,6.236095644623236,520.0,520.0,0.0
11370726443,12953119988,30,0,0.0,0.0,0.0,0.0,0.0,0.0
30237615,30243323,5,5,58.92857142857143,65.0,0.0,823.0,825.0,0.0
1311770053,30238025,40,40,52.0,127.5,15.20690632574555,416.0,416.0,0.0
8214234926,30237616,15,0,0.0,0.0,0.0,0.0,0.0,0.0
6855299029,30237640,10,10,44.714285714285715,67.5,17.5,626.0,627.0,1.0
30247434,2989836095,25,0,0.0,0.0,0.0,0.0,0.0,0.0
8210106342,30243367,15,15,65.03571428571428,73.33333333333333,4.714045207910316,735.0,735.0,0.0
11370726443,8097436674,25,0,0.0,0.0,0.0,0.0,0.0,0.0
30247167,4897232219,5,0,0.0,0.0,0.0,0.0,0.0,0.0
1311619340,10896077231,10,0,0.0,0.0,0.0,0.0,0.0,0.0
4897232218,30237613,10,10,74.0,107.5,2.5,820.0,820.0,0.0
30237634,8235926364,25,0,0.0,0.0,0.0,0.0,0.0,0.0
12953119985,8193762124,10,0,0.0,0.0,0.0,0.0,0.0,0.0
6434214256,30247434,10,10,96.17857142857143,100.0,0.0,1015.0,1015.0,0.0
30237640,1812294093,25,25,63.214285714285715,82.0,12.083045973594572,714.0,714.0,0.0
30247433,2989836095,10,0,0.0,0.0,0.0,0.0,0.0,0.0
8193762124,8210106342,25,0,0.0,0.0,0.0,0.0,0.0,0.0
5761245141,30243322,5,0,0.0,0.0,0.0,0.0,0.0,0.0
6762205335,30247167,5,5,94.625,210.0,0.0,1147.0,1926.0,0.0
359104405,8655000700,35,35,27.42857142857143,52.142857142857146,6.998542122237652,384.0,384.0,0.0
6985826711,6762205324,20,0,0.0,0.0,0.0,0.0,0.0,0.0
30247089,6762205322,30,0,0.0,0.0,0.0,0.0,0.0,0.0
30237641,1311773884,5,5,53.5,80.0,0.0,749.0,749.0,0.0
6634825854,30243322,5,0,0.0,0.0,0.0,0.0,0.0,0.0
cluster_301572459_301572957_71643542,2989836087,30,0,0.0,0.0,0.0,0.0,0.0,0.0
30237633,12884439746,20,0,0.0,0.0,0.0,0.0,0.0,0.0
7005287334,30243322,15,15,86.58333333333333,130.0,32.65986323710904,749.0,755.0,0.0
1311619368,8224714481,5,0,0.0,0.0,0.0,0.0,0.0,0.0
30238029,7005287334,35,0,0.0,0.0,0.0,0.0,0.0,0.0
12884439746,12884439746,35,0,0.0,0.0,0.0,0.0,0.0,0.0
442540240,8214234926,30,30,65.66071428571428,147.5,33.75771516754849,710.0,789.6666666666666,175.01111075839984
8126691012,cluster_301572459_301572957_71643542,10,0,0.0,0.0,0.0,0.0,0.0,0.0
30238027,30243323,30,30,25.857142857142858,56.666666666666664,12.133516482134198,307.0,308.0,0.0
6762205322,cluster_301572459_301572957_71643542,5,0,0.0,0.0,0.0,0.0,0.0,0.0
2989836087,30237614,15,15,108.5297619047619,180.0,8.16496580927726,1224.0,1302.0,110.30865786510141
cluster_301572944_71643547_9803583623,12884439749,35,0,0.0,0.0,0.0,0.0,0.0,0.0
12884439756,12953119985,10,10,56.44642857142857,105.0,5.0,692.0,692.0,0.0
30243323,30238025,25,25,73.23214285714286,100.0,17.320508075688775,654.0,654.0,0.0
30247167,30237633,5,5,102.30357142857143,105.0,0.0,941.0,1169.0,0.0
11370726443,cluster_301572944_71643547_9803583623,5,0,0.0,0.0,0.0,0.0,0.0,0.0
30237635,4222882539,35,0,0.0,0.0,0.0,0.0,0.0,0.0
30243366,6762205335,20,0,0.0,0.0,0.0,0.0,0.0,0.0
30237641,3236553576,25,0,0.0,0.0,0.0,0.0,0.0,0.0
30237697,30237772,5,5,38.75,55.0,0.0,457.0,457.0,0.0
30237614,30237616,40,40,16.57142857142857,33.125,9.333240326917549,232.0,232.0,0.0
7005287334,6762205322,10,10,59.89285714285714,95.0,5.0,505.0,505.0,0.0
30247431,2989836087,30,0,0.0,0.0,0.0,0.0,0.0,0.0
30237617,30237615,20,20,33.214285714285715,60.0,14.577379737113251,465.0,465.0,0.0
5761245141,5761245141,5,0,0.0,0.0,0.0,0.0,0.0,0.0
8126691012,30238026,25,0,0.0,0.0,0.0,0.0,0.0,0.0
30247166,2989836087,35,0,0.0,0.0,0.0,0.0,0.0,0.0
30237616,30243322,15,15,90.47619047619048,130.0,35.59026084010437,592.0,822.3333333333334,0.9428090415820634
30237641,442540300,5,5,58.875,140.0,0.0,729.0,729.0,0.0
1311773884,11861295890,40,0,0.0,0.0,0.0,0.0,0.0,0.0
7005287334,6762205335,20,0,0.0,0.0,0.0,0.0,0.0,0.0
cluster_301572944_71643547_9803583623,30238025,15,15,41.80357142857143,66.66666666666667,23.921166824012207,494.0,497.3333333333333,2.357022603955158
12884439746,30237637,5,5,16.625,30.0,0.0,139.0,139.0,0.0
30237617,8173291489,5,5,45.33333333333333,150.0,0.0,616.0,616.0,0.0
30243322,30243322,25,15,0.0,123.33333333333333,10.274023338281628,0.0,490.8,349.29723732088115
12884439749,7005287334,15,0,0.0,0.0,0.0,0.0,0.0,0.0
1362899971,4823547657,15,15,64.14285714285714,138.33333333333334,6.236095644623235,742.0,1114.3333333333333,52.797306328595546
8197554957,442540240,15,0,0.0,0.0,0.0,0.0,0.0,0.0
9042478734,30237614,5,0,0.0,0.0,0.0,0.0,0.0,0.0
1311773884,cluster_301572460_301572949_71643543,35,35,71.39285714285714,127.85714285714286,19.61361459677997,882.0,949.1428571428571,164.46573987258483
8655000700,30247432,10,0,0.0,0.0,0.0,0.0,0.0,0.0
1311619488,cluster_301572306_301572951_71643537,5,5,54.64285714285714,60.0,0.0,756.0,765.0,0.0
cluster_301572459_301572957_71643542,6434214256,20,0,0.0,0.0,0.0,0.0,0.0,0.0
30237613,30237697,10,10,30.82142857142857,37.5,2.5,343.0,343.0,0.0
30238027,12953119985,30,30,83.76785714285714,121.66666666666667,27.938424357067017,854.0,854.0,0.0
6762205324,359104405,20,0,0.0,0.0,0.0,0.0,0.0,0.0
30237615,cluster_301572944_71643547_9803583623,30,30,67.08928571428572,145.0,49.07477288111819,737.0,1045.6666666666667,342.64931862701195
7005287334,30237633,25,25,62.67857142857143,86.0,14.966629547095765,864.0,864.0,0.0
30237616,30247432,15,15,16.714285714285715,23.333333333333332,4.714045207910316,234.0,234.0,0.0
30243323,3236553576,35,0,0.0,0.0,0.0,0.0,0.0,0.0
12953119988,30247433,15,0,0.0,0.0,0.0,0.0,0.0,0.0
30237637,442540300,30,30,16.017857142857142,50.833333333333336,22.80655363900668,129.0,129.0,0.0
9042478734,cluster_301572459_301572957_71643542,5,0,0.0,0.0,0.0,0.0,0.0,0.0
30238029,8655000700,15,15,101.83928571428571,145.0,18.708286933869708,1134.0,1134.0,0.0
3213093362,cluster_301572944_71643547_9803583623,25,0,0.0,0.0,0.0,0.0,0.0,0.0
12884439757,cluster_301572459_301572957_71643542,15,15,52.37499999999999,106.66666666666667,28.963578661637946,533.0,610.6666666666666,109.83725334431037
9803583625,9223593605,5,0,0.0,0.0,0.0,0.0,0.0,0.0
8264714837,6762205322,30,0,0.0,0.0,0.0,0.0,0.0,0.0
1311619368,30237616,5,0,0.0,0.0,0.0,0.0,0.0,0.0
8097436674,9803583625,20,0,0.0,0.0,0.0,0.0,0.0,0.0
9803583625,30247434,5,0,0.0,0.0,0.0,0.0,0.0,0.0
30237640,30237697,30,30,39.82142857142857,62.5,9.464847243000456,469.0,469.0,0.0
30247431,30237638,10,10,26.285714285714285,30.0,0.0,368.0,368.0,0.0
1311773884,5260601900,10,10,51.07142857142857,60.0,0.0,715.0,715.0,0.0
30237637,30243367,15,15,54.142857142857146,66.66666666666667,9.428090415820634,756.0,757.3333333333334,0.9428090415820634
6985826711,5260292356,15,0,0.0,0.0,0.0,0.0,0.0,0.0
9223593605,8235926364,35,0,0.0,0.0,0.0,0.0,0.0,0.0
30238029,30237639,20,20,75.32142857142857,101.25,31.299960063872287,654.0,847.75,335.58484396647
30247434,30237615,5,0,0.0,0.0,0.0,0.0,0.0,0.0
4897232218,30237635,40,40,66.5,188.75,39.98046397929869,715.0,1360.75,181.747592831377
11370726443,2989836095,10,0,0.0,0.0,0.0,0.0,0.0,0.0
12884439757,8097436674,25,25,55.99999999999999,86.0,10.198039027185569,784.0,784.0,0.0
30247089,30237696,15,0,0.0,0.0,0.0,0.0,0.0,0.0
8655000700,12884439749,5,0,0.0,0.0,0.0,0.0,0.0,0.0
442540240,6985826711,30,30,93.01785714285714,159.16666666666666,28.34558558615825,717.0,797.3333333333334,0.74535599249993
5260292356,8264714837,30,30,46.64285714285714,102.5,10.70436048222094,653.0,1175.6666666666667,102.77267254587778
cluster_301572459_301572957_71643542,4897232218,5,0,0.0,0.0,0.0,0.0,0.0,0.0
8655000700,8264714837,40,0,0.0,0.0,0.0,0.0,0.0,0.0
9803583625,4897232219,25,0,0.0,0.0,0.0,0.0,0.0,0.0
8126691012,3236553576,10,0,0.0,0.0,0.0,0.0,0.0,0.0
12884439748,30237772,30,30,30.357142857142854,74.16666666666667,24.395468613840745,425.0,722.0,299.1738624947039
11370726443,30247433,5,0,0.0,0.0,0.0,0.0,0.0,0.0
cluster_301572399_301572961_71643538,30247433,30,30,62.94642857142857,122.5,38.595120589698034,618.0,928.1666666666666,398.0889417649724
30237697,8655000700,25,25,48.535714285714285,82.0,8.717797887081348,594.0,594.0,0.0
8235926364,1311619488,25,0,0.0,0.0,0.0,0.0,0.0,0.0
30237615,30237635,20,20,8.785714285714286,10.0,0.0,123.0,123.0,0.0
30237633,30247433,10,0,0.0,0.0,0.0,0.0,0.0,0.0
6985826711,30247431,35,0,0.0,0.0,0.0,0.0,0.0,0.0
2989836095,3213093362,15,0,0.0,0.0,0.0,0.0,0.0,0.0
30247434,30237613,20,0,0.0,0.0,0.0,0.0,0.0,0.0
1812294093,30238027,5,5,65.625,70.0,0.0,633.0,633.0,0.0
442540270,30237697,10,10,36.39285714285714,70.0,30.0,421.0,708.5,287.5
6434214256,30237633,5,5,33.35714285714286,35.0,0.0,467.0,467.0,0.0
12953119985,cluster_301572460_301572949_71643543,30,0,0.0,0.0,0.0,0.0,0.0,0.0
5761245141,cluster_30237612_6670690974,10,0,0.0,0.0,0.0,0.0,0.0,0.0
6762205322,2989836087,20,0,0.0,0.0,0.0,0.0,0.0,0.0
30237633,1812294093,5,0,0.0,0.0,0.0,0.0,0.0,0.0
30238029,8197554957,30,30,104.50595238095238,235.0,20.0,1170.0,1228.0,87.20665112249179
8214234926,9223593605,25,0,0.0,0.0,0.0,0.0,0.0,0.0
8193762124,12884439757,20,0,0.0,0.0,0.0,0.0,0.0,0.0
12944467681,359104405,30,0,0.0,0.0,0.0,0.0,0.0,0.0
3236553576,30237772,10,10,118.0952380952381,275.0,100.0,1077.0,1783.0,706.0
8210106342,12953119988,40,40,29.57142857142857,46.875,15.194057226429022,330.0,330.0,0.0
30237615,12884439746,30,0,0.0,0.0,0.0,0.0,0.0,0.0
4222882539,cluster_301572399_301572961_71643538,15,15,129.41071428571428,298.3333333333333,91.86342519680446,1307.0,1642.3333333333333,245.67232015204496
5761245141,8655000700,5,0,0.0,0.0,0.0,0.0,0.0,0.0
30237614,8235926364,20,0,0.0,0.0,0.0,0.0,0.0,0.0
12953119988,30243366,5,0,0.0,0.0,0.0,0.0,0.0,0.0
30247432,30237638,35,35,16.785714285714285,33.57142857142857,9.529760045804524,235.0,235.0,0.0
8235449359,7806252248,15,0,0.0,0.0,0.0,0.0,0.0,0.0
2989836095,30237613,15,0,0.0,0.0,0.0,0.0,0.0,0.0
5761245141,30243323,5,0,0.0,0.0,0.0,0.0,0.0,0.0
1311619340,30243368,25,25,98.42857142857143,217.0,59.464274989274024,1087.0,1724.2,492.9419438432887
12884439756,12944467681,15,0,0.0,0.0,0.0,0.0,0.0,0.0
30238025,12953119988,10,10,34.07142857142857,35.0,0.0,303.0,303.0,0.0
30238026,30237697,15,15,69.19642857142857,148.33333333333334,63.28945848682508,704.0,1454.3333333333333,633.2994727790497
12944467681,1311773884,40,0,0.0,0.0,0.0,0.0,0.0,0.0
6762205335,6985826711,10,10,22.5,40.0,10.0,84.0,84.0,0.0
6762205335,30237698,30,30,85.30357142857143,155.83333333333334,48.512598592759616,1021.0,1318.6666666666667,391.50890439710594
30237615,8097436674,20,20,59.857142857142854,76.25,9.60143218483576,755.0,760.0,0.0
30243366,30237633,15,15,66.71428571428571,86.66666666666667,16.996731711975947,934.0,934.3333333333334,0.4714045207910317
cluster_301572399_301572961_71643538,5260292356,5,5,74.07142857142857,125.0,0.0,1037.0,1039.0,0.0
8264714837,30237772,35,0,0.0,0.0,0.0,0.0,0.0,0.0
4897232219,30243370,10,0,0.0,0.0,0.0,0.0,0.0,0.0
30238029,11861295890,35,0,0.0,0.0,0.0,0.0,0.0,0.0
11370726443,8235926364,10,0,0.0,0.0,0.0,0.0,0.0,0.0
30237615,30238027,20,20,76.08928571428572,140.0,40.773766075750224,809.0,1044.75,233.75668439640395
30247432,30237615,35,35,24.928571428571427,61.42857142857143,5.802884574739973,349.0,349.0,0.0
6855299029,8235449359,15,15,5.095238095238096,15.0,4.08248290463863,70.0,70.0,0.0
30243368,8126691012,35,35,93.83928571428571,147.14285714285714,30.338229402279,1254.0,1411.142857142857,245.30239563877575
30237635,5375631705,15,0,0.0,0.0,0.0,0.0,0.0,0.0
8210106342,30243368,5,5,101.53571428571428,115.0,0.0,955.0,1205.0,0.0
30237772,12944467681,15,0,0.0,0.0,0.0,0.0,0.0,0.0
1311619340,12884439748,15,15,0.6428571428571429,6.666666666666667,2.357022603955158,9.0,9.0,0.0
9223593605,cluster_301572460_301572949_71643543,35,0,0.0,0.0,0.0,0.0,0.0,0.0
11861295890,7005287334,30,0,0.0,0.0,0.0,0.0,0.0,0.0
3213093362,9803583625,5,0,0.0,0.0,0.0,0.0,0.0,0.0
4897232219,8210106342,25,0,0.0,0.0,0.0,0.0,0.0,0.0
1311770053,12884439746,5,0,0.0,0.0,0.0,0.0,0.0,0.0
cluster_301572459_301572957_71643542,4222882539,10,0,0.0,0.0,0.0,0.0,0.0,0.0
30238026,10896077231,25,0,0.0,0.0,0.0,0.0,0.0,0.0
1311619368,7005287334,5,0,0.0,0.0,0.0,0.0,0.0,0.0
cluster_301572306_301572951_71643537,4897232219,10,0,0.0,0.0,0.0,0.0,0.0,0.0
8655000700,11861295890,15,0,0.0,0.0,0.0,0.0,0.0,0.0
4173395797,1812294093,30,30,123.19642857142857,267.5,45.16174634946409,1256.0,1333.3333333333333,109.37194440176249
2989836095,30247434,20,0,0.0,0.0,0.0,0.0,0.0,0.0
6762205322,8126691012,30,0,0.0,0.0,0.0,0.0,0.0,0.0
30237639,30238025,35,35,51.98214285714286,115.71428571428571,86.53771149160394,238.0,735.0,944.0727877507267
12884439746,30247431,10,10,28.142857142857142,52.5,2.5,394.0,394.0,0.0
30247431,5260601900,35,35,66.57142857142858,102.14285714285714,14.356965173029844,932.0,932.0,0.0
8193762124,4173395797,5,0,0.0,0.0,0.0,0.0,0.0,0.0
30238026,30237617,15,15,71.44642857142857,178.33333333333334,142.61447643520935,824.0,1601.6666666666667,941.8444080042568
7005287334,30237634,5,5,60.107142857142854,80.0,0.0,750.0,750.0,0.0
30238029,cluster_301572459_301572957_71643542,25,25,19.375,70.0,7.0710678118654755,155.0,155.0,0.0
6762205324,1311619340,15,0,0.0,0.0,0.0,0.0,0.0,0.0
30237697,cluster_301572306_301572951_71643537,15,15,80.07142857142857,96.66666666666667,2.357022603955158,851.0,860.0,0.0
12884439748,3236553576,35,0,0.0,0.0,0.0,0.0,0.0,0.0
8173291489,cluster_301572460_301572949_71643543,10,0,0.0,0.0,0.0,0.0,0.0,0.0
30237698,6985826711,20,0,0.0,0.0,0.0,0.0,0.0,0.0
4222882539,30247433,15,15,81.41071428571429,218.33333333333334,36.81787005729087,923.0,1316.6666666666667,359.4517430136562
30237641,30238029,5,0,0.0,0.0,0.0,0.0,0.0,0.0
8097436674,1812294093,40,0,0.0,0.0,0.0,0.0,0.0,0.0
1362899971,4897232219,10,0,0.0,0.0,0.0,0.0,0.0,0.0
30247166,30243368,35,35,103.5,154.28571428571428,29.450754468697575,689.0,868.4285714285714,111.58322600879853
30247432,30237616,15,15,33.42857142857143,125.0,4.08248290463863,468.0,468.0,0.0
1311619340,5375631705,30,0,0.0,0.0,0.0,0.0,0.0,0.0
30237638,12884439749,5,0,0.0,0.0,0.0,0.0,0.0,0.0
359104407,30237615,25,25,37.58928571428571,127.0,52.21110992882645,431.0,667.0,220.93709511985531
8097436674,30237698,5,0,0.0,0.0,0.0,0.0,0.0,0.0
12884439748,6874436644,35,35,84.23214285714286,235.0,103.50983390135313,949.0,1812.2857142857142,834.7994993300082
30237635,30237615,20,20,30.357142857142858,48.75,7.39509972887452,347.0,347.0,0.0
30237639,8173291489,5,5,28.69047619047619,65.0,0.0,383.0,383.0,0.0
2989836087,1311619488,5,5,113.38690476190476,225.0,0.0,1292.0,1292.0,0.0
9803583625,cluster_301572460_301572949_71643543,10,0,0.0,0.0,0.0,0.0,0.0,0.0
442540270,30237634,5,5,4.785714285714286,10.0,0.0,67.0,67.0,0.0
30237641,12953119985,20,20,53.53571428571428,92.5,37.66629793329841,661.0,897.0,236.0
12953119988,8126691012,5,0,0.0,0.0,0.0,0.0,0.0,0.0
12953119985,4897232218,15,0,0.0,0.0,0.0,0.0,0.0,0.0
30238026,6762205324,10,10,29.357142857142858,35.0,0.0,411.0,411.0,0.0
30243370,30237637,5,5,74.5,105.0,0.0,1043.0,1043.0,0.0
1362899971,cluster_301572306_301572951_71643537,30,30,73.92857142857143,198.33333333333334,44.22166387140533,1026.0,1732.0,612.9562246468612
6985826711,4823547657,15,0,0.0,0.0,0.0,0.0,0.0,0.0
9042478734,12953119988,30,0,0.0,0.0,0.0,0.0,0.0,0.0
30237697,6874436644,15,15,81.875,93.33333333333333,8.498365855987975,655.0,655.0,0.0
12953119985,30243368,30,0,0.0,0.0,0.0,0.0,0.0,0.0
30243366,3236553576,5,0,0.0,0.0,0.0,0.0,0.0,0.0
cluster_30237612_6670690974,1311773884,40,40,44.78571428571428,113.75,25.708704751503916,627.0,634.125,9.198335447242615
cluster_301572944_71643547_9803583623,30243322,5,5,84.33333333333333,95.0,0.0,731.0,737.0,0.0
30237615,4897232219,35,0,0.0,0.0,0.0,0.0,0.0,0.0
359104405,6434214256,10,0,0.0,0.0,0.0,0.0,0.0,0.0
30237867,6762205324,15,15,92.96428571428571,125.0,8.16496580927726,961.0,970.0,0.0
30237867,30247432,5,5,58.142857142857146,125.0,0.0,793.0,1266.0,0.0
30243323,6762205324,30,30,12.5,26.666666666666668,5.527707983925667,175.0,175.0,0.0
8235926364,30237615,25,0,0.0,0.0,0.0,0.0,0.0,0.0
7005287334,6762205324,20,20,59.035714285714285,97.5,13.46291201783626,505.0,505.0,0.0
9803583625,30247167,10,0,0.0,0.0,0.0,0.0,0.0,0.0
30237697,30237639,10,10,14.25,15.0,0.0,114.0,114.0,0.0
442540240,442540240,10,0,0.0,0.0,0.0,0.0,0.0,0.0
30237638,30237772,35,35,16.07142857142857,45.0,23.603873774083294,225.0,427.2857142857143,233.57942319214573
12944467681,5260601900,25,0,0.0,0.0,0.0,0.0,0.0,0.0
30237634,3213093362,30,30,29.857142857142854,90.83333333333333,5.335936864527374,418.0,418.0,0.0
5761245141,3236553576,15,0,0.0,0.0,0.0,0.0,0.0,0.0
30243322,30237633,25,25,119.87499999999997,155.0,24.899799195977465,1589.0,1589.4,0.4898979485566356
30247089,442540270,20,0,0.0,0.0,0.0,0.0,0.0,0.0
7806252248,6985826711,25,20,87.07142857142857,163.75,15.155444566227676,842.0,1285.7714285714287,650.1023065484322
8224714481,6762205324,5,5,91.97619047619048,100.0,0.0,518.0,518.0,0.0
30237633,30243370,25,0,0.0,0.0,0.0,0.0,0.0,0.0
12884439757,11861295890,10,0,0.0,0.0,0.0,0.0,0.0,0.0
30237772,30247089,40,40,8.285714285714286,23.75,9.60143218483576,116.0,116.0,0.0
12944467681,12884439756,5,0,0.0,0.0,0.0,0.0,0.0,0.0
8193762124,30237617,25,0,0.0,0.0,0.0,0.0,0.0,0.0
30247089,4897232218,20,0,0.0,0.0,0.0,0.0,0.0,0.0
12944467681,30243367,25,0,0.0,0.0,0.0,0.0,0.0,0.0
6855299029,30243322,5,5,68.40476190476191,70.0,0.0,514.0,514.0,0.0
30247434,30243322,20,0,0.0,0.0,0.0,0.0,0.0,0.0
4173395797,8655000700,15,15,102.83928571428571,158.33333333333334,16.49915822768611,1142.0,1142.0,0.0
cluster_301572460_301572949_71643543,12884439746,30,0,0.0,0.0,0.0,0.0,0.0,0.0
